seed,nside,scenario,level,method,A_add,A_mult,dA_add,dA_mult,bias_contaminated,bias_recovered,improvement
0,32,additive,low,OLS,0.0349212,0,0.0106806,0,0.357599,0.134284,2.66301
0,32,additive,low,ISD-1,0.0349212,0,0.0295669,0,0.357599,0.107632,3.32241
0,32,additive,low,ISD-3,0.0349212,0,0.0288364,0,0.357599,0.129198,2.76783
0,32,additive,low,ElasticNet,0.0349212,0,0.01084,0,0.357599,0.145285,2.46136
0,32,additive,low,MCMC-add,0.0349212,0,0.010697,0,0.357599,0.12233,2.92323
0,32,additive,low,MCMC-comb,0.0349212,0,0.0107475,0.162962,0.357599,0.784427,0.455873
0,32,multiplicative,low,OLS,0,0.0381863,0.00768066,0.0381863,0.121866,0.161884,0.752798
0,32,multiplicative,low,ISD-1,0,0.0381863,0,0.0381863,0.121866,0.121866,1
0,32,multiplicative,low,ISD-3,0,0.0381863,0,0.0381863,0.121866,0.121866,1
0,32,multiplicative,low,ElasticNet,0,0.0381863,0,0.0381863,0.121866,0.121866,1
0,32,multiplicative,low,MCMC-add,0,0.0381863,0.00766659,0.0381863,0.121866,0.101597,1.1995
0,32,multiplicative,low,MCMC-comb,0,0.0381863,0.00787214,0.149799,0.121866,0.802074,0.151938
0,32,combined,low,OLS,0.0349212,0.0381863,0.0108205,0.0381863,0.296374,0.172821,1.71492
0,32,combined,low,ISD-1,0.0349212,0.0381863,0.0295773,0.0381863,0.296374,0.0990786,2.99131
0,32,combined,low,ISD-3,0.0349212,0.0381863,0.0288736,0.0381863,0.296374,0.178747,1.65806
0,32,combined,low,ElasticNet,0.0349212,0.0381863,0.0109807,0.0381863,0.296374,0.172974,1.71341
0,32,combined,low,MCMC-add,0.0349212,0.0381863,0.0108369,0.0381863,0.296374,0.191661,1.54635
0,32,combined,low,MCMC-comb,0.0349212,0.0381863,0.0104336,0.156117,0.296374,0.728148,0.407025
0,32,additive,medium,OLS,0.0873031,0,0.0370469,0,2.25334,0.115002,19.5939
0,32,additive,medium,ISD-1,0.0873031,0,0.05374,0,2.25334,0.238367,9.45325
0,32,additive,medium,ISD-3,0.0873031,0,0.0538599,0,2.25334,0.110634,20.3675
0,32,additive,medium,ElasticNet,0.0873031,0,0.0374332,0,2.25334,0.107238,21.0125
0,32,additive,medium,MCMC-add,0.0873031,0,0.0370629,0,2.25334,0.192098,11.7302
0,32,additive,medium,MCMC-comb,0.0873031,0,0.0369739,0.177313,2.25334,0.679025,3.31849
0,32,multiplicative,medium,OLS,0,0.0954657,0.00748039,0.0954657,0.181268,0.187261,0.967997
0,32,multiplicative,medium,ISD-1,0,0.0954657,0,0.0954657,0.181268,0.181268,1
0,32,multiplicative,medium,ISD-3,0,0.0954657,0,0.0954657,0.181268,0.181268,1
0,32,multiplicative,medium,ElasticNet,0,0.0954657,0,0.0954657,0.181268,0.181268,1
0,32,multiplicative,medium,MCMC-add,0,0.0954657,0.00746691,0.0954657,0.181268,0.153203,1.18318
0,32,multiplicative,medium,MCMC-comb,0,0.0954657,0.00763288,0.125824,0.181268,0.649416,0.279124
0,32,combined,medium,OLS,0.0873031,0.0954657,0.0373977,0.0954657,2.15342,0.198888,10.8273
0,32,combined,medium,ISD-1,0.0873031,0.0954657,0.0534622,0.0954657,2.15342,0.144592,14.8931
0,32,combined,medium,ISD-3,0.0873031,0.0954657,0.0554062,0.0954657,2.15342,0.13795,15.6102
0,32,combined,medium,ElasticNet,0.0873031,0.0954657,0.0377859,0.0954657,2.15342,0.20868,10.3192
0,32,combined,medium,MCMC-add,0.0873031,0.0954657,0.0374136,0.0954657,2.15342,0.358195,6.01186
0,32,combined,medium,MCMC-comb,0.0873031,0.0954657,0.0362085,0.149024,2.15342,0.524441,4.10612
0,32,additive,high,OLS,0.174606,0,0.0806314,0,8.95504,0.266409,33.6139
0,32,additive,high,ISD-1,0.174606,0,0.106821,0,8.95504,1.34677,6.64926
0,32,additive,high,ISD-3,0.174606,0,0.102608,0,8.95504,0.963603,9.29328
0,32,additive,high,ElasticNet,0.174606,0,0.081394,0,8.95504,0.261098,34.2975
0,32,additive,high,MCMC-add,0.174606,0,0.0806471,0,8.95504,0.329455,27.1813
0,32,additive,high,MCMC-comb,0.174606,0,0.0806259,0.20542,8.95504,0.780803,11.469
0,32,multiplicative,high,OLS,0,0.190931,0.00717843,0.190931,0.213528,0.237064,0.900719
0,32,multiplicative,high,ISD-1,0,0.190931,0,0.190931,0.213528,0.213528,1
0,32,multiplicative,high,ISD-3,0,0.190931,0.00434279,0.190931,0.213528,0.255306,0.836361
0,32,multiplicative,high,ElasticNet,0,0.190931,0,0.190931,0.213528,0.213528,1
0,32,multiplicative,high,MCMC-add,0,0.190931,0.00716594,0.190931,0.213528,0.208399,1.02461
0,32,multiplicative,high,MCMC-comb,0,0.190931,0.00820595,0.0928602,0.213528,0.336398,0.634748
0,32,combined,high,OLS,0.174606,0.190931,0.0812752,0.190931,8.86626,0.232223,38.18
0,32,combined,high,ISD-1,0.174606,0.190931,0.102515,0.190931,8.86626,1.36561,6.49253
0,32,combined,high,ISD-3,0.174606,0.190931,0.10814,0.190931,8.86626,1.04644,8.47274
0,32,combined,high,ElasticNet,0.174606,0.190931,0.082041,0.190931,8.86626,0.220378,40.232
0,32,combined,high,MCMC-add,0.174606,0.190931,0.0812906,0.190931,8.86626,0.508949,17.4207
0,32,combined,high,MCMC-comb,0.174606,0.190931,0.0774792,0.191123,8.86626,0.576979,15.3667
0,64,additive,low,OLS,0.0358076,0,0.00440668,0,0.478052,0.297668,1.60599
0,64,additive,low,ISD-1,0.0358076,0,0.0321828,0,0.478052,0.211052,2.26509
0,64,additive,low,ISD-3,0.0358076,0,0.0305817,0,0.478052,0.26295,1.81803
0,64,additive,low,ElasticNet,0.0358076,0,0.00434618,0,0.478052,0.280001,1.70732
0,64,additive,low,MCMC-add,0.0358076,0,0.00440559,0,0.478052,0.109902,4.34978
0,64,additive,low,MCMC-comb,0.0358076,0,0.00425951,0.0330987,0.478052,0.602716,0.793162
0,64,multiplicative,low,OLS,0,0.038447,0.0195112,0.038447,0.36058,0.315119,1.14427
0,64,multiplicative,low,ISD-1,0,0.038447,0,0.038447,0.36058,0.36058,1
0,64,multiplicative,low,ISD-3,0,0.038447,0,0.038447,0.36058,0.36058,1
0,64,multiplicative,low,ElasticNet,0,0.038447,0.0163738,0.038447,0.36058,0.33123,1.08861
0,64,multiplicative,low,MCMC-add,0,0.038447,0.019533,0.038447,0.36058,0.115545,3.12068
0,64,multiplicative,low,MCMC-comb,0,0.038447,0.0196084,0.0139246,0.36058,0.633289,0.569376
0,64,combined,low,OLS,0.0358076,0.038447,0.00430528,0.038447,0.443572,0.512701,0.865166
0,64,combined,low,ISD-1,0.0358076,0.038447,0.0305803,0.038447,0.443572,0.489951,0.905339
0,64,combined,low,ISD-3,0.0358076,0.038447,0.0304769,0.038447,0.443572,0.503742,0.880553
0,64,combined,low,ElasticNet,0.0358076,0.038447,0.00425524,0.038447,0.443572,0.50829,0.872674
0,64,combined,low,MCMC-add,0.0358076,0.038447,0.00430429,0.038447,0.443572,0.29173,1.52049
0,64,combined,low,MCMC-comb,0.0358076,0.038447,0.00403553,0.0224466,0.443572,0.409538,1.0831
0,64,additive,medium,OLS,0.089519,0,0.0264592,0,2.74851,0.335907,8.18236
0,64,additive,medium,ISD-1,0.089519,0,0.057182,0,2.74851,0.249655,11.0092
0,64,additive,medium,ISD-3,0.089519,0,0.058111,0,2.74851,0.315602,8.70878
0,64,additive,medium,ElasticNet,0.089519,0,0.0268607,0,2.74851,0.293952,9.3502
0,64,additive,medium,MCMC-add,0.089519,0,0.0264354,0,2.74851,0.461312,5.95803
0,64,additive,medium,MCMC-comb,0.089519,0,0.0265094,0.0175205,2.74851,0.178742,15.377
0,64,multiplicative,medium,OLS,0,0.0961174,0.0193373,0.0961174,0.711637,0.713747,0.997044
0,64,multiplicative,medium,ISD-1,0,0.0961174,0,0.0961174,0.711637,0.711637,1
0,64,multiplicative,medium,ISD-3,0,0.0961174,0.0186831,0.0961174,0.711637,0.698643,1.0186
0,64,multiplicative,medium,ElasticNet,0,0.0961174,0.0167422,0.0961174,0.711637,0.710958,1.00096
0,64,multiplicative,medium,MCMC-add,0,0.0961174,0.0193592,0.0961174,0.711637,0.362623,1.96247
0,64,multiplicative,medium,MCMC-comb,0,0.0961174,0.018584,0.00643933,0.711637,0.416753,1.70757
0,64,combined,medium,OLS,0.089519,0.0961174,0.0267694,0.0961174,2.33227,0.758901,3.07323
0,64,combined,medium,ISD-1,0.089519,0.0961174,0.0562587,0.0961174,2.33227,0.51856,4.4976
0,64,combined,medium,ISD-3,0.089519,0.0961174,0.0595285,0.0961174,2.33227,0.543699,4.28964
0,64,combined,medium,ElasticNet,0.089519,0.0961174,0.0271725,0.0961174,2.33227,0.779178,2.99325
0,64,combined,medium,MCMC-add,0.089519,0.0961174,0.0267463,0.0961174,2.33227,1.14666,2.03397
0,64,combined,medium,MCMC-comb,0.089519,0.0961174,0.0254578,0.0100737,2.33227,0.315856,7.38397
0,64,additive,high,OLS,0.179038,0,0.0710347,0,10.6672,0.672345,15.8657
0,64,additive,high,ISD-1,0.179038,0,0.107158,0,10.6672,1.58196,6.74306
0,64,additive,high,ISD-3,0.179038,0,0.113529,0,10.6672,1.28561,8.29744
0,64,additive,high,ElasticNet,0.179038,0,0.0718271,0,10.6672,0.677039,15.7557
0,64,additive,high,MCMC-add,0.179038,0,0.0710122,0,10.6672,1.04288,10.2286
0,64,additive,high,MCMC-comb,0.179038,0,0.0711418,0.0218048,10.6672,0.660417,16.1523
0,64,multiplicative,high,OLS,0,0.192235,0.0191451,0.192235,0.978083,0.906728,1.07869
0,64,multiplicative,high,ISD-1,0,0.192235,0,0.192235,0.978083,0.978083,1
0,64,multiplicative,high,ISD-3,0,0.192235,0.0182489,0.192235,0.978083,0.979564,0.998488
0,64,multiplicative,high,ElasticNet,0,0.192235,0.0164491,0.192235,0.978083,0.952965,1.02636
0,64,multiplicative,high,MCMC-add,0,0.192235,0.0191672,0.192235,0.978083,0.551694,1.77287
0,64,multiplicative,high,MCMC-comb,0,0.192235,0.0185812,0.109328,0.978083,0.844521,1.15815
0,64,combined,high,OLS,0.179038,0.192235,0.0715876,0.192235,10.054,0.40497,24.8266
0,64,combined,high,ISD-1,0.179038,0.192235,0.105234,0.192235,10.054,1.55673,6.45842
0,64,combined,high,ISD-3,0.179038,0.192235,0.112971,0.192235,10.054,1.34301,7.48619
0,64,combined,high,ElasticNet,0.179038,0.192235,0.0723779,0.192235,10.054,0.402988,24.9487
0,64,combined,high,MCMC-add,0.179038,0.192235,0.0715656,0.192235,10.054,1.95311,5.1477
0,64,combined,high,MCMC-comb,0.179038,0.192235,0.0700428,0.109939,10.054,1.53342,6.55659
0,128,additive,low,OLS,0.0362334,0,0.0858759,0,0.96525,0.873339,1.10524
0,128,additive,low,ISD-1,0.0362334,0,0.0301546,0,0.96525,0.80933,1.19265
0,128,additive,low,ISD-3,0.0362334,0,0.0302869,0,0.96525,0.802083,1.20343
0,128,additive,low,ElasticNet,0.0362334,0,0.0857103,0,0.96525,0.878091,1.09926
0,128,additive,low,MCMC-add,0.0362334,0,0.0859011,0,0.96525,4.58509,0.210519
0,128,additive,low,MCMC-comb,0.0362334,0,0.0836955,0.0261368,0.96525,5.85473,0.164867
0,128,multiplicative,low,OLS,0,0.038845,0.104278,0.038845,0.94023,1.02631,0.91613
0,128,multiplicative,low,ISD-1,0,0.038845,0,0.038845,0.94023,0.94023,1
0,128,multiplicative,low,ISD-3,0,0.038845,0,0.038845,0.94023,0.94023,1
0,128,multiplicative,low,ElasticNet,0,0.038845,0.0951597,0.038845,0.94023,1.06962,0.879035
0,128,multiplicative,low,MCMC-add,0,0.038845,0.104303,0.038845,0.94023,4.50168,0.208862
0,128,multiplicative,low,MCMC-comb,0,0.038845,0.101929,0.029618,0.94023,6.93128,0.13565
0,128,combined,low,OLS,0.0362334,0.038845,0.0862967,0.038845,1.86793,1.61492,1.15667
0,128,combined,low,ISD-1,0.0362334,0.038845,0.0274386,0.038845,1.86793,1.75803,1.06251
0,128,combined,low,ISD-3,0.0362334,0.038845,0.0277538,0.038845,1.86793,1.71962,1.08625
0,128,combined,low,ElasticNet,0.0362334,0.038845,0.0861472,0.038845,1.86793,1.63505,1.14243
0,128,combined,low,MCMC-add,0.0362334,0.038845,0.0863221,0.038845,1.86793,3.50832,0.532429
0,128,combined,low,MCMC-comb,0.0362334,0.038845,0.083997,0.0263715,1.86793,5.43452,0.343716
0,128,additive,medium,OLS,0.0905834,0,0.0596831,0,3.11524,1.19273,2.61185
0,128,additive,medium,ISD-1,0.0905834,0,0.0632394,0,3.11524,1.48778,2.09389
0,128,additive,medium,ISD-3,0.0905834,0,0.0655275,0,3.11524,1.39427,2.23432
0,128,additive,medium,ElasticNet,0.0905834,0,0.0593151,0,3.11524,1.23355,2.52543
0,128,additive,medium,MCMC-add,0.0905834,0,0.0597084,0,3.11524,3.13817,0.992693
0,128,additive,medium,MCMC-comb,0.0905834,0,0.0577132,0.0228867,3.11524,3.77828,0.824512
0,128,multiplicative,medium,OLS,0,0.0971125,0.105215,0.0971125,2.16157,2.43579,0.887421
0,128,multiplicative,medium,ISD-1,0,0.0971125,0.00514794,0.0971125,2.16157,2.30568,0.9375
0,128,multiplicative,medium,ISD-3,0,0.0971125,0.00428846,0.0971125,2.16157,2.28809,0.944705
0,128,multiplicative,medium,ElasticNet,0,0.0971125,0.102166,0.0971125,2.16157,2.43592,0.887375
0,128,multiplicative,medium,MCMC-add,0,0.0971125,0.105241,0.0971125,2.16157,3.19912,0.675677
0,128,multiplicative,medium,MCMC-comb,0,0.0971125,0.103885,0.0316401,2.16157,5.98907,0.360919
0,128,combined,medium,OLS,0.0905834,0.0971125,0.0616886,0.0971125,4.02894,3.06592,1.31411
0,128,combined,medium,ISD-1,0.0905834,0.0971125,0.0591216,0.0971125,4.02894,3.19228,1.26209
0,128,combined,medium,ISD-3,0.0905834,0.0971125,0.0638279,0.0971125,4.02894,3.04052,1.32508
0,128,combined,medium,ElasticNet,0.0905834,0.0971125,0.0613696,0.0971125,4.02894,3.07664,1.30953
0,128,combined,medium,MCMC-add,0.0905834,0.0971125,0.0617143,0.0971125,4.02894,0.793795,5.07555
0,128,combined,medium,MCMC-comb,0.0905834,0.0971125,0.0608321,0.0351977,4.02894,2.78381,1.44728
0,128,additive,high,OLS,0.181167,0,0.0290534,0,11.6119,4.77159,2.43354
0,128,additive,high,ISD-1,0.181167,0,0.113556,0,11.6119,1.71096,6.78677
0,128,additive,high,ISD-3,0.181167,0,0.118138,0,11.6119,1.3353,8.69607
0,128,additive,high,ElasticNet,0.181167,0,0.0288828,0,11.6119,4.58039,2.53513
0,128,additive,high,MCMC-add,0.181167,0,0.0290695,0,11.6119,1.16475,9.96944
0,128,additive,high,MCMC-comb,0.181167,0,0.0304221,0.0298307,11.6119,1.03003,11.2734
0,128,multiplicative,high,OLS,0,0.194225,0.107708,0.194225,3.58496,4.36417,0.821451
0,128,multiplicative,high,ISD-1,0,0.194225,0.0159811,0.194225,3.58496,4.28053,0.837504
0,128,multiplicative,high,ISD-3,0,0.194225,0.0133454,0.194225,3.58496,4.08064,0.878528
0,128,multiplicative,high,ElasticNet,0,0.194225,0.107061,0.194225,3.58496,4.32989,0.827955
0,128,multiplicative,high,MCMC-add,0,0.194225,0.107733,0.194225,3.58496,1.57272,2.27946
0,128,multiplicative,high,MCMC-comb,0,0.194225,0.10749,0.104711,3.58496,2.83191,1.26592
0,128,combined,high,OLS,0.181167,0.194225,0.0383744,0.194225,10.5274,2.90425,3.62483
0,128,combined,high,ISD-1,0.181167,0.194225,0.10707,0.194225,10.5274,3.01188,3.4953
0,128,combined,high,ISD-3,0.181167,0.194225,0.11186,0.194225,10.5274,3.20352,3.2862
0,128,combined,high,ElasticNet,0.181167,0.194225,0.0382767,0.194225,10.5274,2.88457,3.64957
0,128,combined,high,MCMC-add,0.181167,0.194225,0.0383908,0.194225,10.5274,2.80051,3.75911
0,128,combined,high,MCMC-comb,0.181167,0.194225,0.0434815,0.131943,10.5274,3.96423,2.6556
1,32,additive,low,OLS,0.0509808,0,0.0132516,0,1.05613,0.176256,5.99205
1,32,additive,low,ISD-1,0.0509808,0,0.0247444,0,1.05613,0.317623,3.32511
1,32,additive,low,ISD-3,0.0509808,0,0.027312,0,1.05613,0.120401,8.77177
1,32,additive,low,ElasticNet,0.0509808,0,0.0134437,0,1.05613,0.220486,4.79002
1,32,additive,low,MCMC-add,0.0509808,0,0.0132672,0,1.05613,0.160213,6.59204
1,32,additive,low,MCMC-comb,0.0509808,0,0.0131204,0.101988,1.05613,0.932397,1.13271
1,32,multiplicative,low,OLS,0,0.041671,0.00547065,0.041671,0.225267,0.210878,1.06824
1,32,multiplicative,low,ISD-1,0,0.041671,0,0.041671,0.225267,0.225267,1
1,32,multiplicative,low,ISD-3,0,0.041671,0,0.041671,0.225267,0.225267,1
1,32,multiplicative,low,ElasticNet,0,0.041671,0,0.041671,0.225267,0.225267,1
1,32,multiplicative,low,MCMC-add,0,0.041671,0.00545518,0.041671,0.225267,0.251975,0.894004
1,32,multiplicative,low,MCMC-comb,0,0.041671,0.00560116,0.109726,0.225267,1.17225,0.192166
1,32,combined,low,OLS,0.0509808,0.041671,0.0132692,0.041671,1.24716,0.109784,11.3601
1,32,combined,low,ISD-1,0.0509808,0.041671,0.0247215,0.041671,1.24716,0.275829,4.52148
1,32,combined,low,ISD-3,0.0509808,0.041671,0.0273357,0.041671,1.24716,0.228592,5.45581
1,32,combined,low,ElasticNet,0.0509808,0.041671,0.0134614,0.041671,1.24716,0.13731,9.08279
1,32,combined,low,MCMC-add,0.0509808,0.041671,0.0132849,0.041671,1.24716,0.175577,7.1032
1,32,combined,low,MCMC-comb,0.0509808,0.041671,0.0129415,0.108985,1.24716,1.01281,1.23138
1,32,additive,medium,OLS,0.127452,0,0.0406925,0,5.67236,0.278843,20.3425
1,32,additive,medium,ISD-1,0.127452,0,0.0576853,0,5.67236,0.446314,12.7093
1,32,additive,medium,ISD-3,0.127452,0,0.0556781,0,5.67236,0.352891,16.074
1,32,additive,medium,ElasticNet,0.127452,0,0.0411637,0,5.67236,0.195985,28.9429
1,32,additive,medium,MCMC-add,0.127452,0,0.0407081,0,5.67236,0.384935,14.7359
1,32,additive,medium,MCMC-comb,0.127452,0,0.0406035,0.102992,5.67236,0.670797,8.45615
1,32,multiplicative,medium,OLS,0,0.104178,0.00567233,0.104178,0.557887,0.554117,1.0068
1,32,multiplicative,medium,ISD-1,0,0.104178,0,0.104178,0.557887,0.557887,1
1,32,multiplicative,medium,ISD-3,0,0.104178,0,0.104178,0.557887,0.557887,1
1,32,multiplicative,medium,ElasticNet,0,0.104178,0,0.104178,0.557887,0.557887,1
1,32,multiplicative,medium,MCMC-add,0,0.104178,0.00565736,0.104178,0.557887,0.638419,0.873857
1,32,multiplicative,medium,MCMC-comb,0,0.104178,0.00578388,0.11664,0.557887,1.2713,0.438832
1,32,combined,medium,OLS,0.127452,0.104178,0.0406647,0.104178,6.15734,0.275818,22.3239
1,32,combined,medium,ISD-1,0.127452,0.104178,0.0575388,0.104178,6.15734,0.804407,7.6545
1,32,combined,medium,ISD-3,0.127452,0.104178,0.0554565,0.104178,6.15734,0.728958,8.44676
1,32,combined,medium,ElasticNet,0.127452,0.104178,0.0411376,0.104178,6.15734,0.286645,21.4807
1,32,combined,medium,MCMC-add,0.127452,0.104178,0.0406806,0.104178,6.15734,0.242333,25.4086
1,32,combined,medium,MCMC-comb,0.127452,0.104178,0.0397865,0.11695,6.15734,0.784253,7.85121
1,32,additive,high,OLS,0.254904,0,0.0876618,0,21.978,0.492529,44.6228
1,32,additive,high,ISD-1,0.254904,0,0.106868,0,21.978,1.80105,12.2029
1,32,additive,high,ISD-3,0.254904,0,0.0980557,0,21.978,1.56522,14.0415
1,32,additive,high,ElasticNet,0.254904,0,0.0885911,0,21.978,0.474098,46.3576
1,32,additive,high,MCMC-add,0.254904,0,0.0876768,0,21.978,0.64101,34.2865
1,32,additive,high,MCMC-comb,0.254904,0,0.087276,0.115543,21.978,0.41502,52.9565
1,32,multiplicative,high,OLS,0,0.208355,0.00606495,0.208355,1.26501,1.25137,1.0109
1,32,multiplicative,high,ISD-1,0,0.208355,0,0.208355,1.26501,1.26501,1
1,32,multiplicative,high,ISD-3,0,0.208355,0,0.208355,1.26501,1.26501,1
1,32,multiplicative,high,ElasticNet,0,0.208355,0,0.208355,1.26501,1.26501,1
1,32,multiplicative,high,MCMC-add,0,0.208355,0.00605082,0.208355,1.26501,1.3127,0.963668
1,32,multiplicative,high,MCMC-comb,0,0.208355,0.00819209,0.106513,1.26501,1.1163,1.13321
1,32,combined,high,OLS,0.254904,0.208355,0.0875518,0.208355,22.9257,1.00492,22.8134
1,32,combined,high,ISD-1,0.254904,0.208355,0.107003,0.208355,22.9257,2.34953,9.75757
1,32,combined,high,ISD-3,0.254904,0.208355,0.0972661,0.208355,22.9257,2.00825,11.4158
1,32,combined,high,ElasticNet,0.254904,0.208355,0.0884857,0.208355,22.9257,1.00085,22.9062
1,32,combined,high,MCMC-add,0.254904,0.208355,0.0875676,0.208355,22.9257,0.455128,50.3719
1,32,combined,high,MCMC-comb,0.254904,0.208355,0.0851573,0.130682,22.9257,2.20218,10.4104
1,64,additive,low,OLS,0.0502574,0,0.00550795,0,0.532748,0.562617,0.946911
1,64,additive,low,ISD-1,0.0502574,0,0.0276958,0,0.532748,0.49734,1.0712
1,64,additive,low,ISD-3,0.0502574,0,0.0268006,0,0.532748,0.732846,0.726958
1,64,additive,low,ElasticNet,0.0502574,0,0.00543136,0,0.532748,0.553129,0.963153
1,64,additive,low,MCMC-add,0.0502574,0,0.00552186,0,0.532748,0.196234,2.71487
1,64,additive,low,MCMC-comb,0.0502574,0,0.00574032,0.0708194,0.532748,1.9235,0.276968
1,64,multiplicative,low,OLS,0,0.0420604,0.0226204,0.0420604,0.61925,0.619278,0.999955
1,64,multiplicative,low,ISD-1,0,0.0420604,0,0.0420604,0.61925,0.61925,1
1,64,multiplicative,low,ISD-3,0,0.0420604,0,0.0420604,0.61925,0.61925,1
1,64,multiplicative,low,ElasticNet,0,0.0420604,0.0119728,0.0420604,0.61925,0.60493,1.02367
1,64,multiplicative,low,MCMC-add,0,0.0420604,0.0226435,0.0420604,0.61925,1.32122,0.468695
1,64,multiplicative,low,MCMC-comb,0,0.0420604,0.0226241,0.0658919,0.61925,1.28285,0.482714
1,64,combined,low,OLS,0.0502574,0.0420604,0.00565299,0.0420604,0.72535,0.217802,3.33031
1,64,combined,low,ISD-1,0.0502574,0.0420604,0.0276236,0.0420604,0.72535,0.174867,4.148
1,64,combined,low,ISD-3,0.0502574,0.0420604,0.0267333,0.0420604,0.72535,0.412465,1.75857
1,64,combined,low,ElasticNet,0.0502574,0.0420604,0.00557469,0.0420604,0.72535,0.226273,3.20565
1,64,combined,low,MCMC-add,0.0502574,0.0420604,0.00566775,0.0420604,0.72535,0.769009,0.943227
1,64,combined,low,MCMC-comb,0.0502574,0.0420604,0.00572987,0.0666363,0.72535,1.8953,0.382711
1,64,additive,medium,OLS,0.125644,0,0.024931,0,4.41423,0.67586,6.53127
1,64,additive,medium,ISD-1,0.125644,0,0.063644,0,4.41423,0.581221,7.59475
1,64,additive,medium,ISD-3,0.125644,0,0.060711,0,4.41423,0.446915,9.87712
1,64,additive,medium,ElasticNet,0.125644,0,0.0253894,0,4.41423,0.60895,7.24891
1,64,additive,medium,MCMC-add,0.125644,0,0.0249079,0,4.41423,0.863063,5.1146
1,64,additive,medium,MCMC-comb,0.125644,0,0.0252698,0.0710655,4.41423,2.77172,1.59259
1,64,multiplicative,medium,OLS,0,0.105151,0.0228285,0.105151,1.67607,1.67412,1.00117
1,64,multiplicative,medium,ISD-1,0,0.105151,0,0.105151,1.67607,1.67607,1
1,64,multiplicative,medium,ISD-3,0,0.105151,0,0.105151,1.67607,1.67607,1
1,64,multiplicative,medium,ElasticNet,0,0.105151,0.0120898,0.105151,1.67607,1.61929,1.03507
1,64,multiplicative,medium,MCMC-add,0,0.105151,0.0228521,0.105151,1.67607,2.34574,0.714518
1,64,multiplicative,medium,MCMC-comb,0,0.105151,0.0229302,0.07131,1.67607,1.46972,1.14041
1,64,combined,medium,OLS,0.125644,0.105151,0.0247297,0.105151,5.50007,0.588126,9.35186
1,64,combined,medium,ISD-1,0.125644,0.105151,0.0634975,0.105151,5.50007,1.05322,5.22214
1,64,combined,medium,ISD-3,0.125644,0.105151,0.060591,0.105151,5.50007,1.00164,5.49107
1,64,combined,medium,ElasticNet,0.125644,0.105151,0.0251806,0.105151,5.50007,0.580568,9.4736
1,64,combined,medium,MCMC-add,0.125644,0.105151,0.0247065,0.105151,5.50007,0.810523,6.78582
1,64,combined,medium,MCMC-comb,0.125644,0.105151,0.0242328,0.0700734,5.50007,2.77999,1.97845
1,64,additive,high,OLS,0.251287,0,0.0726361,0,19.8889,0.964434,20.6224
1,64,additive,high,ISD-1,0.251287,0,0.123377,0,19.8889,2.47487,8.03636
1,64,additive,high,ISD-3,0.251287,0,0.11608,0,19.8889,1.9796,10.047
1,64,additive,high,ElasticNet,0.251287,0,0.0735541,0,19.8889,0.978533,20.3253
1,64,additive,high,MCMC-add,0.251287,0,0.0726133,0,19.8889,1.98793,10.0049
1,64,additive,high,MCMC-comb,0.251287,0,0.0727579,0.0699117,19.8889,3.87251,5.13593
1,64,multiplicative,high,OLS,0,0.210302,0.0232223,0.210302,3.65787,3.5792,1.02198
1,64,multiplicative,high,ISD-1,0,0.210302,0,0.210302,3.65787,3.65787,1
1,64,multiplicative,high,ISD-3,0,0.210302,0,0.210302,3.65787,3.65787,1
1,64,multiplicative,high,ElasticNet,0,0.210302,0.0129333,0.210302,3.65787,3.72074,0.983103
1,64,multiplicative,high,MCMC-add,0,0.210302,0.0232468,0.210302,3.65787,4.39341,0.83258
1,64,multiplicative,high,MCMC-comb,0,0.210302,0.0240133,0.107492,3.65787,1.97875,1.84857
1,64,combined,high,OLS,0.251287,0.210302,0.072124,0.210302,22.5841,2.24193,10.0735
1,64,combined,high,ISD-1,0.251287,0.210302,0.122986,0.210302,22.5841,3.8951,5.79809
1,64,combined,high,ISD-3,0.251287,0.210302,0.116083,0.210302,22.5841,3.69952,6.10461
1,64,combined,high,ElasticNet,0.251287,0.210302,0.0730303,0.210302,22.5841,2.23278,10.1148
1,64,combined,high,MCMC-add,0.251287,0.210302,0.0721004,0.210302,22.5841,1.48287,15.23
1,64,combined,high,MCMC-comb,0.251287,0.210302,0.0704763,0.106303,22.5841,4.47519,5.04652
2,32,additive,low,OLS,0.0408059,0,0.0141765,0,0.903701,0.315238,2.86673
2,32,additive,low,ISD-1,0.0408059,0,0.020849,0,0.903701,0.106901,8.45361
2,32,additive,low,ISD-3,0.0408059,0,0.022175,0,0.903701,0.271928,3.32331
2,32,additive,low,ElasticNet,0.0408059,0,0.0144093,0,0.903701,0.247081,3.6575
2,32,additive,low,MCMC-add,0.0408059,0,0.0141927,0,0.903701,0.275034,3.28578
2,32,additive,low,MCMC-comb,0.0408059,0,0.0140655,0.097345,0.903701,1.4223,0.63538
2,32,multiplicative,low,OLS,0,0.0509808,0.00474158,0.0509808,0.500503,0.504137,0.992792
2,32,multiplicative,low,ISD-1,0,0.0509808,0,0.0509808,0.500503,0.500503,1
2,32,multiplicative,low,ISD-3,0,0.0509808,0,0.0509808,0.500503,0.500503,1
2,32,multiplicative,low,ElasticNet,0,0.0509808,0,0.0509808,0.500503,0.500503,1
2,32,multiplicative,low,MCMC-add,0,0.0509808,0.00472811,0.0509808,0.500503,0.432797,1.15644
2,32,multiplicative,low,MCMC-comb,0,0.0509808,0.00475416,0.0939613,0.500503,1.16692,0.428909
2,32,combined,low,OLS,0.0408059,0.0509808,0.0142146,0.0509808,0.720775,0.553867,1.30135
2,32,combined,low,ISD-1,0.0408059,0.0509808,0.0207505,0.0509808,0.720775,0.422434,1.70624
2,32,combined,low,ISD-3,0.0408059,0.0509808,0.0221334,0.0509808,0.720775,0.514046,1.40216
2,32,combined,low,ElasticNet,0.0408059,0.0509808,0.0144481,0.0509808,0.720775,0.568236,1.26844
2,32,combined,low,MCMC-add,0.0408059,0.0509808,0.0142307,0.0509808,0.720775,0.612628,1.17653
2,32,combined,low,MCMC-comb,0.0408059,0.0509808,0.014115,0.101098,0.720775,1.48538,0.485246
2,32,additive,medium,OLS,0.102015,0,0.0406128,0,7.01608,1.8384,3.81641
2,32,additive,medium,ISD-1,0.102015,0,0.0496877,0,7.01608,0.902627,7.77296
2,32,additive,medium,ISD-3,0.102015,0,0.0504996,0,7.01608,0.814679,8.61208
2,32,additive,medium,ElasticNet,0.102015,0,0.0410467,0,7.01608,1.90178,3.68923
2,32,additive,medium,MCMC-add,0.102015,0,0.0406293,0,7.01608,0.645445,10.8702
2,32,additive,medium,MCMC-comb,0.102015,0,0.0404606,0.0994235,7.01608,1.76586,3.97318
2,32,multiplicative,medium,OLS,0,0.127452,0.00444492,0.127452,0.761959,0.751284,1.01421
2,32,multiplicative,medium,ISD-1,0,0.127452,0,0.127452,0.761959,0.761959,1
2,32,multiplicative,medium,ISD-3,0,0.127452,0,0.127452,0.761959,0.761959,1
2,32,multiplicative,medium,ElasticNet,0,0.127452,0,0.127452,0.761959,0.761959,1
2,32,multiplicative,medium,MCMC-add,0,0.127452,0.00443101,0.127452,0.761959,0.684979,1.11238
2,32,multiplicative,medium,MCMC-comb,0,0.127452,0.00436283,0.0953672,0.761959,1.05864,0.719751
2,32,combined,medium,OLS,0.102015,0.127452,0.0408092,0.127452,6.59522,1.39308,4.73428
2,32,combined,medium,ISD-1,0.102015,0.127452,0.0492687,0.127452,6.59522,0.367885,17.9274
2,32,combined,medium,ISD-3,0.102015,0.127452,0.0486362,0.127452,6.59522,0.486688,13.5512
2,32,combined,medium,ElasticNet,0.102015,0.127452,0.0412431,0.127452,6.59522,1.38961,4.74609
2,32,combined,medium,MCMC-add,0.102015,0.127452,0.0408253,0.127452,6.59522,1.03931,6.34577
2,32,combined,medium,MCMC-comb,0.102015,0.127452,0.0406072,0.108009,6.59522,1.88791,3.49339
2,32,additive,high,OLS,0.20403,0,0.0854297,0,28.2305,4.43233,6.36922
2,32,additive,high,ISD-1,0.20403,0,0.091215,0,28.2305,5.68786,4.96328
2,32,additive,high,ISD-3,0.20403,0,0.096515,0,28.2305,5.47819,5.15324
2,32,additive,high,ElasticNet,0.20403,0,0.0862966,0,28.2305,4.47631,6.30664
2,32,additive,high,MCMC-add,0.20403,0,0.0854461,0,28.2305,0.366933,76.9363
2,32,additive,high,MCMC-comb,0.20403,0,0.0858491,0.0866413,28.2305,1.03091,27.384
2,32,multiplicative,high,OLS,0,0.254904,0.00433895,0.254904,0.941707,1.06631,0.883149
2,32,multiplicative,high,ISD-1,0,0.254904,0,0.254904,0.941707,0.941707,1
2,32,multiplicative,high,ISD-3,0,0.254904,0,0.254904,0.941707,0.941707,1
2,32,multiplicative,high,ElasticNet,0,0.254904,0,0.254904,0.941707,0.941707,1
2,32,multiplicative,high,MCMC-add,0,0.254904,0.00432534,0.254904,0.941707,1.04006,0.905431
2,32,multiplicative,high,MCMC-comb,0,0.254904,0.00416414,0.160239,0.941707,1.87448,0.502383
2,32,combined,high,OLS,0.20403,0.254904,0.0854366,0.254904,28.279,1.69075,16.7257
2,32,combined,high,ISD-1,0.20403,0.254904,0.0918823,0.254904,28.279,2.89565,9.76601
2,32,combined,high,ISD-3,0.20403,0.254904,0.096325,0.254904,28.279,2.11166,13.3918
2,32,combined,high,ElasticNet,0.20403,0.254904,0.086311,0.254904,28.279,1.70505,16.5854
2,32,combined,high,MCMC-add,0.20403,0.254904,0.0854526,0.254904,28.279,1.12154,25.2143
2,32,combined,high,MCMC-comb,0.20403,0.254904,0.0862351,0.154385,28.279,1.42767,19.8078
2,64,additive,low,OLS,0.0413661,0,0.00954401,0,0.157148,0.264078,0.595082
2,64,additive,low,ISD-1,0.0413661,0,0.0229033,0,0.157148,0.201189,0.781093
2,64,additive,low,ISD-3,0.0413661,0,0.0216679,0,0.157148,0.160899,0.976684
2,64,additive,low,ElasticNet,0.0413661,0,0.00877018,0,0.157148,0.252956,0.621244
2,64,additive,low,MCMC-add,0.0413661,0,0.00956399,0,0.157148,0.171501,0.916307
2,64,additive,low,MCMC-comb,0.0413661,0,0.00955173,0.0306885,0.157148,0.295504,0.531795
2,64,multiplicative,low,OLS,0,0.0502574,0.0256375,0.0502574,0.27045,0.309192,0.874697
2,64,multiplicative,low,ISD-1,0,0.0502574,0,0.0502574,0.27045,0.27045,1
2,64,multiplicative,low,ISD-3,0,0.0502574,0,0.0502574,0.27045,0.27045,1
2,64,multiplicative,low,ElasticNet,0,0.0502574,0.0227519,0.0502574,0.27045,0.30237,0.894433
2,64,multiplicative,low,MCMC-add,0,0.0502574,0.0256613,0.0502574,0.27045,0.228794,1.18206
2,64,multiplicative,low,MCMC-comb,0,0.0502574,0.0257225,0.037014,0.27045,0.170041,1.5905
2,64,combined,low,OLS,0.0413661,0.0502574,0.00897038,0.0502574,0.324321,0.606265,0.534949
2,64,combined,low,ISD-1,0.0413661,0.0502574,0.0212517,0.0502574,0.324321,0.507317,0.639287
2,64,combined,low,ISD-3,0.0413661,0.0502574,0.021392,0.0502574,0.324321,0.478464,0.677838
2,64,combined,low,ElasticNet,0.0413661,0.0502574,0.0082126,0.0502574,0.324321,0.584077,0.55527
2,64,combined,low,MCMC-add,0.0413661,0.0502574,0.00899039,0.0502574,0.324321,0.296376,1.09429
2,64,combined,low,MCMC-comb,0.0413661,0.0502574,0.00895307,0.0379715,0.324321,0.390043,0.8315
2,64,additive,medium,OLS,0.103415,0,0.0219207,0,1.89205,0.669749,2.82501
2,64,additive,medium,ISD-1,0.103415,0,0.0530711,0,1.89205,0.219639,8.61434
2,64,additive,medium,ISD-3,0.103415,0,0.0508107,0,1.89205,0.204046,9.27266
2,64,additive,medium,ElasticNet,0.103415,0,0.0232685,0,1.89205,0.670681,2.82108
2,64,additive,medium,MCMC-add,0.103415,0,0.0219,0,1.89205,0.265633,7.12279
2,64,additive,medium,MCMC-comb,0.103415,0,0.0219744,0.046761,1.89205,0.793074,2.38571
2,64,multiplicative,medium,OLS,0,0.125644,0.0249001,0.125644,0.579937,0.571863,1.01412
2,64,multiplicative,medium,ISD-1,0,0.125644,0,0.125644,0.579937,0.579937,1
2,64,multiplicative,medium,ISD-3,0,0.125644,0,0.125644,0.579937,0.579937,1
2,64,multiplicative,medium,ElasticNet,0,0.125644,0.0228999,0.125644,0.579937,0.597759,0.970185
2,64,multiplicative,medium,MCMC-add,0,0.125644,0.0249238,0.125644,0.579937,0.291505,1.98946
2,64,multiplicative,medium,MCMC-comb,0,0.125644,0.025009,0.0630281,0.579937,0.611546,0.948313
2,64,combined,medium,OLS,0.103415,0.125644,0.0222245,0.125644,1.64169,1.47033,1.11654
2,64,combined,medium,ISD-1,0.103415,0.125644,0.0523724,0.125644,1.64169,1.02578,1.60043
2,64,combined,medium,ISD-3,0.103415,0.125644,0.0516999,0.125644,1.64169,1.01107,1.62371
2,64,combined,medium,ElasticNet,0.103415,0.125644,0.0234281,0.125644,1.64169,1.42948,1.14845
2,64,combined,medium,MCMC-add,0.103415,0.125644,0.0222037,0.125644,1.64169,0.908851,1.80633
2,64,combined,medium,MCMC-comb,0.103415,0.125644,0.0215793,0.0572902,1.64169,1.04535,1.57047
2,64,additive,high,OLS,0.20683,0,0.0699683,0,8.27978,2.55819,3.23658
2,64,additive,high,ISD-1,0.20683,0,0.107445,0,8.27978,1.77402,4.66725
2,64,additive,high,ISD-3,0.20683,0,0.10279,0,8.27978,1.88384,4.39516
2,64,additive,high,ElasticNet,0.20683,0,0.0726342,0,8.27978,2.50903,3.29999
2,64,additive,high,MCMC-add,0.20683,0,0.0699465,0,8.27978,0.301707,27.4431
2,64,additive,high,MCMC-comb,0.20683,0,0.0711094,0.0153423,8.27978,0.329882,25.0992
2,64,multiplicative,high,OLS,0,0.251287,0.023729,0.251287,0.775961,0.740044,1.04853
2,64,multiplicative,high,ISD-1,0,0.251287,0,0.251287,0.775961,0.775961,1
2,64,multiplicative,high,ISD-3,0,0.251287,0,0.251287,0.775961,0.775961,1
2,64,multiplicative,high,ElasticNet,0,0.251287,0.0201526,0.251287,0.775961,0.779247,0.995782
2,64,multiplicative,high,MCMC-add,0,0.251287,0.0237527,0.251287,0.775961,0.495597,1.56571
2,64,multiplicative,high,MCMC-comb,0,0.251287,0.0237472,0.112223,0.775961,0.273441,2.83776
2,64,combined,high,OLS,0.20683,0.251287,0.0697649,0.251287,8.27321,2.21433,3.73622
2,64,combined,high,ISD-1,0.20683,0.251287,0.103295,0.251287,8.27321,0.980826,8.43494
2,64,combined,high,ISD-3,0.20683,0.251287,0.101243,0.251287,8.27321,1.10496,7.48732
2,64,combined,high,ElasticNet,0.20683,0.251287,0.072532,0.251287,8.27321,2.18726,3.78245
2,64,combined,high,MCMC-add,0.20683,0.251287,0.0697428,0.251287,8.27321,1.20036,6.8923
2,64,combined,high,MCMC-comb,0.20683,0.251287,0.0747361,0.12593,8.27321,0.202815,40.7919
2,128,additive,low,OLS,0.0416683,0,0.092031,0,1.03317,0.91645,1.12736
2,128,additive,low,ISD-1,0.0416683,0,0.0255104,0,1.03317,0.991701,1.04182
2,128,additive,low,ISD-3,0.0416683,0,0.0261843,0,1.03317,0.994644,1.03873
2,128,additive,low,ElasticNet,0.0416683,0,0.0918838,0,1.03317,0.931272,1.10942
2,128,additive,low,MCMC-add,0.0416683,0,0.0920565,0,1.03317,6.30467,0.163874
2,128,additive,low,MCMC-comb,0.0416683,0,0.0897623,0.0216515,1.03317,4.72124,0.218834
2,128,multiplicative,low,OLS,0,0.0499086,0.10801,0.0499086,1.16793,1.11271,1.04963
2,128,multiplicative,low,ISD-1,0,0.0499086,0,0.0499086,1.16793,1.16793,1
2,128,multiplicative,low,ISD-3,0,0.0499086,0,0.0499086,1.16793,1.16793,1
2,128,multiplicative,low,ElasticNet,0,0.0499086,0.0955843,0.0499086,1.16793,1.09407,1.06751
2,128,multiplicative,low,MCMC-add,0,0.0499086,0.108035,0.0499086,1.16793,6.36167,0.183589
2,128,multiplicative,low,MCMC-comb,0,0.0499086,0.105564,0.02529,1.16793,6.35073,0.183905
2,128,combined,low,OLS,0.0416683,0.0499086,0.0896026,0.0499086,2.17827,2.54616,0.855512
2,128,combined,low,ISD-1,0.0416683,0.0499086,0.0225208,0.0499086,2.17827,2.43142,0.895886
2,128,combined,low,ISD-3,0.0416683,0.0499086,0.0243999,0.0499086,2.17827,2.43168,0.895788
2,128,combined,low,ElasticNet,0.0416683,0.0499086,0.0894264,0.0499086,2.17827,2.58468,0.842762
2,128,combined,low,MCMC-add,0.0416683,0.0499086,0.0896281,0.0499086,2.17827,4.96419,0.438797
2,128,combined,low,MCMC-comb,0.0416683,0.0499086,0.0870085,0.0244015,2.17827,4.68743,0.464705
2,128,additive,medium,OLS,0.104171,0,0.0664449,0,3.45855,0.558407,6.1936
2,128,additive,medium,ISD-1,0.104171,0,0.0565122,0,3.45855,1.44553,2.39259
2,128,additive,medium,ISD-3,0.104171,0,0.0565254,0,3.45855,1.5086,2.29255
2,128,additive,medium,ElasticNet,0.104171,0,0.0660861,0,3.45855,0.598607,5.77767
2,128,additive,medium,MCMC-add,0.104171,0,0.0664695,0,3.45855,4.58664,0.754049
2,128,additive,medium,MCMC-comb,0.104171,0,0.0640389,0.0270781,3.45855,2.55671,1.35274
2,128,multiplicative,medium,OLS,0,0.124771,0.105348,0.124771,2.63351,2.57014,1.02466
2,128,multiplicative,medium,ISD-1,0,0.124771,0,0.124771,2.63351,2.63351,1
2,128,multiplicative,medium,ISD-3,0,0.124771,0.00642246,0.124771,2.63351,2.53724,1.03794
2,128,multiplicative,medium,ElasticNet,0,0.124771,0.105231,0.124771,2.63351,2.58969,1.01692
2,128,multiplicative,medium,MCMC-add,0,0.124771,0.105373,0.124771,2.63351,4.81696,0.546716
2,128,multiplicative,medium,MCMC-comb,0,0.124771,0.103323,0.0438844,2.63351,5.60611,0.469757
2,128,combined,medium,OLS,0.104171,0.124771,0.0590539,0.124771,4.64333,6.11614,0.759193
2,128,combined,medium,ISD-1,0.104171,0.124771,0.0521705,0.124771,4.64333,5.46323,0.849924
2,128,combined,medium,ISD-3,0.104171,0.124771,0.051956,0.124771,4.64333,5.36319,0.865777
2,128,combined,medium,ElasticNet,0.104171,0.124771,0.0585807,0.124771,4.64333,6.10693,0.760338
2,128,combined,medium,MCMC-add,0.104171,0.124771,0.0590792,0.124771,4.64333,1.4742,3.14973
2,128,combined,medium,MCMC-comb,0.104171,0.124771,0.05654,0.0382458,4.64333,1.78858,2.5961
2,128,additive,high,OLS,0.208342,0,0.0479814,0,13.0393,17.0482,0.764852
2,128,additive,high,ISD-1,0.208342,0,0.112019,0,13.0393,1.46238,8.91654
2,128,additive,high,ISD-3,0.208342,0,0.109678,0,13.0393,1.46579,8.89578
2,128,additive,high,ElasticNet,0.208342,0,0.0478271,0,13.0393,16.8385,0.774376
2,128,additive,high,MCMC-add,0.208342,0,0.0479904,0,13.0393,2.55672,5.10004
2,128,additive,high,MCMC-comb,0.208342,0,0.0530522,0.0480929,13.0393,1.10584,11.7914
2,128,multiplicative,high,OLS,0,0.249543,0.102501,0.249543,3.8789,4.74863,0.816845
2,128,multiplicative,high,ISD-1,0,0.249543,0.0128421,0.249543,3.8789,4.50535,0.860953
2,128,multiplicative,high,ISD-3,0,0.249543,0.0118533,0.249543,3.8789,4.44471,0.8727
2,128,multiplicative,high,ElasticNet,0,0.249543,0.102371,0.249543,3.8789,4.75359,0.815993
2,128,multiplicative,high,MCMC-add,0,0.249543,0.102526,0.249543,3.8789,3.15768,1.2284
2,128,multiplicative,high,MCMC-comb,0,0.249543,0.0998264,0.132978,3.8789,3.017,1.28568
2,128,combined,high,OLS,0.208342,0.249543,0.0180065,0.249543,16.8401,11.4989,1.46449
2,128,combined,high,ISD-1,0.208342,0.249543,0.100828,0.249543,16.8401,8.87945,1.89652
2,128,combined,high,ISD-3,0.208342,0.249543,0.103389,0.249543,16.8401,9.2814,1.81439
2,128,combined,high,ElasticNet,0.208342,0.249543,0.0173692,0.249543,16.8401,11.4953,1.46495
2,128,combined,high,MCMC-add,0.208342,0.249543,0.0180159,0.249543,16.8401,1.88705,8.92403
2,128,combined,high,MCMC-comb,0.208342,0.249543,0.0424141,0.142352,16.8401,3.5488,4.74529
3,32,additive,low,OLS,0.0408059,0,0.0136825,0,0.66083,0.236903,2.78945
3,32,additive,low,ISD-1,0.0408059,0,0.0231935,0,0.66083,0.173002,3.81979
3,32,additive,low,ISD-3,0.0408059,0,0.0226462,0,0.66083,0.145904,4.52921
3,32,additive,low,ElasticNet,0.0408059,0,0.0217624,0,0.66083,0.186146,3.55006
3,32,additive,low,MCMC-add,0.0408059,0,0.0136968,0,0.66083,0.152232,4.34093
3,32,additive,low,MCMC-comb,0.0408059,0,0.0137221,0.159606,0.66083,0.942601,0.701071
3,32,multiplicative,low,OLS,0,0.0349212,0.00737879,0.0349212,0.168188,0.16671,1.00886
3,32,multiplicative,low,ISD-1,0,0.0349212,0,0.0349212,0.168188,0.168188,1
3,32,multiplicative,low,ISD-3,0,0.0349212,0,0.0349212,0.168188,0.168188,1
3,32,multiplicative,low,ElasticNet,0,0.0349212,0.00254142,0.0349212,0.168188,0.184822,0.910002
3,32,multiplicative,low,MCMC-add,0,0.0349212,0.00736587,0.0349212,0.168188,0.2039,0.824855
3,32,multiplicative,low,MCMC-comb,0,0.0349212,0.00754142,0.175777,0.168188,0.882873,0.190501
3,32,combined,low,OLS,0.0408059,0.0349212,0.0137386,0.0349212,0.751606,0.122784,6.12137
3,32,combined,low,ISD-1,0.0408059,0.0349212,0.0233214,0.0349212,0.751606,0.261041,2.87927
3,32,combined,low,ISD-3,0.0408059,0.0349212,0.0227844,0.0349212,0.751606,0.186024,4.04036
3,32,combined,low,ElasticNet,0.0408059,0.0349212,0.0218531,0.0349212,0.751606,0.150899,4.98087
3,32,combined,low,MCMC-add,0.0408059,0.0349212,0.0137529,0.0349212,0.751606,0.133797,5.61751
3,32,combined,low,MCMC-comb,0.0408059,0.0349212,0.0140451,0.165172,0.751606,0.972157,0.773133
3,32,additive,medium,OLS,0.102015,0,0.0395468,0,3.65751,0.249972,14.6317
3,32,additive,medium,ISD-1,0.102015,0,0.0513459,0,3.65751,0.703465,5.19928
3,32,additive,medium,ISD-3,0.102015,0,0.0516008,0,3.65751,0.576757,6.3415
3,32,additive,medium,ElasticNet,0.102015,0,0.0401969,0,3.65751,0.225898,16.191
3,32,additive,medium,MCMC-add,0.102015,0,0.0395627,0,3.65751,0.239781,15.2535
3,32,additive,medium,MCMC-comb,0.102015,0,0.0394887,0.154078,3.65751,0.973514,3.75702
3,32,multiplicative,medium,OLS,0,0.0873031,0.00751437,0.0873031,0.353935,0.30403,1.16415
3,32,multiplicative,medium,ISD-1,0,0.0873031,0,0.0873031,0.353935,0.353935,1
3,32,multiplicative,medium,ISD-3,0,0.0873031,0,0.0873031,0.353935,0.353935,1
3,32,multiplicative,medium,ElasticNet,0,0.0873031,0.00260459,0.0873031,0.353935,0.403558,0.877037
3,32,multiplicative,medium,MCMC-add,0,0.0873031,0.00750145,0.0873031,0.353935,0.368169,0.96134
3,32,multiplicative,medium,MCMC-comb,0,0.0873031,0.00771668,0.171194,0.353935,0.906353,0.390505
3,32,combined,medium,OLS,0.102015,0.0873031,0.0396148,0.0873031,3.87521,0.895462,4.32761
3,32,combined,medium,ISD-1,0.102015,0.0873031,0.0517485,0.0873031,3.87521,0.804255,4.81839
3,32,combined,medium,ISD-3,0.102015,0.0873031,0.0519298,0.0873031,3.87521,0.725984,5.33788
3,32,combined,medium,ElasticNet,0.102015,0.0873031,0.0401453,0.0873031,3.87521,0.922659,4.20005
3,32,combined,medium,MCMC-add,0.102015,0.0873031,0.039631,0.0873031,3.87521,0.261197,14.8364
3,32,combined,medium,MCMC-comb,0.102015,0.0873031,0.0402304,0.159728,3.87521,0.998558,3.88081
3,32,additive,high,OLS,0.20403,0,0.0837061,0,13.1447,3.60657,3.64467
3,32,additive,high,ISD-1,0.20403,0,0.101307,0,13.1447,2.87314,4.57505
3,32,additive,high,ISD-3,0.20403,0,0.100002,0,13.1447,2.88297,4.55944
3,32,additive,high,ElasticNet,0.20403,0,0.0846104,0,13.1447,3.59606,3.65531
3,32,additive,high,MCMC-add,0.20403,0,0.0837222,0,13.1447,0.284445,46.2119
3,32,additive,high,MCMC-comb,0.20403,0,0.0842955,0.11869,13.1447,0.372637,35.2749
3,32,multiplicative,high,OLS,0,0.174606,0.0078014,0.174606,0.780991,0.709771,1.10034
3,32,multiplicative,high,ISD-1,0,0.174606,0,0.174606,0.780991,0.780991,1
3,32,multiplicative,high,ISD-3,0,0.174606,0,0.174606,0.780991,0.780991,1
3,32,multiplicative,high,ElasticNet,0,0.174606,0.00224432,0.174606,0.780991,0.859912,0.908222
3,32,multiplicative,high,MCMC-add,0,0.174606,0.00778849,0.174606,0.780991,0.813204,0.960387
3,32,multiplicative,high,MCMC-comb,0,0.174606,0.00934046,0.196244,0.780991,1.01217,0.771604
3,32,combined,high,OLS,0.20403,0.174606,0.0840082,0.174606,13.6021,2.9414,4.62438
3,32,combined,high,ISD-1,0.20403,0.174606,0.105994,0.174606,13.6021,3.196,4.25599
3,32,combined,high,ISD-3,0.20403,0.174606,0.101124,0.174606,13.6021,3.17485,4.28434
3,32,combined,high,ElasticNet,0.20403,0.174606,0.0849151,0.174606,13.6021,2.89825,4.69323
3,32,combined,high,MCMC-add,0.20403,0.174606,0.084025,0.174606,13.6021,0.877385,15.503
3,32,combined,high,MCMC-comb,0.20403,0.174606,0.0860202,0.130411,13.6021,0.585412,23.2352
3,64,additive,low,OLS,0.0413661,0,0.00963121,0,0.637531,0.334399,1.9065
3,64,additive,low,ISD-1,0.0413661,0,0.0219511,0,0.637531,0.406827,1.56708
3,64,additive,low,ISD-3,0.0413661,0,0.0194627,0,0.637531,0.246189,2.5896
3,64,additive,low,ElasticNet,0.0413661,0,0.00915452,0,0.637531,0.307222,2.07515
3,64,additive,low,MCMC-add,0.0413661,0,0.00965337,0,0.637531,0.359252,1.77461
3,64,additive,low,MCMC-comb,0.0413661,0,0.00954591,0.0425207,0.637531,1.15587,0.551559
3,64,multiplicative,low,OLS,0,0.0358076,0.0277658,0.0358076,0.435259,0.473797,0.918661
3,64,multiplicative,low,ISD-1,0,0.0358076,0,0.0358076,0.435259,0.435259,1
3,64,multiplicative,low,ISD-3,0,0.0358076,0.00896178,0.0358076,0.435259,0.478447,0.909733
3,64,multiplicative,low,ElasticNet,0,0.0358076,0.021623,0.0358076,0.435259,0.486831,0.894066
3,64,multiplicative,low,MCMC-add,0,0.0358076,0.0277893,0.0358076,0.435259,1.14931,0.378712
3,64,multiplicative,low,MCMC-comb,0,0.0358076,0.0273956,0.0436062,0.435259,1.53101,0.284295
3,64,combined,low,OLS,0.0413661,0.0358076,0.00985715,0.0358076,0.885417,0.294029,3.01132
3,64,combined,low,ISD-1,0.0413661,0.0358076,0.0222439,0.0358076,0.885417,0.284051,3.11711
3,64,combined,low,ISD-3,0.0413661,0.0358076,0.0195935,0.0358076,0.885417,0.292894,3.02299
3,64,combined,low,ElasticNet,0.0413661,0.0358076,0.00931095,0.0358076,0.885417,0.205883,4.30058
3,64,combined,low,MCMC-add,0.0413661,0.0358076,0.00987905,0.0358076,0.885417,0.755572,1.17185
3,64,combined,low,MCMC-comb,0.0413661,0.0358076,0.00949671,0.0432965,0.885417,1.15501,0.766592
3,64,additive,medium,OLS,0.103415,0,0.0183519,0,3.61936,4.73451,0.764464
3,64,additive,medium,ISD-1,0.103415,0,0.0502116,0,3.61936,0.288855,12.53
3,64,additive,medium,ISD-3,0.103415,0,0.0467908,0,3.61936,0.29745,12.168
3,64,additive,medium,ElasticNet,0.103415,0,0.0192854,0,3.61936,4.67528,0.774148
3,64,additive,medium,MCMC-add,0.103415,0,0.0183287,0,3.61936,0.326675,11.0794
3,64,additive,medium,MCMC-comb,0.103415,0,0.0184353,0.0243921,3.61936,0.313381,11.5494
3,64,multiplicative,medium,OLS,0,0.089519,0.0280642,0.089519,1.26251,1.23748,1.02022
3,64,multiplicative,medium,ISD-1,0,0.089519,0,0.089519,1.26251,1.26251,1
3,64,multiplicative,medium,ISD-3,0,0.089519,0.00908209,0.089519,1.26251,1.16444,1.08422
3,64,multiplicative,medium,ElasticNet,0,0.089519,0.0209248,0.089519,1.26251,1.24509,1.01399
3,64,multiplicative,medium,MCMC-add,0,0.089519,0.0280878,0.089519,1.26251,1.93027,0.654059
3,64,multiplicative,medium,MCMC-comb,0,0.089519,0.0268593,0.0424025,1.26251,1.50089,0.841173
3,64,combined,medium,OLS,0.103415,0.089519,0.0184492,0.089519,4.35812,6.2386,0.698573
3,64,combined,medium,ISD-1,0.103415,0.089519,0.0509899,0.089519,4.35812,1.03843,4.19683
3,64,combined,medium,ISD-3,0.103415,0.089519,0.0471728,0.089519,4.35812,1.12721,3.8663
3,64,combined,medium,ElasticNet,0.103415,0.089519,0.0195232,0.089519,4.35812,6.22292,0.700333
3,64,combined,medium,MCMC-add,0.103415,0.089519,0.0184254,0.089519,4.35812,1.04258,4.18014
3,64,combined,medium,MCMC-comb,0.103415,0.089519,0.0188848,0.0424489,4.35812,0.575252,7.57601
3,64,additive,high,OLS,0.20683,0,0.065525,0,13.3903,6.43163,2.08194
3,64,additive,high,ISD-1,0.20683,0,0.101403,0,13.3903,2.63543,5.08087
3,64,additive,high,ISD-3,0.20683,0,0.106137,0,13.3903,2.44865,5.46845
3,64,additive,high,ElasticNet,0.20683,0,0.0676905,0,13.3903,6.30666,2.1232
3,64,additive,high,MCMC-add,0.20683,0,0.0655025,0,13.3903,0.374647,35.7411
3,64,additive,high,MCMC-comb,0.20683,0,0.0666615,0.0290718,13.3903,0.608862,21.9923
3,64,multiplicative,high,OLS,0,0.179038,0.0286039,0.179038,2.93964,2.75893,1.0655
3,64,multiplicative,high,ISD-1,0,0.179038,0,0.179038,2.93964,2.93964,1
3,64,multiplicative,high,ISD-3,0,0.179038,0.00580485,0.179038,2.93964,2.87305,1.02318
3,64,multiplicative,high,ElasticNet,0,0.179038,0.0238078,0.179038,2.93964,2.87913,1.02102
3,64,multiplicative,high,MCMC-add,0,0.179038,0.0286278,0.179038,2.93964,3.61135,0.814
3,64,multiplicative,high,MCMC-comb,0,0.179038,0.0267652,0.0651398,2.93964,0.376283,7.8123
3,64,combined,high,OLS,0.20683,0.179038,0.0664199,0.179038,15.1271,14.67,1.03116
3,64,combined,high,ISD-1,0.20683,0.179038,0.097602,0.179038,15.1271,4.21662,3.58749
3,64,combined,high,ISD-3,0.20683,0.179038,0.101469,0.179038,15.1271,4.09752,3.69177
3,64,combined,high,ElasticNet,0.20683,0.179038,0.0685855,0.179038,15.1271,14.0294,1.07824
3,64,combined,high,MCMC-add,0.20683,0.179038,0.0663963,0.179038,15.1271,2.50442,6.04016
3,64,combined,high,MCMC-comb,0.20683,0.179038,0.0687271,0.073965,15.1271,0.395557,38.2425
4,32,additive,low,OLS,0.0486715,0,0.0221247,0,0.617179,0.192723,3.20241
4,32,additive,low,ISD-1,0.0486715,0,0.0236002,0,0.617179,0.222734,2.77092
4,32,additive,low,ISD-3,0.0486715,0,0.0230816,0,0.617179,0.207558,2.97353
4,32,additive,low,ElasticNet,0.0486715,0,0.0202111,0,0.617179,0.155354,3.97272
4,32,additive,low,MCMC-add,0.0486715,0,0.0221066,0,0.617179,0.200204,3.08274
4,32,additive,low,MCMC-comb,0.0486715,0,0.0223484,0.0352202,0.617179,0.0974143,6.3356
4,32,multiplicative,low,OLS,0,0.040717,0.00531014,0.040717,0.139706,0.15073,0.926861
4,32,multiplicative,low,ISD-1,0,0.040717,0,0.040717,0.139706,0.139706,1
4,32,multiplicative,low,ISD-3,0,0.040717,0.00205292,0.040717,0.139706,0.269739,0.51793
4,32,multiplicative,low,ElasticNet,0,0.040717,0,0.040717,0.139706,0.139706,1
4,32,multiplicative,low,MCMC-add,0,0.040717,0.00529056,0.040717,0.139706,0.134558,1.03826
4,32,multiplicative,low,MCMC-comb,0,0.040717,0.00525499,0.0369406,0.139706,0.216994,0.643823
4,32,combined,low,OLS,0.0486715,0.040717,0.0219237,0.040717,0.520957,0.072683,7.16752
4,32,combined,low,ISD-1,0.0486715,0.040717,0.0235516,0.040717,0.520957,0.149645,3.48128
4,32,combined,low,ISD-3,0.0486715,0.040717,0.0230799,0.040717,0.520957,0.154194,3.37858
4,32,combined,low,ElasticNet,0.0486715,0.040717,0.0200596,0.040717,0.520957,0.124576,4.18185
4,32,combined,low,MCMC-add,0.0486715,0.040717,0.0219057,0.040717,0.520957,0.163731,3.18178
4,32,combined,low,MCMC-comb,0.0486715,0.040717,0.0222757,0.036576,0.520957,0.0904887,5.75715
4,32,additive,medium,OLS,0.121679,0,0.0482617,0,3.62025,0.524007,6.90879
4,32,additive,medium,ISD-1,0.121679,0,0.0502647,0,3.62025,0.70145,5.16109
4,32,additive,medium,ISD-3,0.121679,0,0.053161,0,3.62025,0.749043,4.83317
4,32,additive,medium,ElasticNet,0.121679,0,0.0481727,0,3.62025,0.528543,6.84949
4,32,additive,medium,MCMC-add,0.121679,0,0.0482444,0,3.62025,0.350801,10.32
4,32,additive,medium,MCMC-comb,0.121679,0,0.0485166,0.0312618,3.62025,0.174543,20.7413
4,32,multiplicative,medium,OLS,0,0.101793,0.00512121,0.101793,0.294651,0.326919,0.901297
4,32,multiplicative,medium,ISD-1,0,0.101793,0,0.101793,0.294651,0.294651,1
4,32,multiplicative,medium,ISD-3,0,0.101793,0.00230251,0.101793,0.294651,0.43977,0.670013
4,32,multiplicative,medium,ElasticNet,0,0.101793,0,0.101793,0.294651,0.294651,1
4,32,multiplicative,medium,MCMC-add,0,0.101793,0.00510175,0.101793,0.294651,0.276805,1.06447
4,32,multiplicative,medium,MCMC-comb,0,0.101793,0.00500697,0.0447031,0.294651,0.280724,1.04961
4,32,combined,medium,OLS,0.121679,0.101793,0.0477613,0.101793,3.38407,0.290772,11.6382
4,32,combined,medium,ISD-1,0.121679,0.101793,0.0495307,0.101793,3.38407,0.492901,6.86562
4,32,combined,medium,ISD-3,0.121679,0.101793,0.0529116,0.101793,3.38407,0.473196,7.15151
4,32,combined,medium,ElasticNet,0.121679,0.101793,0.0479709,0.101793,3.38407,0.24839,13.624
4,32,combined,medium,MCMC-add,0.121679,0.101793,0.0477442,0.101793,3.38407,0.151342,22.3604
4,32,combined,medium,MCMC-comb,0.121679,0.101793,0.0484166,0.0324279,3.38407,0.175729,19.2573
4,32,additive,high,OLS,0.243357,0,0.0912384,0,14.7615,1.5152,9.7423
4,32,additive,high,ISD-1,0.243357,0,0.0895154,0,14.7615,2.62958,5.61364
4,32,additive,high,ISD-3,0.243357,0,0.100366,0,14.7615,2.43347,6.06605
4,32,additive,high,ElasticNet,0.243357,0,0.0947096,0,14.7615,1.52734,9.66484
4,32,additive,high,MCMC-add,0.243357,0,0.0912213,0,14.7615,0.658846,22.4051
4,32,additive,high,MCMC-comb,0.243357,0,0.0914581,0.0240193,14.7615,0.629623,23.445
4,32,multiplicative,high,OLS,0,0.203585,0.00491392,0.203585,0.380985,0.41728,0.913019
4,32,multiplicative,high,ISD-1,0,0.203585,0,0.203585,0.380985,0.380985,1
4,32,multiplicative,high,ISD-3,0,0.203585,0.00270334,0.203585,0.380985,0.515294,0.739354
4,32,multiplicative,high,ElasticNet,0,0.203585,0,0.203585,0.380985,0.380985,1
4,32,multiplicative,high,MCMC-add,0,0.203585,0.00489495,0.203585,0.380985,0.391687,0.972676
4,32,multiplicative,high,MCMC-comb,0,0.203585,0.00483439,0.0694847,0.380985,0.491282,0.775491
4,32,combined,high,OLS,0.243357,0.203585,0.0902539,0.203585,14.4488,1.00658,14.3543
4,32,combined,high,ISD-1,0.243357,0.203585,0.0887648,0.203585,14.4488,2.1545,6.70633
4,32,combined,high,ISD-3,0.243357,0.203585,0.094283,0.203585,14.4488,1.85455,7.79099
4,32,combined,high,ElasticNet,0.243357,0.203585,0.0944022,0.203585,14.4488,0.994469,14.5291
4,32,combined,high,MCMC-add,0.243357,0.203585,0.0902372,0.203585,14.4488,0.256968,56.2279
4,32,combined,high,MCMC-comb,0.243357,0.203585,0.0906718,0.0473644,14.4488,0.398641,36.2451
4,64,additive,low,OLS,0.0494883,0,0.0415152,0,1.2552,0.645657,1.94406
4,64,additive,low,ISD-1,0.0494883,0,0.0234024,0,1.2552,0.70346,1.78432
4,64,additive,low,ISD-3,0.0494883,0,0.024983,0,1.2552,0.670321,1.87253
4,64,additive,low,ElasticNet,0.0494883,0,0.0413675,0,1.2552,0.6407,1.9591
4,64,additive,low,MCMC-add,0.0494883,0,0.0415377,0,1.2552,1.01167,1.24071
4,64,additive,low,MCMC-comb,0.0494883,0,0.0419498,0.0229345,1.2552,0.591497,2.12207
4,64,multiplicative,low,OLS,0,0.0416557,0.0235664,0.0416557,0.371554,0.528489,0.70305
4,64,multiplicative,low,ISD-1,0,0.0416557,0,0.0416557,0.371554,0.371554,1
4,64,multiplicative,low,ISD-3,0,0.0416557,0,0.0416557,0.371554,0.371554,1
4,64,multiplicative,low,ElasticNet,0,0.0416557,0.0162983,0.0416557,0.371554,0.53081,0.699975
4,64,multiplicative,low,MCMC-add,0,0.0416557,0.0235871,0.0416557,0.371554,0.323072,1.15007
4,64,multiplicative,low,MCMC-comb,0,0.0416557,0.0233366,0.0158005,0.371554,0.57283,0.648629
4,64,combined,low,OLS,0.0494883,0.0416557,0.0414598,0.0416557,0.91528,0.432872,2.11444
4,64,combined,low,ISD-1,0.0494883,0.0416557,0.0230134,0.0416557,0.91528,0.342468,2.6726
4,64,combined,low,ISD-3,0.0494883,0.0416557,0.0249067,0.0416557,0.91528,0.32389,2.8259
4,64,combined,low,ElasticNet,0.0494883,0.0416557,0.0413075,0.0416557,0.91528,0.458962,1.99424
4,64,combined,low,MCMC-add,0.0494883,0.0416557,0.0414819,0.0416557,0.91528,0.583647,1.56821
4,64,combined,low,MCMC-comb,0.0494883,0.0416557,0.0411514,0.0156638,0.91528,0.989025,0.925437
4,64,additive,medium,OLS,0.123721,0,0.0683618,0,5.82971,2.06167,2.82766
4,64,additive,medium,ISD-1,0.123721,0,0.0520413,0,5.82971,2.44506,2.38428
4,64,additive,medium,ISD-3,0.123721,0,0.0553442,0,5.82971,2.34165,2.48957
4,64,additive,medium,ElasticNet,0.123721,0,0.0680175,0,5.82971,2.057,2.83408
4,64,additive,medium,MCMC-add,0.123721,0,0.0683849,0,5.82971,1.74904,3.3331
4,64,additive,medium,MCMC-comb,0.123721,0,0.0687956,0.0207834,5.82971,1.20905,4.82173
4,64,multiplicative,medium,OLS,0,0.104139,0.0236397,0.104139,1.00679,1.02402,0.983175
4,64,multiplicative,medium,ISD-1,0,0.104139,0,0.104139,1.00679,1.00679,1
4,64,multiplicative,medium,ISD-3,0,0.104139,0,0.104139,1.00679,1.00679,1
4,64,multiplicative,medium,ElasticNet,0,0.104139,0.0155239,0.104139,1.00679,1.02974,0.97772
4,64,multiplicative,medium,MCMC-add,0,0.104139,0.0236596,0.104139,1.00679,0.448161,2.2465
4,64,multiplicative,medium,MCMC-comb,0,0.104139,0.0223866,0.0127514,1.00679,0.642608,1.56673
4,64,combined,medium,OLS,0.123721,0.104139,0.0681662,0.104139,5.04974,1.05307,4.79524
4,64,combined,medium,ISD-1,0.123721,0.104139,0.051999,0.104139,5.04974,1.52471,3.31193
4,64,combined,medium,ISD-3,0.123721,0.104139,0.0554913,0.104139,5.04974,1.37243,3.67942
4,64,combined,medium,ElasticNet,0.123721,0.104139,0.0678103,0.104139,5.04974,1.08479,4.65506
4,64,combined,medium,MCMC-add,0.123721,0.104139,0.0681889,0.104139,5.04974,0.8127,6.21353
4,64,combined,medium,MCMC-comb,0.123721,0.104139,0.0682716,0.0190281,5.04974,1.3858,3.64393
4,64,additive,high,OLS,0.247441,0,0.112416,0,21.6246,6.01627,3.59435
4,64,additive,high,ISD-1,0.247441,0,0.103362,0,21.6246,7.3831,2.92893
4,64,additive,high,ISD-3,0.247441,0,0.107333,0,21.6246,7.00565,3.08674
4,64,additive,high,ElasticNet,0.247441,0,0.111721,0,21.6246,5.99539,3.60687
4,64,additive,high,MCMC-add,0.247441,0,0.11244,0,21.6246,3.07343,7.03597
4,64,additive,high,MCMC-comb,0.247441,0,0.11196,0.0275955,21.6246,3.59948,6.0077
4,64,multiplicative,high,OLS,0,0.208279,0.0239523,0.208279,1.44982,1.59989,0.906199
4,64,multiplicative,high,ISD-1,0,0.208279,0,0.208279,1.44982,1.44982,1
4,64,multiplicative,high,ISD-3,0,0.208279,0,0.208279,1.44982,1.44982,1
4,64,multiplicative,high,ElasticNet,0,0.208279,0,0.208279,1.44982,1.44982,1
4,64,multiplicative,high,MCMC-add,0,0.208279,0.023971,0.208279,1.44982,0.99482,1.45736
4,64,multiplicative,high,MCMC-comb,0,0.208279,0.0213341,0.0944724,1.44982,1.53372,0.945295
4,64,combined,high,OLS,0.247441,0.208279,0.111979,0.208279,20.4662,4.05896,5.04224
4,64,combined,high,ISD-1,0.247441,0.208279,0.103196,0.208279,20.4662,5.92999,3.45131
4,64,combined,high,ISD-3,0.247441,0.208279,0.0960228,0.208279,20.4662,5.27391,3.88066
4,64,combined,high,ElasticNet,0.247441,0.208279,0.11127,0.208279,20.4662,4.06448,5.03539
4,64,combined,high,MCMC-add,0.247441,0.208279,0.112002,0.208279,20.4662,1.49216,13.7159
4,64,combined,high,MCMC-comb,0.247441,0.208279,0.10985,0.0926541,20.4662,0.828584,24.7003
4,128,additive,low,OLS,0.0496747,0,0.121448,0,1.04419,0.924622,1.12932
4,128,additive,low,ISD-1,0.0496747,0,0.0256534,0,1.04419,0.811403,1.2869
4,128,additive,low,ISD-3,0.0496747,0,0.0255535,0,1.04419,0.817808,1.27682
4,128,additive,low,ElasticNet,0.0496747,0,0.121297,0,1.04419,0.909952,1.14752
4,128,additive,low,MCMC-add,0.0496747,0,0.121473,0,1.04419,4.23019,0.246843
4,128,additive,low,MCMC-comb,0.0496747,0,0.119801,0.062681,1.04419,6.34116,0.164669
4,128,multiplicative,low,OLS,0,0.0419167,0.100212,0.0419167,0.548545,0.584346,0.938733
4,128,multiplicative,low,ISD-1,0,0.0419167,0,0.0419167,0.548545,0.548545,1
4,128,multiplicative,low,ISD-3,0,0.0419167,0.00352212,0.0419167,0.548545,0.598724,0.916189
4,128,multiplicative,low,ElasticNet,0,0.0419167,0.0983959,0.0419167,0.548545,0.592606,0.925649
4,128,multiplicative,low,MCMC-add,0,0.0419167,0.100237,0.0419167,0.548545,2.823,0.194313
4,128,multiplicative,low,MCMC-comb,0,0.0419167,0.0979351,0.0500339,0.548545,5.2812,0.103867
4,128,combined,low,OLS,0.0496747,0.0419167,0.120106,0.0419167,0.518527,0.274019,1.8923
4,128,combined,low,ISD-1,0.0496747,0.0419167,0.0256438,0.0419167,0.518527,0.245142,2.11521
4,128,combined,low,ISD-3,0.0496747,0.0419167,0.0255752,0.0419167,0.518527,0.267822,1.93609
4,128,combined,low,ElasticNet,0.0496747,0.0419167,0.119944,0.0419167,0.518527,0.310657,1.66913
4,128,combined,low,MCMC-add,0.0496747,0.0419167,0.120131,0.0419167,0.518527,3.47904,0.149043
4,128,combined,low,MCMC-comb,0.0496747,0.0419167,0.118009,0.0569036,0.518527,6.2153,0.0834275
4,128,additive,medium,OLS,0.124187,0,0.151136,0,3.99118,2.59418,1.53851
4,128,additive,medium,ISD-1,0.124187,0,0.0574873,0,3.99118,2.71519,1.46994
4,128,additive,medium,ISD-3,0.124187,0,0.060037,0,3.99118,2.68331,1.48741
4,128,additive,medium,ElasticNet,0.124187,0,0.150784,0,3.99118,2.58583,1.54348
4,128,additive,medium,MCMC-add,0.124187,0,0.151161,0,3.99118,5.2269,0.763584
4,128,additive,medium,MCMC-comb,0.124187,0,0.14932,0.0725025,3.99118,7.68252,0.519514
4,128,multiplicative,medium,OLS,0,0.104792,0.0986498,0.104792,1.30896,1.47553,0.887112
4,128,multiplicative,medium,ISD-1,0,0.104792,0,0.104792,1.30896,1.30896,1
4,128,multiplicative,medium,ISD-3,0,0.104792,0.00718292,0.104792,1.30896,1.46987,0.89053
4,128,multiplicative,medium,ElasticNet,0,0.104792,0.0985388,0.104792,1.30896,1.47007,0.890405
4,128,multiplicative,medium,MCMC-add,0,0.104792,0.0986731,0.104792,1.30896,1.91118,0.684898
4,128,multiplicative,medium,MCMC-comb,0,0.104792,0.0965769,0.0403475,1.30896,4.75753,0.275134
4,128,combined,medium,OLS,0.124187,0.104792,0.147898,0.104792,2.87385,1.08799,2.64143
4,128,combined,medium,ISD-1,0.124187,0.104792,0.0578984,0.104792,2.87385,1.28377,2.23859
4,128,combined,medium,ISD-3,0.124187,0.104792,0.0576402,0.104792,2.87385,1.09302,2.62926
4,128,combined,medium,ElasticNet,0.124187,0.104792,0.147523,0.104792,2.87385,1.09853,2.61608
4,128,combined,medium,MCMC-add,0.124187,0.104792,0.147922,0.104792,2.87385,3.57807,0.803184
4,128,combined,medium,MCMC-comb,0.124187,0.104792,0.146138,0.0581788,2.87385,6.91097,0.415838
4,128,additive,high,OLS,0.248374,0,0.199793,0,13.2867,7.22719,1.83843
4,128,additive,high,ISD-1,0.248374,0,0.109648,0,13.2867,7.72091,1.72087
4,128,additive,high,ISD-3,0.248374,0,0.115702,0,13.2867,7.33616,1.81112
4,128,additive,high,ElasticNet,0.248374,0,0.199092,0,13.2867,7.23921,1.83537
4,128,additive,high,MCMC-add,0.248374,0,0.199819,0,13.2867,7.31564,1.8162
4,128,additive,high,MCMC-comb,0.248374,0,0.198511,0.0926208,13.2867,10.4011,1.27743
4,128,multiplicative,high,OLS,0,0.209584,0.0973007,0.209584,2.29529,2.88388,0.795902
4,128,multiplicative,high,ISD-1,0,0.209584,0.0117436,0.209584,2.29529,2.54988,0.900156
4,128,multiplicative,high,ISD-3,0,0.209584,0.0126502,0.209584,2.29529,2.57911,0.889954
4,128,multiplicative,high,ElasticNet,0,0.209584,0.0971921,0.209584,2.29529,2.88702,0.795036
4,128,multiplicative,high,MCMC-add,0,0.209584,0.0973221,0.209584,2.29529,0.689246,3.33014
4,128,multiplicative,high,MCMC-comb,0,0.209584,0.0945821,0.0729101,2.29529,2.55646,0.897838
4,128,combined,high,OLS,0.248374,0.209584,0.193428,0.209584,11.6009,3.92998,2.95189
4,128,combined,high,ISD-1,0.248374,0.209584,0.107434,0.209584,11.6009,4.86243,2.38582
4,128,combined,high,ISD-3,0.248374,0.209584,0.112866,0.209584,11.6009,4.29779,2.69927
4,128,combined,high,ElasticNet,0.248374,0.209584,0.192694,0.209584,11.6009,3.93567,2.94763
4,128,combined,high,MCMC-add,0.248374,0.209584,0.193452,0.209584,11.6009,4.1627,2.78686
4,128,combined,high,MCMC-comb,0.248374,0.209584,0.19235,0.0904592,11.6009,7.8276,1.48205
5,32,additive,low,OLS,0.0448153,0,0.0130737,0,0.411896,0.156606,2.63014
5,32,additive,low,ISD-1,0.0448153,0,0.0311689,0,0.411896,0.142468,2.89114
5,32,additive,low,ISD-3,0.0448153,0,0.0282112,0,0.411896,0.12425,3.31505
5,32,additive,low,ElasticNet,0.0448153,0,0.0132394,0,0.411896,0.155313,2.65204
5,32,additive,low,MCMC-add,0.0448153,0,0.0130891,0,0.411896,0.111177,3.70488
5,32,additive,low,MCMC-comb,0.0448153,0,0.0130327,0.0637944,0.411896,0.383123,1.0751
5,32,multiplicative,low,OLS,0,0.0448153,0.00746573,0.0448153,0.148417,0.154982,0.957638
5,32,multiplicative,low,ISD-1,0,0.0448153,0,0.0448153,0.148417,0.148417,1
5,32,multiplicative,low,ISD-3,0,0.0448153,0,0.0448153,0.148417,0.148417,1
5,32,multiplicative,low,ElasticNet,0,0.0448153,0,0.0448153,0.148417,0.148417,1
5,32,multiplicative,low,MCMC-add,0,0.0448153,0.00745332,0.0448153,0.148417,0.17503,0.847953
5,32,multiplicative,low,MCMC-comb,0,0.0448153,0.00770805,0.0553006,0.148417,0.283015,0.524412
5,32,combined,low,OLS,0.0448153,0.0448153,0.0131323,0.0448153,0.499433,0.0947624,5.27037
5,32,combined,low,ISD-1,0.0448153,0.0448153,0.0312497,0.0448153,0.499433,0.165578,3.01631
5,32,combined,low,ISD-3,0.0448153,0.0448153,0.028305,0.0448153,0.499433,0.0976186,5.11617
5,32,combined,low,ElasticNet,0.0448153,0.0448153,0.0132969,0.0448153,0.499433,0.09818,5.08691
5,32,combined,low,MCMC-add,0.0448153,0.0448153,0.0131476,0.0448153,0.499433,0.114997,4.34301
5,32,combined,low,MCMC-comb,0.0448153,0.0448153,0.0132444,0.0545315,0.499433,0.375341,1.33061
5,32,additive,medium,OLS,0.112038,0,0.0395542,0,2.89175,0.0979326,29.5279
5,32,additive,medium,ISD-1,0.112038,0,0.0584907,0,2.89175,0.259088,11.1613
5,32,additive,medium,ISD-3,0.112038,0,0.0551239,0,2.89175,0.188085,15.3747
5,32,additive,medium,ElasticNet,0.112038,0,0.0399894,0,2.89175,0.113889,25.3908
5,32,additive,medium,MCMC-add,0.112038,0,0.0395703,0,2.89175,0.264447,10.9351
5,32,additive,medium,MCMC-comb,0.112038,0,0.0394724,0.0616868,2.89175,0.535792,5.39715
5,32,multiplicative,medium,OLS,0,0.112038,0.0077758,0.112038,0.314443,0.254628,1.23491
5,32,multiplicative,medium,ISD-1,0,0.112038,0,0.112038,0.314443,0.314443,1
5,32,multiplicative,medium,ISD-3,0,0.112038,0,0.112038,0.314443,0.314443,1
5,32,multiplicative,medium,ElasticNet,0,0.112038,0,0.112038,0.314443,0.314443,1
5,32,multiplicative,medium,MCMC-add,0,0.112038,0.00776349,0.112038,0.314443,0.272751,1.15285
5,32,multiplicative,medium,MCMC-comb,0,0.112038,0.00836852,0.0434051,0.314443,0.235842,1.33328
5,32,combined,medium,OLS,0.112038,0.112038,0.039542,0.112038,3.1073,0.077151,40.2756
5,32,combined,medium,ISD-1,0.112038,0.112038,0.0586885,0.112038,3.1073,0.27721,11.2092
5,32,combined,medium,ISD-3,0.112038,0.112038,0.0604558,0.112038,3.1073,0.328707,9.45311
5,32,combined,medium,ElasticNet,0.112038,0.112038,0.0399768,0.112038,3.1073,0.0683775,45.4433
5,32,combined,medium,MCMC-add,0.112038,0.112038,0.0395583,0.112038,3.1073,0.168076,18.4875
5,32,combined,medium,MCMC-comb,0.112038,0.112038,0.0397516,0.0440342,3.1073,0.465036,6.68184
5,32,additive,high,OLS,0.224076,0,0.0847194,0,11.728,0.307416,38.1502
5,32,additive,high,ISD-1,0.224076,0,0.122826,0,11.728,1.21145,9.68099
5,32,additive,high,ISD-3,0.224076,0,0.113259,0,11.728,0.876834,13.3754
5,32,additive,high,ElasticNet,0.224076,0,0.0855894,0,11.728,0.314172,37.3299
5,32,additive,high,MCMC-add,0.224076,0,0.0847353,0,11.728,0.439195,26.7034
5,32,additive,high,MCMC-comb,0.224076,0,0.0847909,0.043518,11.728,0.594503,19.7274
5,32,multiplicative,high,OLS,0,0.224076,0.00831917,0.224076,0.722106,0.699545,1.03225
5,32,multiplicative,high,ISD-1,0,0.224076,0,0.224076,0.722106,0.722106,1
5,32,multiplicative,high,ISD-3,0,0.224076,0.00429077,0.224076,0.722106,0.710324,1.01659
5,32,multiplicative,high,ElasticNet,0,0.224076,0,0.224076,0.722106,0.722106,1
5,32,multiplicative,high,MCMC-add,0,0.224076,0.00830695,0.224076,0.722106,0.744915,0.96938
5,32,multiplicative,high,MCMC-comb,0,0.224076,0.00940588,0.0317883,0.722106,0.190299,3.79458
5,32,combined,high,OLS,0.224076,0.224076,0.0846145,0.224076,12.2878,0.119441,102.878
5,32,combined,high,ISD-1,0.224076,0.224076,0.122837,0.224076,12.2878,1.01483,12.1083
5,32,combined,high,ISD-3,0.224076,0.224076,0.105427,0.224076,12.2878,0.690382,17.7986
5,32,combined,high,ElasticNet,0.224076,0.224076,0.0854849,0.224076,12.2878,0.116967,105.054
5,32,combined,high,MCMC-add,0.224076,0.224076,0.0846312,0.224076,12.2878,0.295151,41.6324
5,32,combined,high,MCMC-comb,0.224076,0.224076,0.0837788,0.0147395,12.2878,0.519932,23.6335
5,64,additive,low,OLS,0.0438785,0,0.00950879,0,0.351456,0.213512,1.64607
5,64,additive,low,ISD-1,0.0438785,0,0.0295993,0,0.351456,0.202473,1.73582
5,64,additive,low,ISD-3,0.0438785,0,0.0257236,0,0.351456,0.215437,1.63136
5,64,additive,low,ElasticNet,0.0438785,0,0.00938972,0,0.351456,0.206409,1.70271
5,64,additive,low,MCMC-add,0.0438785,0,0.00952906,0,0.351456,0.221292,1.5882
5,64,additive,low,MCMC-comb,0.0438785,0,0.0101516,0.0319342,0.351456,0.779802,0.450699
5,64,multiplicative,low,OLS,0,0.0438785,0.0262207,0.0438785,0.369198,0.461571,0.799873
5,64,multiplicative,low,ISD-1,0,0.0438785,0,0.0438785,0.369198,0.369198,1
5,64,multiplicative,low,ISD-3,0,0.0438785,0,0.0438785,0.369198,0.369198,1
5,64,multiplicative,low,ElasticNet,0,0.0438785,0.0161234,0.0438785,0.369198,0.490237,0.753102
5,64,multiplicative,low,MCMC-add,0,0.0438785,0.0262448,0.0438785,0.369198,0.894438,0.412772
5,64,multiplicative,low,MCMC-comb,0,0.0438785,0.0273885,0.0278354,0.369198,0.958378,0.385233
5,64,combined,low,OLS,0.0438785,0.0438785,0.00991302,0.0438785,0.578541,0.216463,2.67271
5,64,combined,low,ISD-1,0.0438785,0.0438785,0.029647,0.0438785,0.578541,0.179604,3.2212
5,64,combined,low,ISD-3,0.0438785,0.0438785,0.0292051,0.0438785,0.578541,0.164957,3.50723
5,64,combined,low,ElasticNet,0.0438785,0.0438785,0.00979492,0.0438785,0.578541,0.188263,3.07305
5,64,combined,low,MCMC-add,0.0438785,0.0438785,0.00993268,0.0438785,0.578541,0.658448,0.878644
5,64,combined,low,MCMC-comb,0.0438785,0.0438785,0.0115896,0.0266051,0.578541,0.642116,0.900991
5,64,additive,medium,OLS,0.109696,0,0.0217467,0,2.74713,0.276857,9.92258
5,64,additive,medium,ISD-1,0.109696,0,0.0633668,0,2.74713,0.183514,14.9697
5,64,additive,medium,ISD-3,0.109696,0,0.0604058,0,2.74713,0.203924,13.4714
5,64,additive,medium,ElasticNet,0.109696,0,0.0221718,0,2.74713,0.311678,8.81401
5,64,additive,medium,MCMC-add,0.109696,0,0.0217266,0,2.74713,0.30588,8.98108
5,64,additive,medium,MCMC-comb,0.109696,0,0.0216738,0.0297259,2.74713,0.193445,14.2011
5,64,multiplicative,medium,OLS,0,0.109696,0.0264942,0.109696,1.06341,1.14751,0.926714
5,64,multiplicative,medium,ISD-1,0,0.109696,0,0.109696,1.06341,1.06341,1
5,64,multiplicative,medium,ISD-3,0,0.109696,0,0.109696,1.06341,1.06341,1
5,64,multiplicative,medium,ElasticNet,0,0.109696,0.0158079,0.109696,1.06341,1.14281,0.930524
5,64,multiplicative,medium,MCMC-add,0,0.109696,0.0265184,0.109696,1.06341,1.59013,0.668756
5,64,multiplicative,medium,MCMC-comb,0,0.109696,0.0283957,0.0254545,1.06341,0.807416,1.31706
5,64,combined,medium,OLS,0.109696,0.109696,0.0221589,0.109696,3.54055,0.185015,19.1366
5,64,combined,medium,ISD-1,0.109696,0.109696,0.0637221,0.109696,3.54055,0.481221,7.35743
5,64,combined,medium,ISD-3,0.109696,0.109696,0.0606372,0.109696,3.54055,0.419447,8.441
5,64,combined,medium,ElasticNet,0.109696,0.109696,0.0225807,0.109696,3.54055,0.182995,19.3478
5,64,combined,medium,MCMC-add,0.109696,0.109696,0.0221388,0.109696,3.54055,0.746708,4.74155
5,64,combined,medium,MCMC-comb,0.109696,0.109696,0.0226073,0.0255408,3.54055,0.188098,18.8229
5,64,additive,high,OLS,0.219393,0,0.0672665,0,11.79,0.759968,15.5138
5,64,additive,high,ISD-1,0.219393,0,0.117611,0,11.79,1.46853,8.0284
5,64,additive,high,ISD-3,0.219393,0,0.112751,0,11.79,1.19267,9.88537
5,64,additive,high,ElasticNet,0.219393,0,0.0681283,0,11.79,0.710608,16.5914
5,64,additive,high,MCMC-add,0.219393,0,0.0672452,0,11.79,0.975808,12.0822
5,64,additive,high,MCMC-comb,0.219393,0,0.0672998,0.0109763,11.79,0.904321,13.0374
5,64,multiplicative,high,OLS,0,0.219393,0.0267734,0.219393,2.52812,2.57128,0.983213
5,64,multiplicative,high,ISD-1,0,0.219393,0,0.219393,2.52812,2.52812,1
5,64,multiplicative,high,ISD-3,0,0.219393,0,0.219393,2.52812,2.52812,1
5,64,multiplicative,high,ElasticNet,0,0.219393,0.0181233,0.219393,2.52812,2.5773,0.980917
5,64,multiplicative,high,MCMC-add,0,0.219393,0.0267979,0.219393,2.52812,3.14005,0.805121
5,64,multiplicative,high,MCMC-comb,0,0.219393,0.0289963,0.0256643,2.52812,0.558461,4.52694
5,64,combined,high,OLS,0.219393,0.219393,0.0673402,0.219393,13.643,0.213982,63.7577
5,64,combined,high,ISD-1,0.219393,0.219393,0.11943,0.219393,13.643,1.40417,9.71612
5,64,combined,high,ISD-3,0.219393,0.219393,0.114673,0.219393,13.643,1.16811,11.6796
5,64,combined,high,ElasticNet,0.219393,0.219393,0.0682124,0.219393,13.643,0.217596,62.699
5,64,combined,high,MCMC-add,0.219393,0.219393,0.0673178,0.219393,13.643,1.26351,10.7977
5,64,combined,high,MCMC-comb,0.219393,0.219393,0.0669882,0.0499489,13.643,1.48695,9.17516
6,32,additive,low,OLS,0.0334116,0,0.0239531,0,0.619257,0.329305,1.8805
6,32,additive,low,ISD-1,0.0334116,0,0.024866,0,0.619257,0.281791,2.19758
6,32,additive,low,ISD-3,0.0334116,0,0.0281717,0,0.619257,0.349263,1.77304
6,32,additive,low,ElasticNet,0.0334116,0,0.0221313,0,0.619257,0.38832,1.59471
6,32,additive,low,MCMC-add,0.0334116,0,0.0239365,0,0.619257,0.40514,1.5285
6,32,additive,low,MCMC-comb,0.0334116,0,0.0242086,0.160409,0.619257,1.59038,0.389376
6,32,multiplicative,low,OLS,0,0.0355293,0.00782735,0.0355293,0.255427,0.297621,0.858231
6,32,multiplicative,low,ISD-1,0,0.0355293,0,0.0355293,0.255427,0.255427,1
6,32,multiplicative,low,ISD-3,0,0.0355293,0,0.0355293,0.255427,0.255427,1
6,32,multiplicative,low,ElasticNet,0,0.0355293,0,0.0355293,0.255427,0.255427,1
6,32,multiplicative,low,MCMC-add,0,0.0355293,0.00781434,0.0355293,0.255427,0.260067,0.982161
6,32,multiplicative,low,MCMC-comb,0,0.0355293,0.00755688,0.151296,0.255427,1.29532,0.197193
6,32,combined,low,OLS,0.0334116,0.0355293,0.0241208,0.0355293,0.51459,0.260965,1.97188
6,32,combined,low,ISD-1,0.0334116,0.0355293,0.0247862,0.0355293,0.51459,0.238981,2.15327
6,32,combined,low,ISD-3,0.0334116,0.0355293,0.0281913,0.0355293,0.51459,0.191883,2.68179
6,32,combined,low,ElasticNet,0.0334116,0.0355293,0.0221766,0.0355293,0.51459,0.309204,1.66424
6,32,combined,low,MCMC-add,0.0334116,0.0355293,0.0241044,0.0355293,0.51459,0.259915,1.97984
6,32,combined,low,MCMC-comb,0.0334116,0.0355293,0.0237942,0.159026,0.51459,1.57143,0.327467
6,32,additive,medium,OLS,0.0835289,0,0.05074,0,3.07679,0.757223,4.06325
6,32,additive,medium,ISD-1,0.0835289,0,0.054266,0,3.07679,1.06686,2.88397
6,32,additive,medium,ISD-3,0.0835289,0,0.0535173,0,3.07679,0.937223,3.28288
6,32,additive,medium,ElasticNet,0.0835289,0,0.0505815,0,3.07679,0.707374,4.34959
6,32,additive,medium,MCMC-add,0.0835289,0,0.0507233,0,3.07679,0.479484,6.41688
6,32,additive,medium,MCMC-comb,0.0835289,0,0.0509454,0.174631,3.07679,1.95373,1.57483
6,32,multiplicative,medium,OLS,0,0.0888233,0.00821395,0.0888233,0.360222,0.485493,0.74197
6,32,multiplicative,medium,ISD-1,0,0.0888233,0,0.0888233,0.360222,0.360222,1
6,32,multiplicative,medium,ISD-3,0,0.0888233,0,0.0888233,0.360222,0.360222,1
6,32,multiplicative,medium,ElasticNet,0,0.0888233,0,0.0888233,0.360222,0.360222,1
6,32,multiplicative,medium,MCMC-add,0,0.0888233,0.00820117,0.0888233,0.360222,0.407997,0.882904
6,32,multiplicative,medium,MCMC-comb,0,0.0888233,0.00698689,0.145935,0.360222,1.17459,0.306679
6,32,combined,medium,OLS,0.0835289,0.0888233,0.0511593,0.0888233,2.91556,0.275422,10.5858
6,32,combined,medium,ISD-1,0.0835289,0.0888233,0.0539884,0.0888233,2.91556,0.836025,3.48741
6,32,combined,medium,ISD-3,0.0835289,0.0888233,0.0535901,0.0888233,2.91556,0.581572,5.01325
6,32,combined,medium,ElasticNet,0.0835289,0.0888233,0.050811,0.0888233,2.91556,0.241882,12.0537
6,32,combined,medium,MCMC-add,0.0835289,0.0888233,0.0511428,0.0888233,2.91556,0.343831,8.47963
6,32,combined,medium,MCMC-comb,0.0835289,0.0888233,0.0495295,0.190237,2.91556,2.00869,1.45147
6,32,additive,high,OLS,0.167058,0,0.0961898,0,12.2878,2.30688,5.32659
6,32,additive,high,ISD-1,0.167058,0,0.103013,0,12.2878,3.81633,3.2198
6,32,additive,high,ISD-3,0.167058,0,0.0998297,0,12.2878,3.32824,3.69199
6,32,additive,high,ElasticNet,0.167058,0,0.0994855,0,12.2878,2.279,5.39176
6,32,additive,high,MCMC-add,0.167058,0,0.0961731,0,12.2878,1.07419,11.4391
6,32,additive,high,MCMC-comb,0.167058,0,0.0962876,0.203723,12.2878,2.94213,4.1765
6,32,multiplicative,high,OLS,0,0.177647,0.00905935,0.177647,0.50388,0.627999,0.802359
6,32,multiplicative,high,ISD-1,0,0.177647,0,0.177647,0.50388,0.50388,1
6,32,multiplicative,high,ISD-3,0,0.177647,0,0.177647,0.50388,0.50388,1
6,32,multiplicative,high,ElasticNet,0,0.177647,0,0.177647,0.50388,0.50388,1
6,32,multiplicative,high,MCMC-add,0,0.177647,0.00904711,0.177647,0.50388,0.564878,0.892016
6,32,multiplicative,high,MCMC-comb,0,0.177647,0.00499404,0.180403,0.50388,1.41786,0.35538
6,32,combined,high,OLS,0.167058,0.177647,0.0971361,0.177647,12.1752,1.10592,11.0091
6,32,combined,high,ISD-1,0.167058,0.177647,0.0983185,0.177647,12.1752,3.0238,4.02645
6,32,combined,high,ISD-3,0.167058,0.177647,0.0959461,0.177647,12.1752,2.39691,5.07954
6,32,combined,high,ElasticNet,0.167058,0.177647,0.100041,0.177647,12.1752,1.07479,11.328
6,32,combined,high,MCMC-add,0.167058,0.177647,0.0971197,0.177647,12.1752,0.627656,19.3979
6,32,combined,high,MCMC-comb,0.167058,0.177647,0.0916041,0.1998,12.1752,2.66658,4.56584
6,64,additive,low,OLS,0.0342896,0,0.0418082,0,0.66544,0.472581,1.4081
6,64,additive,low,ISD-1,0.0342896,0,0.0296295,0,0.66544,0.584687,1.13811
6,64,additive,low,ISD-3,0.0342896,0,0.027942,0,0.66544,0.507002,1.3125
6,64,additive,low,ElasticNet,0.0342896,0,0.0378424,0,0.66544,0.423351,1.57184
6,64,additive,low,MCMC-add,0.0342896,0,0.0418321,0,0.66544,0.720783,0.923218
6,64,additive,low,MCMC-comb,0.0342896,0,0.0415773,0.0475958,0.66544,1.47779,0.450294
6,64,multiplicative,low,OLS,0,0.0359967,0.0236322,0.0359967,0.386561,0.418921,0.922755
6,64,multiplicative,low,ISD-1,0,0.0359967,0,0.0359967,0.386561,0.386561,1
6,64,multiplicative,low,ISD-3,0,0.0359967,0.00244322,0.0359967,0.386561,0.406942,0.949916
6,64,multiplicative,low,ElasticNet,0,0.0359967,0,0.0359967,0.386561,0.386561,1
6,64,multiplicative,low,MCMC-add,0,0.0359967,0.0236556,0.0359967,0.386561,0.148259,2.60734
6,64,multiplicative,low,MCMC-comb,0,0.0359967,0.0229687,0.0751162,0.386561,1.58232,0.244301
6,64,combined,low,OLS,0.0342896,0.0359967,0.0418874,0.0359967,0.384747,0.178105,2.16022
6,64,combined,low,ISD-1,0.0342896,0.0359967,0.0296935,0.0359967,0.384747,0.213236,1.80433
6,64,combined,low,ISD-3,0.0342896,0.0359967,0.0281493,0.0359967,0.384747,0.25169,1.52865
6,64,combined,low,ElasticNet,0.0342896,0.0359967,0.0385899,0.0359967,0.384747,0.164625,2.33711
6,64,combined,low,MCMC-add,0.0342896,0.0359967,0.0419112,0.0359967,0.384747,0.371481,1.03571
6,64,combined,low,MCMC-comb,0.0342896,0.0359967,0.0405868,0.0427127,0.384747,1.32741,0.289847
6,64,additive,medium,OLS,0.0857239,0,0.0694926,0,2.79107,1.36721,2.04144
6,64,additive,medium,ISD-1,0.0857239,0,0.05333,0,2.79107,1.67989,1.66147
6,64,additive,medium,ISD-3,0.0857239,0,0.0554381,0,2.79107,1.57293,1.77445
6,64,additive,medium,ElasticNet,0.0857239,0,0.065609,0,2.79107,1.39901,1.99503
6,64,additive,medium,MCMC-add,0.0857239,0,0.069517,0,2.79107,1.26451,2.20723
6,64,additive,medium,MCMC-comb,0.0857239,0,0.0694284,0.0708069,2.79107,2.51963,1.10773
6,64,multiplicative,medium,OLS,0,0.0899917,0.023814,0.0899917,0.727839,0.819807,0.887817
6,64,multiplicative,medium,ISD-1,0,0.0899917,0,0.0899917,0.727839,0.727839,1
6,64,multiplicative,medium,ISD-3,0,0.0899917,0.0053297,0.0899917,0.727839,0.856937,0.849349
6,64,multiplicative,medium,ElasticNet,0,0.0899917,0,0.0899917,0.727839,0.727839,1
6,64,multiplicative,medium,MCMC-add,0,0.0899917,0.0238373,0.0899917,0.727839,0.467879,1.55561
6,64,multiplicative,medium,MCMC-comb,0,0.0899917,0.0219433,0.066151,0.727839,1.41805,0.513269
6,64,combined,medium,OLS,0.0857239,0.0899917,0.0696993,0.0899917,2.0601,0.369667,5.57285
6,64,combined,medium,ISD-1,0.0857239,0.0899917,0.0531933,0.0899917,2.0601,0.845658,2.43609
6,64,combined,medium,ISD-3,0.0857239,0.0899917,0.0559577,0.0899917,2.0601,0.673849,3.05721
6,64,combined,medium,ElasticNet,0.0857239,0.0899917,0.0675718,0.0899917,2.0601,0.356841,5.77316
6,64,combined,medium,MCMC-add,0.0857239,0.0899917,0.0697234,0.0899917,2.0601,0.507088,4.0626
6,64,combined,medium,MCMC-comb,0.0857239,0.0899917,0.0670752,0.0748161,2.0601,2.42131,0.850819
6,64,additive,high,OLS,0.171448,0,0.116023,0,9.41702,4.20313,2.24048
6,64,additive,high,ISD-1,0.171448,0,0.102928,0,9.41702,4.67484,2.01441
6,64,additive,high,ISD-3,0.171448,0,0.0994213,0,9.41702,4.29871,2.19066
6,64,additive,high,ElasticNet,0.171448,0,0.114228,0,9.41702,4.17558,2.25526
6,64,additive,high,MCMC-add,0.171448,0,0.116048,0,9.41702,2.56988,3.66437
6,64,additive,high,MCMC-comb,0.171448,0,0.115866,0.0805092,9.41702,4.00079,2.35379
6,64,multiplicative,high,OLS,0,0.179983,0.0242326,0.179983,1.20243,1.28635,0.934761
6,64,multiplicative,high,ISD-1,0,0.179983,0,0.179983,1.20243,1.20243,1
6,64,multiplicative,high,ISD-3,0,0.179983,0.006079,0.179983,1.20243,1.27773,0.94107
6,64,multiplicative,high,ElasticNet,0,0.179983,0.0142242,0.179983,1.20243,1.27801,0.940866
6,64,multiplicative,high,MCMC-add,0,0.179983,0.0242554,0.179983,1.20243,0.914519,1.31483
6,64,multiplicative,high,MCMC-comb,0,0.179983,0.0191813,0.0641287,1.20243,0.395884,3.03734
6,64,combined,high,OLS,0.171448,0.179983,0.116596,0.179983,8.36396,1.62352,5.15173
6,64,combined,high,ISD-1,0.171448,0.179983,0.0965441,0.179983,8.36396,2.88211,2.90203
6,64,combined,high,ISD-3,0.171448,0.179983,0.100146,0.179983,8.36396,2.55715,3.27082
6,64,combined,high,ElasticNet,0.171448,0.179983,0.116105,0.179983,8.36396,1.61308,5.18509
6,64,combined,high,MCMC-add,0.171448,0.179983,0.116621,0.179983,8.36396,1.04758,7.98406
6,64,combined,high,MCMC-comb,0.171448,0.179983,0.109648,0.0869137,8.36396,2.93125,2.85338
6,128,additive,low,OLS,0.0349141,0,0.118489,0,1.05061,0.988798,1.06251
6,128,additive,low,ISD-1,0.0349141,0,0.0282908,0,1.05061,0.913237,1.15042
6,128,additive,low,ISD-3,0.0349141,0,0.0290043,0,1.05061,0.875008,1.20068
6,128,additive,low,ElasticNet,0.0349141,0,0.118134,0,1.05061,0.997168,1.05359
6,128,additive,low,MCMC-add,0.0349141,0,0.118515,0,1.05061,4.82988,0.217522
6,128,additive,low,MCMC-comb,0.0349141,0,0.116034,0.056094,1.05061,7.181,0.146304
6,128,multiplicative,low,OLS,0,0.0365027,0.100966,0.0365027,0.841242,0.758186,1.10955
6,128,multiplicative,low,ISD-1,0,0.0365027,0.00685954,0.0365027,0.841242,0.779391,1.07936
6,128,multiplicative,low,ISD-3,0,0.0365027,0.0069664,0.0365027,0.841242,0.820689,1.02504
6,128,multiplicative,low,ElasticNet,0,0.0365027,0.0882108,0.0365027,0.841242,0.755223,1.1139
6,128,multiplicative,low,MCMC-add,0,0.0365027,0.100991,0.0365027,0.841242,3.18331,0.264266
6,128,multiplicative,low,MCMC-comb,0,0.0365027,0.0982182,0.0480249,0.841242,5.8375,0.14411
6,128,combined,low,OLS,0.0349141,0.0365027,0.119537,0.0365027,0.469063,0.225653,2.07869
6,128,combined,low,ISD-1,0.0349141,0.0365027,0.0269931,0.0365027,0.469063,0.257541,1.82131
6,128,combined,low,ISD-3,0.0349141,0.0365027,0.0282671,0.0365027,0.469063,0.22027,2.12949
6,128,combined,low,ElasticNet,0.0349141,0.0365027,0.11939,0.0365027,0.469063,0.236784,1.98097
6,128,combined,low,MCMC-add,0.0349141,0.0365027,0.119563,0.0365027,0.469063,4.04147,0.116062
6,128,combined,low,MCMC-comb,0.0349141,0.0365027,0.117345,0.0550608,0.469063,6.88796,0.0680989
6,128,additive,medium,OLS,0.0872853,0,0.14665,0,3.64581,2.81428,1.29547
6,128,additive,medium,ISD-1,0.0872853,0,0.0567919,0,3.64581,2.71929,1.34072
6,128,additive,medium,ISD-3,0.0872853,0,0.0593334,0,3.64581,2.69207,1.35428
6,128,additive,medium,ElasticNet,0.0872853,0,0.146386,0,3.64581,2.80085,1.30168
6,128,additive,medium,MCMC-add,0.0872853,0,0.146676,0,3.64581,6.05278,0.602337
6,128,additive,medium,MCMC-comb,0.0872853,0,0.143945,0.0661309,3.64581,8.9313,0.408206
6,128,multiplicative,medium,OLS,0,0.0912567,0.102987,0.0912567,1.5225,1.74177,0.874113
6,128,multiplicative,medium,ISD-1,0,0.0912567,0.010979,0.0912567,1.5225,1.72266,0.883807
6,128,multiplicative,medium,ISD-3,0,0.0912567,0.0113626,0.0912567,1.5225,1.74542,0.872287
6,128,multiplicative,medium,ElasticNet,0,0.0912567,0.101836,0.0912567,1.5225,1.73847,0.875769
6,128,multiplicative,medium,MCMC-add,0,0.0912567,0.103013,0.0912567,1.5225,2.21128,0.688517
6,128,multiplicative,medium,MCMC-comb,0,0.0912567,0.0991771,0.0463677,1.5225,4.88455,0.311698
6,128,combined,medium,OLS,0.0872853,0.0912567,0.149423,0.0912567,2.61425,0.67156,3.89281
6,128,combined,medium,ISD-1,0.0872853,0.0912567,0.0552052,0.0912567,2.61425,1.03775,2.51915
6,128,combined,medium,ISD-3,0.0872853,0.0912567,0.0571682,0.0912567,2.61425,0.950388,2.75072
6,128,combined,medium,ElasticNet,0.0872853,0.0912567,0.149101,0.0912567,2.61425,0.686078,3.81043
6,128,combined,medium,MCMC-add,0.0872853,0.0912567,0.149448,0.0912567,2.61425,4.22385,0.618926
6,128,combined,medium,MCMC-comb,0.0872853,0.0912567,0.145176,0.0634326,2.61425,8.18506,0.319393
6,128,additive,high,OLS,0.174571,0,0.193921,0,10.6245,9.87879,1.07549
6,128,additive,high,ISD-1,0.174571,0,0.105956,0,10.6245,7.01947,1.51358
6,128,additive,high,ISD-3,0.174571,0,0.113334,0,10.6245,6.91664,1.53608
6,128,additive,high,ElasticNet,0.174571,0,0.193426,0,10.6245,9.84975,1.07866
6,128,additive,high,MCMC-add,0.174571,0,0.193947,0,10.6245,8.59391,1.23629
6,128,additive,high,MCMC-comb,0.174571,0,0.191244,0.0841141,10.6245,12.2715,0.86579
6,128,multiplicative,high,OLS,0,0.182513,0.107542,0.182513,2.47136,3.2785,0.753808
6,128,multiplicative,high,ISD-1,0,0.182513,0.0215661,0.182513,2.47136,3.09331,0.798935
6,128,multiplicative,high,ISD-3,0,0.182513,0.0226783,0.182513,2.47136,3.04,0.812946
6,128,multiplicative,high,ElasticNet,0,0.182513,0.107395,0.182513,2.47136,3.26921,0.75595
6,128,multiplicative,high,MCMC-add,0,0.182513,0.107566,0.182513,2.47136,1.01615,2.43208
6,128,multiplicative,high,MCMC-comb,0,0.182513,0.100571,0.0730158,2.47136,2.07497,1.19103
6,128,combined,high,OLS,0.174571,0.182513,0.199955,0.182513,9.9643,2.6655,3.73824
6,128,combined,high,ISD-1,0.174571,0.182513,0.115119,0.182513,9.9643,3.71876,2.67947
6,128,combined,high,ISD-3,0.174571,0.182513,0.124956,0.182513,9.9643,3.49429,2.8516
6,128,combined,high,ElasticNet,0.174571,0.182513,0.19934,0.182513,9.9643,2.65637,3.7511
6,128,combined,high,MCMC-add,0.174571,0.182513,0.199981,0.182513,9.9643,5.53866,1.79905
6,128,combined,high,MCMC-comb,0.174571,0.182513,0.191885,0.078841,9.9643,8.33333,1.19572
7,32,additive,low,OLS,0.0486715,0,0.0220289,0,0.780879,0.104501,7.47243
7,32,additive,low,ISD-1,0.0486715,0,0.0218055,0,0.780879,0.175116,4.4592
7,32,additive,low,ISD-3,0.0486715,0,0.021803,0,0.780879,0.188329,4.14635
7,32,additive,low,ElasticNet,0.0486715,0,0.0200857,0,0.780879,0.163641,4.7719
7,32,additive,low,MCMC-add,0.0486715,0,0.0220148,0,0.780879,0.164792,4.73858
7,32,additive,low,MCMC-comb,0.0486715,0,0.0223529,0.077669,0.780879,0.459294,1.70017
7,32,multiplicative,low,OLS,0,0.0352156,0.00716465,0.0352156,0.126743,0.137199,0.923792
7,32,multiplicative,low,ISD-1,0,0.0352156,0,0.0352156,0.126743,0.126743,1
7,32,multiplicative,low,ISD-3,0,0.0352156,0,0.0352156,0.126743,0.126743,1
7,32,multiplicative,low,ElasticNet,0,0.0352156,0.00285426,0.0352156,0.126743,0.172774,0.733581
7,32,multiplicative,low,MCMC-add,0,0.0352156,0.00716175,0.0352156,0.126743,0.139001,0.911817
7,32,multiplicative,low,MCMC-comb,0,0.0352156,0.00713665,0.075907,0.126743,0.548735,0.230974
7,32,combined,low,OLS,0.0486715,0.0352156,0.0218513,0.0352156,0.887032,0.245924,3.60694
7,32,combined,low,ISD-1,0.0486715,0.0352156,0.0217721,0.0352156,0.887032,0.249908,3.54944
7,32,combined,low,ISD-3,0.0486715,0.0352156,0.021782,0.0352156,0.887032,0.271009,3.27308
7,32,combined,low,ElasticNet,0.0486715,0.0352156,0.0200471,0.0352156,0.887032,0.227467,3.8996
7,32,combined,low,MCMC-add,0.0486715,0.0352156,0.0218369,0.0352156,0.887032,0.222622,3.98448
7,32,combined,low,MCMC-comb,0.0486715,0.0352156,0.0224384,0.0812777,0.887032,0.484727,1.82996
7,32,additive,medium,OLS,0.121679,0,0.0479193,0,4.29761,0.444083,9.67749
7,32,additive,medium,ISD-1,0.121679,0,0.048494,0,4.29761,0.650888,6.60268
7,32,additive,medium,ISD-3,0.121679,0,0.0526103,0,4.29761,0.657147,6.5398
7,32,additive,medium,ElasticNet,0.121679,0,0.0478502,0,4.29761,0.44859,9.58025
7,32,additive,medium,MCMC-add,0.121679,0,0.0479039,0,4.29761,0.316901,13.5614
7,32,additive,medium,MCMC-comb,0.121679,0,0.048345,0.0759966,4.29761,0.195603,21.971
7,32,multiplicative,medium,OLS,0,0.0880391,0.00700441,0.0880391,0.306123,0.3316,0.923171
7,32,multiplicative,medium,ISD-1,0,0.0880391,0,0.0880391,0.306123,0.306123,1
7,32,multiplicative,medium,ISD-3,0,0.0880391,0,0.0880391,0.306123,0.306123,1
7,32,multiplicative,medium,ElasticNet,0,0.0880391,0.00085826,0.0880391,0.306123,0.341639,0.896043
7,32,multiplicative,medium,MCMC-add,0,0.0880391,0.00700129,0.0880391,0.306123,0.354483,0.863577
7,32,multiplicative,medium,MCMC-comb,0,0.0880391,0.00642691,0.0774773,0.306123,0.551033,0.555544
7,32,combined,medium,OLS,0.121679,0.0880391,0.047476,0.0880391,4.59206,0.818166,5.61262
7,32,combined,medium,ISD-1,0.121679,0.0880391,0.0481054,0.0880391,4.59206,1.05961,4.33371
7,32,combined,medium,ISD-3,0.121679,0.0880391,0.0522704,0.0880391,4.59206,1.03378,4.442
7,32,combined,medium,ElasticNet,0.121679,0.0880391,0.0476872,0.0880391,4.59206,0.8283,5.54395
7,32,combined,medium,MCMC-add,0.121679,0.0880391,0.04746,0.0880391,4.59206,0.669758,6.85629
7,32,combined,medium,MCMC-comb,0.121679,0.0880391,0.0488439,0.0810483,4.59206,0.234049,19.62
7,32,additive,high,OLS,0.243357,0,0.0910032,0,16.5971,1.5127,10.9718
7,32,additive,high,ISD-1,0.243357,0,0.0882974,0,16.5971,2.51323,6.6039
7,32,additive,high,ISD-3,0.243357,0,0.0942155,0,16.5971,2.29987,7.21655
7,32,additive,high,ElasticNet,0.243357,0,0.0941617,0,16.5971,1.51504,10.9549
7,32,additive,high,MCMC-add,0.243357,0,0.0909872,0,16.5971,0.661631,25.0851
7,32,additive,high,MCMC-comb,0.243357,0,0.0915548,0.060642,16.5971,0.285719,58.0889
7,32,multiplicative,high,OLS,0,0.176078,0.00691416,0.176078,0.76588,0.737776,1.03809
7,32,multiplicative,high,ISD-1,0,0.176078,0,0.176078,0.76588,0.76588,1
7,32,multiplicative,high,ISD-3,0,0.176078,0,0.176078,0.76588,0.76588,1
7,32,multiplicative,high,ElasticNet,0,0.176078,0,0.176078,0.76588,0.76588,1
7,32,multiplicative,high,MCMC-add,0,0.176078,0.00691072,0.176078,0.76588,0.73968,1.03542
7,32,multiplicative,high,MCMC-comb,0,0.176078,0.00579105,0.125452,0.76588,0.747175,1.02503
7,32,combined,high,OLS,0.243357,0.176078,0.0900392,0.176078,17.3103,2.56905,6.73802
7,32,combined,high,ISD-1,0.243357,0.176078,0.0899046,0.176078,17.3103,3.39748,5.09503
7,32,combined,high,ISD-3,0.243357,0.176078,0.0936934,0.176078,17.3103,3.19855,5.41192
7,32,combined,high,ElasticNet,0.243357,0.176078,0.093718,0.176078,17.3103,2.46466,7.02341
7,32,combined,high,MCMC-add,0.243357,0.176078,0.0900222,0.176078,17.3103,1.54197,11.2261
7,32,combined,high,MCMC-comb,0.243357,0.176078,0.0931161,0.107057,17.3103,0.0872815,198.327
7,64,additive,low,OLS,0.0494883,0,0.0369239,0,0.897811,0.435671,2.06075
7,64,additive,low,ISD-1,0.0494883,0,0.0347585,0,0.897811,0.413743,2.16997
7,64,additive,low,ISD-3,0.0494883,0,0.0362983,0,0.897811,0.439954,2.04069
7,64,additive,low,ElasticNet,0.0494883,0,0.0362423,0,0.897811,0.495658,1.81135
7,64,additive,low,MCMC-add,0.0494883,0,0.0369473,0,0.897811,0.64332,1.39559
7,64,additive,low,MCMC-comb,0.0494883,0,0.0362274,0.114932,0.897811,2.83474,0.316717
7,64,multiplicative,low,OLS,0,0.0360713,0.0190863,0.0360713,0.418555,0.322278,1.29874
7,64,multiplicative,low,ISD-1,0,0.0360713,0,0.0360713,0.418555,0.418555,1
7,64,multiplicative,low,ISD-3,0,0.0360713,0,0.0360713,0.418555,0.418555,1
7,64,multiplicative,low,ElasticNet,0,0.0360713,0.0162803,0.0360713,0.418555,0.331128,1.26403
7,64,multiplicative,low,MCMC-add,0,0.0360713,0.0191093,0.0360713,0.418555,0.693214,0.603789
7,64,multiplicative,low,MCMC-comb,0,0.0360713,0.018119,0.113035,0.418555,2.44025,0.171521
7,64,combined,low,OLS,0.0494883,0.0360713,0.0370367,0.0360713,1.2022,0.842046,1.42771
7,64,combined,low,ISD-1,0.0494883,0.0360713,0.0347733,0.0360713,1.2022,0.77805,1.54514
7,64,combined,low,ISD-3,0.0494883,0.0360713,0.0363856,0.0360713,1.2022,0.769247,1.56282
7,64,combined,low,ElasticNet,0.0494883,0.0360713,0.0362217,0.0360713,1.2022,0.849176,1.41572
7,64,combined,low,MCMC-add,0.0494883,0.0360713,0.0370602,0.0360713,1.2022,1.01603,1.18323
7,64,combined,low,MCMC-comb,0.0494883,0.0360713,0.0362408,0.11589,1.2022,2.88627,0.416523
7,64,additive,medium,OLS,0.123721,0,0.0637148,0,4.32455,1.45613,2.96989
7,64,additive,medium,ISD-1,0.123721,0,0.0525024,0,4.32455,1.63938,2.63792
7,64,additive,medium,ISD-3,0.123721,0,0.054065,0,4.32455,1.61112,2.68418
7,64,additive,medium,ElasticNet,0.123721,0,0.063095,0,4.32455,1.43529,3.01302
7,64,additive,medium,MCMC-add,0.123721,0,0.0637384,0,4.32455,1.14731,3.7693
7,64,additive,medium,MCMC-comb,0.123721,0,0.0631067,0.121233,4.32455,3.47695,1.24378
7,64,multiplicative,medium,OLS,0,0.0901784,0.0192707,0.0901784,1.01588,0.923993,1.09945
7,64,multiplicative,medium,ISD-1,0,0.0901784,0,0.0901784,1.01588,1.01588,1
7,64,multiplicative,medium,ISD-3,0,0.0901784,0,0.0901784,1.01588,1.01588,1
7,64,multiplicative,medium,ElasticNet,0,0.0901784,0.0113333,0.0901784,1.01588,0.929237,1.09324
7,64,multiplicative,medium,MCMC-add,0,0.0901784,0.0192939,0.0901784,1.01588,1.29367,0.785272
7,64,multiplicative,medium,MCMC-comb,0,0.0901784,0.018224,0.113256,1.01588,2.35797,0.430829
7,64,combined,medium,OLS,0.123721,0.0901784,0.0640187,0.0901784,5.14522,2.494,2.06304
7,64,combined,medium,ISD-1,0.123721,0.0901784,0.0524146,0.0901784,5.14522,2.66411,1.93131
7,64,combined,medium,ISD-3,0.123721,0.0901784,0.0538491,0.0901784,5.14522,2.64709,1.94373
7,64,combined,medium,ElasticNet,0.123721,0.0901784,0.063108,0.0901784,5.14522,2.47305,2.08051
7,64,combined,medium,MCMC-add,0.123721,0.0901784,0.0640428,0.0901784,5.14522,2.14826,2.39506
7,64,combined,medium,MCMC-comb,0.123721,0.0901784,0.0631996,0.12332,5.14522,3.51009,1.46584
7,64,additive,high,OLS,0.247441,0,0.10765,0,16.1459,4.42898,3.64551
7,64,additive,high,ISD-1,0.247441,0,0.103003,0,16.1459,5.21355,3.09691
7,64,additive,high,ISD-3,0.247441,0,0.105569,0,16.1459,5.21656,3.09512
7,64,additive,high,ElasticNet,0.247441,0,0.106935,0,16.1459,4.42213,3.65115
7,64,additive,high,MCMC-add,0.247441,0,0.107674,0,16.1459,2.16511,7.4573
7,64,additive,high,MCMC-comb,0.247441,0,0.106977,0.129848,16.1459,4.69223,3.44098
7,64,multiplicative,high,OLS,0,0.180357,0.0196581,0.180357,2.11974,2.14956,0.986125
7,64,multiplicative,high,ISD-1,0,0.180357,0,0.180357,2.11974,2.11974,1
7,64,multiplicative,high,ISD-3,0,0.180357,0,0.180357,2.11974,2.11974,1
7,64,multiplicative,high,ElasticNet,0,0.180357,0.0146555,0.180357,2.11974,2.10545,1.00678
7,64,multiplicative,high,MCMC-add,0,0.180357,0.0196816,0.180357,2.11974,2.49729,0.848816
7,64,multiplicative,high,MCMC-comb,0,0.180357,0.0190634,0.0936537,2.11974,1.49185,1.42088
7,64,combined,high,OLS,0.247441,0.180357,0.108198,0.180357,17.8593,6.99111,2.55457
7,64,combined,high,ISD-1,0.247441,0.180357,0.104668,0.180357,17.8593,7.76252,2.30071
7,64,combined,high,ISD-3,0.247441,0.180357,0.105205,0.180357,17.8593,7.55222,2.36478
7,64,combined,high,ElasticNet,0.247441,0.180357,0.107072,0.180357,17.8593,6.97267,2.56133
7,64,combined,high,MCMC-add,0.247441,0.180357,0.108223,0.180357,17.8593,4.51678,3.95399
7,64,combined,high,MCMC-comb,0.247441,0.180357,0.107137,0.11223,17.8593,4.04828,4.41158
8,32,additive,low,OLS,0.0334116,0,0.0110915,0,0.29557,0.192672,1.53406
8,32,additive,low,ISD-1,0.0334116,0,0.0242844,0,0.29557,0.212244,1.3926
8,32,additive,low,ISD-3,0.0334116,0,0.024264,0,0.29557,0.21144,1.39789
8,32,additive,low,ElasticNet,0.0334116,0,0.0111792,0,0.29557,0.187494,1.57643
8,32,additive,low,MCMC-add,0.0334116,0,0.0111047,0,0.29557,0.245106,1.20589
8,32,additive,low,MCMC-comb,0.0334116,0,0.0113517,0.104899,0.29557,0.804752,0.367281
8,32,multiplicative,low,OLS,0,0.0408059,0.0132688,0.0408059,0.112618,0.150659,0.747502
8,32,multiplicative,low,ISD-1,0,0.0408059,0,0.0408059,0.112618,0.112618,1
8,32,multiplicative,low,ISD-3,0,0.0408059,0.00756466,0.0408059,0.112618,0.176019,0.639806
8,32,multiplicative,low,ElasticNet,0,0.0408059,0.00558951,0.0408059,0.112618,0.199204,0.565342
8,32,multiplicative,low,MCMC-add,0,0.0408059,0.0132578,0.0408059,0.112618,0.149908,0.751246
8,32,multiplicative,low,MCMC-comb,0,0.0408059,0.0137462,0.101073,0.112618,0.834383,0.134972
8,32,combined,low,OLS,0.0334116,0.0408059,0.0114102,0.0408059,0.210939,0.229704,0.918306
8,32,combined,low,ISD-1,0.0334116,0.0408059,0.0242621,0.0408059,0.210939,0.185879,1.13481
8,32,combined,low,ISD-3,0.0334116,0.0408059,0.024243,0.0408059,0.210939,0.277484,0.760183
8,32,combined,low,ElasticNet,0.0334116,0.0408059,0.0114966,0.0408059,0.210939,0.24541,0.859537
8,32,combined,low,MCMC-add,0.0334116,0.0408059,0.0114232,0.0408059,0.210939,0.184397,1.14394
8,32,combined,low,MCMC-comb,0.0334116,0.0408059,0.0118552,0.103902,0.210939,0.796761,0.264745
8,32,additive,medium,OLS,0.0835289,0,0.0355315,0,2.18691,0.144258,15.1597
8,32,additive,medium,ISD-1,0.0835289,0,0.0508454,0,2.18691,0.376336,5.81106
8,32,additive,medium,ISD-3,0.0835289,0,0.0515628,0,2.18691,0.219942,9.9431
8,32,additive,medium,ElasticNet,0.0835289,0,0.0357711,0,2.18691,0.170196,12.8493
8,32,additive,medium,MCMC-add,0.0835289,0,0.0355479,0,2.18691,0.270766,8.07674
8,32,additive,medium,MCMC-comb,0.0835289,0,0.0356089,0.112471,2.18691,0.698804,3.1295
8,32,multiplicative,medium,OLS,0,0.102015,0.0135821,0.102015,0.20428,0.238521,0.856446
8,32,multiplicative,medium,ISD-1,0,0.102015,0,0.102015,0.20428,0.20428,1
8,32,multiplicative,medium,ISD-3,0,0.102015,0.00788368,0.102015,0.20428,0.27786,0.735191
8,32,multiplicative,medium,ElasticNet,0,0.102015,0.00630594,0.102015,0.20428,0.263985,0.773831
8,32,multiplicative,medium,MCMC-add,0,0.102015,0.0135717,0.102015,0.20428,0.199125,1.02589
8,32,multiplicative,medium,MCMC-comb,0,0.102015,0.0141882,0.102985,0.20428,0.865411,0.23605
8,32,combined,medium,OLS,0.0835289,0.102015,0.0360537,0.102015,1.90954,0.19269,9.9099
8,32,combined,medium,ISD-1,0.0835289,0.102015,0.0561518,0.102015,1.90954,0.271576,7.03133
8,32,combined,medium,ISD-3,0.0835289,0.102015,0.0533293,0.102015,1.90954,0.232411,8.21623
8,32,combined,medium,ElasticNet,0.0835289,0.102015,0.0362922,0.102015,1.90954,0.183655,10.3974
8,32,combined,medium,MCMC-add,0.0835289,0.102015,0.0360698,0.102015,1.90954,0.450552,4.23822
8,32,combined,medium,MCMC-comb,0.0835289,0.102015,0.0352269,0.0942956,1.90954,0.52904,3.60945
8,32,additive,high,OLS,0.167058,0,0.0802919,0,8.91335,3.03501,2.93685
8,32,additive,high,ISD-1,0.167058,0,0.100789,0,8.91335,1.50067,5.9396
8,32,additive,high,ISD-3,0.167058,0,0.103766,0,8.91335,1.19145,7.48112
8,32,additive,high,ElasticNet,0.167058,0,0.0807522,0,8.91335,3.03673,2.93518
8,32,additive,high,MCMC-add,0.167058,0,0.080308,0,8.91335,0.289265,30.8138
8,32,additive,high,MCMC-comb,0.167058,0,0.080897,0.163439,8.91335,1.0028,8.88848
8,32,multiplicative,high,OLS,0,0.20403,0.0142055,0.20403,0.21969,0.278422,0.789054
8,32,multiplicative,high,ISD-1,0,0.20403,0,0.20403,0.21969,0.21969,1
8,32,multiplicative,high,ISD-3,0,0.20403,0.00841236,0.20403,0.21969,0.312666,0.702637
8,32,multiplicative,high,ElasticNet,0,0.20403,0.0075682,0.20403,0.21969,0.279278,0.786638
8,32,multiplicative,high,MCMC-add,0,0.20403,0.0141961,0.20403,0.21969,0.180274,1.21864
8,32,multiplicative,high,MCMC-comb,0,0.20403,0.0143057,0.104706,0.21969,0.891609,0.246398
8,32,combined,high,OLS,0.167058,0.20403,0.081502,0.20403,8.4729,4.85315,1.74586
8,32,combined,high,ISD-1,0.167058,0.20403,0.103244,0.20403,8.4729,1.28451,6.59621
8,32,combined,high,ISD-3,0.167058,0.20403,0.107752,0.20403,8.4729,1.07739,7.86432
8,32,combined,high,ElasticNet,0.167058,0.20403,0.0819603,0.20403,8.4729,4.70405,1.80119
8,32,combined,high,MCMC-add,0.167058,0.20403,0.0815178,0.20403,8.4729,0.428912,19.7544
8,32,combined,high,MCMC-comb,0.167058,0.20403,0.0786747,0.133263,8.4729,0.930182,9.10886
8,64,additive,low,OLS,0.0342896,0,0.0145098,0,0.205566,0.233599,0.879999
8,64,additive,low,ISD-1,0.0342896,0,0.0258622,0,0.205566,0.235929,0.871306
8,64,additive,low,ISD-3,0.0342896,0,0.0255409,0,0.205566,0.251131,0.818563
8,64,additive,low,ElasticNet,0.0342896,0,0.0144407,0,0.205566,0.229918,0.894087
8,64,additive,low,MCMC-add,0.0342896,0,0.0145324,0,0.205566,0.258115,0.796414
8,64,additive,low,MCMC-comb,0.0342896,0,0.014932,0.0285022,0.205566,0.553058,0.37169
8,64,multiplicative,low,OLS,0,0.0413661,0.0316396,0.0413661,0.221802,0.233847,0.948489
8,64,multiplicative,low,ISD-1,0,0.0413661,0.0303589,0.0413661,0.221802,0.222227,0.998086
8,64,multiplicative,low,ISD-3,0,0.0413661,0.0302587,0.0413661,0.221802,0.252976,0.876768
8,64,multiplicative,low,ElasticNet,0,0.0413661,0.0234492,0.0413661,0.221802,0.254419,0.871797
8,64,multiplicative,low,MCMC-add,0,0.0413661,0.0316634,0.0413661,0.221802,0.187173,1.18501
8,64,multiplicative,low,MCMC-comb,0,0.0413661,0.032446,0.0312922,0.221802,0.809815,0.273892
8,64,combined,low,OLS,0.0342896,0.0413661,0.0147851,0.0413661,0.417209,0.387703,1.0761
8,64,combined,low,ISD-1,0.0342896,0.0413661,0.0258432,0.0413661,0.417209,0.457444,0.912043
8,64,combined,low,ISD-3,0.0342896,0.0413661,0.0255346,0.0413661,0.417209,0.48597,0.858507
8,64,combined,low,ElasticNet,0.0342896,0.0413661,0.0147203,0.0413661,0.417209,0.384051,1.08634
8,64,combined,low,MCMC-add,0.0342896,0.0413661,0.0148067,0.0413661,0.417209,0.189845,2.19763
8,64,combined,low,MCMC-comb,0.0342896,0.0413661,0.0155883,0.0296592,0.417209,0.571097,0.730539
8,64,additive,medium,OLS,0.0857239,0,0.0179348,0,0.825292,0.904707,0.91222
8,64,additive,medium,ISD-1,0.0857239,0,0.0525899,0,0.825292,0.250506,3.29451
8,64,additive,medium,ISD-3,0.0857239,0,0.0551504,0,0.825292,0.296717,2.78141
8,64,additive,medium,ElasticNet,0.0857239,0,0.0181728,0,0.825292,0.881563,0.936169
8,64,additive,medium,MCMC-add,0.0857239,0,0.0179173,0,0.825292,0.225468,3.66035
8,64,additive,medium,MCMC-comb,0.0857239,0,0.0180041,0.0257107,0.825292,0.190882,4.32358
8,64,multiplicative,medium,OLS,0,0.103415,0.0316477,0.103415,0.421428,0.506036,0.832804
8,64,multiplicative,medium,ISD-1,0,0.103415,0.0300289,0.103415,0.421428,0.430009,0.980046
8,64,multiplicative,medium,ISD-3,0,0.103415,0.0299866,0.103415,0.421428,0.429964,0.980148
8,64,multiplicative,medium,ElasticNet,0,0.103415,0.0224683,0.103415,0.421428,0.42695,0.987067
8,64,multiplicative,medium,MCMC-add,0,0.103415,0.0316711,0.103415,0.421428,0.123069,3.42432
8,64,multiplicative,medium,MCMC-comb,0,0.103415,0.0323786,0.0318181,0.421428,0.847075,0.49751
8,64,combined,medium,OLS,0.0857239,0.103415,0.020253,0.103415,0.656984,0.400383,1.64089
8,64,combined,medium,ISD-1,0.0857239,0.103415,0.0546629,0.103415,0.656984,0.630296,1.04234
8,64,combined,medium,ISD-3,0.0857239,0.103415,0.055422,0.103415,0.656984,0.669342,0.981538
8,64,combined,medium,ElasticNet,0.0857239,0.103415,0.0204798,0.103415,0.656984,0.40642,1.61651
8,64,combined,medium,MCMC-add,0.0857239,0.103415,0.0202366,0.103415,0.656984,0.756624,0.86831
8,64,combined,medium,MCMC-comb,0.0857239,0.103415,0.0194,0.0284765,0.656984,0.273262,2.40423
8,64,additive,high,OLS,0.171448,0,0.0639597,0,4.19252,0.724014,5.79067
8,64,additive,high,ISD-1,0.171448,0,0.100104,0,4.19252,0.461914,9.07641
8,64,additive,high,ISD-3,0.171448,0,0.103608,0,4.19252,0.44138,9.49867
8,64,additive,high,ElasticNet,0.171448,0,0.0661889,0,4.19252,0.703923,5.95594
8,64,additive,high,MCMC-add,0.171448,0,0.0639384,0,4.19252,0.654053,6.41006
8,64,additive,high,MCMC-comb,0.171448,0,0.0645805,0.0287455,4.19252,0.282416,14.8452
8,64,multiplicative,high,OLS,0,0.20683,0.0319959,0.20683,0.589953,0.72859,0.809719
8,64,multiplicative,high,ISD-1,0,0.20683,0.00757455,0.20683,0.589953,0.568947,1.03692
8,64,multiplicative,high,ISD-3,0,0.20683,0.00769356,0.20683,0.589953,0.598259,0.986116
8,64,multiplicative,high,ElasticNet,0,0.20683,0.0276749,0.20683,0.589953,0.669973,0.880562
8,64,multiplicative,high,MCMC-add,0,0.20683,0.0320185,0.20683,0.589953,0.240052,2.45761
8,64,multiplicative,high,MCMC-comb,0,0.20683,0.0334462,0.0311653,0.589953,0.789333,0.747407
8,64,combined,high,OLS,0.171448,0.20683,0.0684242,0.20683,3.36089,23.6068,0.142369
8,64,combined,high,ISD-1,0.171448,0.20683,0.105124,0.20683,3.36089,0.418258,8.03543
8,64,combined,high,ISD-3,0.171448,0.20683,0.105967,0.20683,3.36089,0.399503,8.41266
8,64,combined,high,ElasticNet,0.171448,0.20683,0.0719632,0.20683,3.36089,23.7291,0.141636
8,64,combined,high,MCMC-add,0.171448,0.20683,0.068404,0.20683,3.36089,1.42232,2.36295
8,64,combined,high,MCMC-comb,0.171448,0.20683,0.0643764,0.027485,3.36089,0.280492,11.9821
8,128,additive,low,OLS,0.0349141,0,0.0859983,0,0.929832,0.966835,0.961727
8,128,additive,low,ISD-1,0.0349141,0,0.0265297,0,0.929832,0.980044,0.948765
8,128,additive,low,ISD-3,0.0349141,0,0.0264581,0,0.929832,0.904717,1.02776
8,128,additive,low,ElasticNet,0.0349141,0,0.0858823,0,0.929832,0.952383,0.976322
8,128,additive,low,MCMC-add,0.0349141,0,0.0860232,0,0.929832,4.20878,0.220926
8,128,additive,low,MCMC-comb,0.0349141,0,0.087132,0.031523,0.929832,2.6152,0.355549
8,128,multiplicative,low,OLS,0,0.0416683,0.105065,0.0416683,0.856697,1.08475,0.789763
8,128,multiplicative,low,ISD-1,0,0.0416683,0.00710774,0.0416683,0.856697,1.05018,0.815764
8,128,multiplicative,low,ISD-3,0,0.0416683,0.00742786,0.0416683,0.856697,1.03974,0.823954
8,128,multiplicative,low,ElasticNet,0,0.0416683,0.0980804,0.0416683,0.856697,1.01976,0.840098
8,128,multiplicative,low,MCMC-add,0,0.0416683,0.10509,0.0416683,0.856697,4.17607,0.205144
8,128,multiplicative,low,MCMC-comb,0,0.0416683,0.105548,0.0258876,0.856697,3.89211,0.220111
8,128,combined,low,OLS,0.0349141,0.0416683,0.0866739,0.0416683,1.71291,1.74963,0.979016
8,128,combined,low,ISD-1,0.0349141,0.0416683,0.026594,0.0416683,1.71291,1.83758,0.932158
8,128,combined,low,ISD-3,0.0349141,0.0416683,0.0269036,0.0416683,1.71291,1.85032,0.925741
8,128,combined,low,ElasticNet,0.0349141,0.0416683,0.0865367,0.0416683,1.71291,1.75155,0.97794
8,128,combined,low,MCMC-add,0.0349141,0.0416683,0.0866986,0.0416683,1.71291,3.29352,0.520086
8,128,combined,low,MCMC-comb,0.0349141,0.0416683,0.0863123,0.0302504,1.71291,2.51375,0.681417
8,128,additive,medium,OLS,0.0872853,0,0.0591073,0,2.04672,1.40207,1.45979
8,128,additive,medium,ISD-1,0.0872853,0,0.0579792,0,2.04672,1.77531,1.15288
8,128,additive,medium,ISD-3,0.0872853,0,0.0606981,0,2.04672,1.67889,1.2191
8,128,additive,medium,ElasticNet,0.0872853,0,0.0588904,0,2.04672,1.44456,1.41685
8,128,additive,medium,MCMC-add,0.0872853,0,0.0591318,0,2.04672,2.87596,0.711667
8,128,additive,medium,MCMC-comb,0.0872853,0,0.0606854,0.0420171,2.04672,0.969332,2.11148
8,128,multiplicative,medium,OLS,0,0.104171,0.106257,0.104171,2.0442,2.59251,0.788503
8,128,multiplicative,medium,ISD-1,0,0.104171,0.00976489,0.104171,2.0442,2.28865,0.893191
8,128,multiplicative,medium,ISD-3,0,0.104171,0.0126605,0.104171,2.0442,2.39794,0.852481
8,128,multiplicative,medium,ElasticNet,0,0.104171,0.0989846,0.104171,2.0442,2.36351,0.8649
8,128,multiplicative,medium,MCMC-add,0,0.104171,0.106282,0.104171,2.0442,2.92919,0.697871
8,128,multiplicative,medium,MCMC-comb,0,0.104171,0.106861,0.0285004,2.0442,3.48445,0.586663
8,128,combined,medium,OLS,0.0872853,0.104171,0.0634622,0.104171,3.66319,3.53494,1.03628
8,128,combined,medium,ISD-1,0.0872853,0.104171,0.0635309,0.104171,3.66319,3.87326,0.945763
8,128,combined,medium,ISD-3,0.0872853,0.104171,0.0626509,0.104171,3.66319,3.83196,0.955955
8,128,combined,medium,ElasticNet,0.0872853,0.104171,0.0632181,0.104171,3.66319,3.57603,1.02437
8,128,combined,medium,MCMC-add,0.0872853,0.104171,0.0634849,0.104171,3.66319,0.528603,6.92994
8,128,combined,medium,MCMC-comb,0.0872853,0.104171,0.0635322,0.0292113,3.66319,1.32842,2.75756
8,128,additive,high,OLS,0.174571,0,0.0330279,0,6.27005,0.697025,8.99545
8,128,additive,high,ISD-1,0.174571,0,0.109455,0,6.27005,2.18101,2.87484
8,128,additive,high,ISD-3,0.174571,0,0.11348,0,6.27005,2.26639,2.76654
8,128,additive,high,ElasticNet,0.174571,0,0.0329882,0,6.27005,0.847998,7.39394
8,128,additive,high,MCMC-add,0.174571,0,0.0330363,0,6.27005,0.839355,7.47008
8,128,additive,high,MCMC-comb,0.174571,0,0.0387186,0.053764,6.27005,1.64589,3.80952
8,128,multiplicative,high,OLS,0,0.208342,0.109866,0.208342,3.28223,4.74209,0.692148
8,128,multiplicative,high,ISD-1,0,0.208342,0.0234742,0.208342,3.28223,4.6377,0.707727
8,128,multiplicative,high,ISD-3,0,0.208342,0.0232769,0.208342,3.28223,4.63132,0.708703
8,128,multiplicative,high,ElasticNet,0,0.208342,0.103181,0.208342,3.28223,4.75137,0.690796
8,128,multiplicative,high,MCMC-add,0,0.208342,0.10989,0.208342,3.28223,1.03824,3.16133
8,128,multiplicative,high,MCMC-comb,0,0.208342,0.110116,0.0417538,3.28223,2.25847,1.4533
8,128,combined,high,OLS,0.174571,0.208342,0.0578228,0.208342,7.06106,1.58316,4.46011
8,128,combined,high,ISD-1,0.174571,0.208342,0.11573,0.208342,7.06106,5.64465,1.25093
8,128,combined,high,ISD-3,0.174571,0.208342,0.119847,0.208342,7.06106,5.8666,1.2036
8,128,combined,high,ElasticNet,0.174571,0.208342,0.057922,0.208342,7.06106,1.53687,4.59444
8,128,combined,high,MCMC-add,0.174571,0.208342,0.0578277,0.208342,7.06106,3.6956,1.91066
8,128,combined,high,MCMC-comb,0.174571,0.208342,0.0535982,0.0773963,7.06106,3.72109,1.89758
9,32,additive,low,OLS,0.041671,0,0.016036,0,0.321177,0.275184,1.16713
9,32,additive,low,ISD-1,0.041671,0,0.0243045,0,0.321177,0.212259,1.51314
9,32,additive,low,ISD-3,0.041671,0,0.0254875,0,0.321177,0.348593,0.921353
9,32,additive,low,ElasticNet,0.041671,0,0.0190166,0,0.321177,0.351885,0.912732
9,32,additive,low,MCMC-add,0.041671,0,0.0160496,0,0.321177,0.205572,1.56235
9,32,additive,low,MCMC-comb,0.041671,0,0.0160149,0.0309465,0.321177,0.358426,0.896076
9,32,multiplicative,low,OLS,0,0.0486715,0.00886886,0.0486715,0.125819,0.252292,0.498704
9,32,multiplicative,low,ISD-1,0,0.0486715,0,0.0486715,0.125819,0.125819,1
9,32,multiplicative,low,ISD-3,0,0.0486715,0.00612953,0.0486715,0.125819,0.362406,0.347177
9,32,multiplicative,low,ElasticNet,0,0.0486715,0.00646918,0.0486715,0.125819,0.204636,0.614843
9,32,multiplicative,low,MCMC-add,0,0.0486715,0.00886125,0.0486715,0.125819,0.237639,0.529455
9,32,multiplicative,low,MCMC-comb,0,0.0486715,0.0090762,0.029702,0.125819,0.203927,0.616981
9,32,combined,low,OLS,0.041671,0.0486715,0.0164097,0.0486715,0.240818,0.357766,0.673115
9,32,combined,low,ISD-1,0.041671,0.0486715,0.0244558,0.0486715,0.240818,0.287331,0.83812
9,32,combined,low,ISD-3,0.041671,0.0486715,0.0255518,0.0486715,0.240818,0.435011,0.55359
9,32,combined,low,ElasticNet,0.041671,0.0486715,0.0192611,0.0486715,0.240818,0.405517,0.593853
9,32,combined,low,MCMC-add,0.041671,0.0486715,0.0164233,0.0486715,0.240818,0.342656,0.702797
9,32,combined,low,MCMC-comb,0.041671,0.0486715,0.0158211,0.0338816,0.240818,0.333436,0.72223
9,32,additive,medium,OLS,0.104178,0,0.0420863,0,2.20444,0.361692,6.09481
9,32,additive,medium,ISD-1,0.104178,0,0.0516901,0,2.20444,0.215173,10.245
9,32,additive,medium,ISD-3,0.104178,0,0.0527939,0,2.20444,0.248478,8.8718
9,32,additive,medium,ElasticNet,0.104178,0,0.0469971,0,2.20444,0.354174,6.22417
9,32,additive,medium,MCMC-add,0.104178,0,0.0421017,0,2.20444,0.436533,5.04989
9,32,additive,medium,MCMC-comb,0.104178,0,0.042024,0.0321993,2.20444,0.575897,3.82784
9,32,multiplicative,medium,OLS,0,0.121679,0.00898598,0.121679,0.266861,0.367325,0.726498
9,32,multiplicative,medium,ISD-1,0,0.121679,0,0.121679,0.266861,0.266861,1
9,32,multiplicative,medium,ISD-3,0,0.121679,0,0.121679,0.266861,0.266861,1
9,32,multiplicative,medium,ElasticNet,0,0.121679,0.00673427,0.121679,0.266861,0.349476,0.763603
9,32,multiplicative,medium,MCMC-add,0,0.121679,0.0089796,0.121679,0.266861,0.400556,0.666226
9,32,multiplicative,medium,MCMC-comb,0,0.121679,0.00956211,0.0324257,0.266861,0.205637,1.29773
9,32,combined,medium,OLS,0.104178,0.121679,0.0429809,0.121679,1.95348,0.500911,3.89985
9,32,combined,medium,ISD-1,0.104178,0.121679,0.0524446,0.121679,1.95348,0.311866,6.26383
9,32,combined,medium,ISD-3,0.104178,0.121679,0.0545358,0.121679,1.95348,0.27128,7.20095
9,32,combined,medium,ElasticNet,0.104178,0.121679,0.047284,0.121679,1.95348,0.47892,4.07892
9,32,combined,medium,MCMC-add,0.104178,0.121679,0.0429961,0.121679,1.95348,0.680843,2.8692
9,32,combined,medium,MCMC-comb,0.104178,0.121679,0.0414653,0.0346739,1.95348,0.456006,4.28388
9,32,additive,high,OLS,0.208355,0,0.0882774,0,9.30076,0.23721,39.209
9,32,additive,high,ISD-1,0.208355,0,0.105259,0,9.30076,1.42148,6.54301
9,32,additive,high,ISD-3,0.208355,0,0.108308,0,9.30076,1.2558,7.40622
9,32,additive,high,ElasticNet,0.208355,0,0.094253,0,9.30076,0.238061,39.0688
9,32,additive,high,MCMC-add,0.208355,0,0.0882927,0,9.30076,0.4782,19.4495
9,32,additive,high,MCMC-comb,0.208355,0,0.0882468,0.0261127,9.30076,0.525794,17.689
9,32,multiplicative,high,OLS,0,0.243357,0.00936393,0.243357,0.285128,0.437526,0.651683
9,32,multiplicative,high,ISD-1,0,0.243357,0,0.243357,0.285128,0.285128,1
9,32,multiplicative,high,ISD-3,0,0.243357,0,0.243357,0.285128,0.285128,1
9,32,multiplicative,high,ElasticNet,0,0.243357,0.00647799,0.243357,0.285128,0.435603,0.654559
9,32,multiplicative,high,MCMC-add,0,0.243357,0.00935955,0.243357,0.285128,0.420894,0.677434
9,32,multiplicative,high,MCMC-comb,0,0.243357,0.0100152,0.0369104,0.285128,0.251428,1.13403
9,32,combined,high,OLS,0.208355,0.243357,0.0901384,0.243357,8.78094,0.197901,44.3703
9,32,combined,high,ISD-1,0.208355,0.243357,0.106958,0.243357,8.78094,1.18751,7.3944
9,32,combined,high,ISD-3,0.208355,0.243357,0.108151,0.243357,8.78094,0.973641,9.01867
9,32,combined,high,ElasticNet,0.208355,0.243357,0.0969011,0.243357,8.78094,0.166024,52.8897
9,32,combined,high,MCMC-add,0.208355,0.243357,0.0901535,0.243357,8.78094,0.809177,10.8517
9,32,combined,high,MCMC-comb,0.208355,0.243357,0.0871136,0.0299648,8.78094,0.430283,20.4074
9,64,additive,low,OLS,0.0420604,0,0.00350654,0,0.618103,1.39354,0.44355
9,64,additive,low,ISD-1,0.0420604,0,0.0313038,0,0.618103,1.17667,0.525297
9,64,additive,low,ISD-3,0.0420604,0,0.0298307,0,0.618103,1.36422,0.453081
9,64,additive,low,ElasticNet,0.0420604,0,0.00355578,0,0.618103,1.46424,0.422132
9,64,additive,low,MCMC-add,0.0420604,0,0.0035229,0,0.618103,0.469193,1.31737
9,64,additive,low,MCMC-comb,0.0420604,0,0.00347374,0.0454564,0.618103,3.22106,0.191894
9,64,multiplicative,low,OLS,0,0.0494883,0.0201346,0.0494883,1.42792,1.57023,0.909368
9,64,multiplicative,low,ISD-1,0,0.0494883,0,0.0494883,1.42792,1.42792,1
9,64,multiplicative,low,ISD-3,0,0.0494883,0,0.0494883,1.42792,1.42792,1
9,64,multiplicative,low,ElasticNet,0,0.0494883,0.00846347,0.0494883,1.42792,1.61844,0.882283
9,64,multiplicative,low,MCMC-add,0,0.0494883,0.0201585,0.0494883,1.42792,0.596282,2.3947
9,64,multiplicative,low,MCMC-comb,0,0.0494883,0.0202974,0.0432379,1.42792,1.92517,0.741708
9,64,combined,low,OLS,0.0420604,0.0494883,0.00300642,0.0494883,1.64207,2.37233,0.692176
9,64,combined,low,ISD-1,0.0420604,0.0494883,0.0313293,0.0494883,1.64207,2.40873,0.681715
9,64,combined,low,ISD-3,0.0420604,0.0494883,0.029944,0.0494883,1.64207,2.27105,0.723046
9,64,combined,low,ElasticNet,0.0420604,0.0494883,0.00341949,0.0494883,1.64207,2.41895,0.678837
9,64,combined,low,MCMC-add,0.0420604,0.0494883,0.00302081,0.0494883,1.64207,1.38475,1.18582
9,64,combined,low,MCMC-comb,0.0420604,0.0494883,0.00391759,0.0450205,1.64207,3.20551,0.512265
9,64,additive,medium,OLS,0.105151,0,0.0260958,0,5.31287,1.85811,2.85929
9,64,additive,medium,ISD-1,0.105151,0,0.0587527,0,5.31287,1.03783,5.11922
9,64,additive,medium,ISD-3,0.105151,0,0.0591793,0,5.31287,1.08144,4.91278
9,64,additive,medium,ElasticNet,0.105151,0,0.0285678,0,5.31287,2.17187,2.44622
9,64,additive,medium,MCMC-add,0.105151,0,0.0260729,0,5.31287,2.16253,2.45679
9,64,additive,medium,MCMC-comb,0.105151,0,0.0260779,0.0476471,5.31287,5.09206,1.04336
9,64,multiplicative,medium,OLS,0,0.123721,0.0194909,0.123721,2.87623,2.76052,1.04192
9,64,multiplicative,medium,ISD-1,0,0.123721,0,0.123721,2.87623,2.87623,1
9,64,multiplicative,medium,ISD-3,0,0.123721,0,0.123721,2.87623,2.87623,1
9,64,multiplicative,medium,ElasticNet,0,0.123721,0.00740301,0.123721,2.87623,2.67326,1.07593
9,64,multiplicative,medium,MCMC-add,0,0.123721,0.0195143,0.123721,2.87623,1.6588,1.73392
9,64,multiplicative,medium,MCMC-comb,0,0.123721,0.0201557,0.0342596,2.87623,1.11297,2.58428
9,64,combined,medium,OLS,0.105151,0.123721,0.0271198,0.123721,4.32208,3.6421,1.1867
9,64,combined,medium,ISD-1,0.105151,0.123721,0.0615153,0.123721,4.32208,2.59218,1.66735
9,64,combined,medium,ISD-3,0.105151,0.123721,0.0591937,0.123721,4.32208,2.88226,1.49955
9,64,combined,medium,ElasticNet,0.105151,0.123721,0.0301321,0.123721,4.32208,3.80759,1.13512
9,64,combined,medium,MCMC-add,0.105151,0.123721,0.0270968,0.123721,4.32208,4.38869,0.984823
9,64,combined,medium,MCMC-comb,0.105151,0.123721,0.0267886,0.0359182,4.32208,3.71508,1.16339
9,64,additive,high,OLS,0.210302,0,0.0738387,0,25.4321,1.84094,13.8147
9,64,additive,high,ISD-1,0.210302,0,0.110508,0,25.4321,3.69573,6.88147
9,64,additive,high,ISD-3,0.210302,0,0.117211,0,25.4321,3.42471,7.42606
9,64,additive,high,ElasticNet,0.210302,0,0.0752074,0,25.4321,1.84418,13.7905
9,64,additive,high,MCMC-add,0.210302,0,0.0738159,0,25.4321,4.21429,6.03472
9,64,additive,high,MCMC-comb,0.210302,0,0.0737209,0.049983,25.4321,7.20095,3.53177
9,64,multiplicative,high,OLS,0,0.247441,0.0185178,0.247441,3.84902,4.01838,0.957855
9,64,multiplicative,high,ISD-1,0,0.247441,0,0.247441,3.84902,3.84902,1
9,64,multiplicative,high,ISD-3,0,0.247441,0.0196599,0.247441,3.84902,4.13536,0.930758
9,64,multiplicative,high,ElasticNet,0,0.247441,0.00342065,0.247441,3.84902,3.77919,1.01848
9,64,multiplicative,high,MCMC-add,0,0.247441,0.0185405,0.247441,3.84902,2.6539,1.45033
9,64,multiplicative,high,MCMC-comb,0,0.247441,0.0196895,0.0279751,3.84902,0.395776,9.72526
9,64,combined,high,OLS,0.210302,0.247441,0.076413,0.247441,22.594,5.47811,4.12442
9,64,combined,high,ISD-1,0.210302,0.247441,0.114935,0.247441,22.594,2.01685,11.2026
9,64,combined,high,ISD-3,0.210302,0.247441,0.113811,0.247441,22.594,1.6616,13.5978
9,64,combined,high,ElasticNet,0.210302,0.247441,0.0784603,0.247441,22.594,5.18669,4.35616
9,64,combined,high,MCMC-add,0.210302,0.247441,0.0763905,0.247441,22.594,7.65872,2.95011
9,64,combined,high,MCMC-comb,0.210302,0.247441,0.075848,0.0285363,22.594,4.81423,4.69318
10,32,additive,low,OLS,0.040717,0,0.0265937,0,0.466442,0.154572,3.01763
10,32,additive,low,ISD-1,0.040717,0,0.0319746,0,0.466442,0.294275,1.58506
10,32,additive,low,ISD-3,0.040717,0,0.0316985,0,0.466442,0.292935,1.59231
10,32,additive,low,ElasticNet,0.040717,0,0.0241226,0,0.466442,0.176141,2.64812
10,32,additive,low,MCMC-add,0.040717,0,0.0265797,0,0.466442,0.161852,2.88191
10,32,additive,low,MCMC-comb,0.040717,0,0.0266075,0.0618252,0.466442,0.225764,2.06606
10,32,multiplicative,low,OLS,0,0.0459605,0.0101969,0.0459605,0.121811,0.223266,0.545589
10,32,multiplicative,low,ISD-1,0,0.0459605,0.00720909,0.0459605,0.121811,0.196267,0.62064
10,32,multiplicative,low,ISD-3,0,0.0459605,0.00718303,0.0459605,0.121811,0.221073,0.551001
10,32,multiplicative,low,ElasticNet,0,0.0459605,0.00387274,0.0459605,0.121811,0.158678,0.767666
10,32,multiplicative,low,MCMC-add,0,0.0459605,0.0101888,0.0459605,0.121811,0.181769,0.670146
10,32,multiplicative,low,MCMC-comb,0,0.0459605,0.0101425,0.0631719,0.121811,0.319328,0.381461
10,32,combined,low,OLS,0.040717,0.0459605,0.0266001,0.0459605,0.352465,0.134717,2.61634
10,32,combined,low,ISD-1,0.040717,0.0459605,0.0320622,0.0459605,0.352465,0.218097,1.61609
10,32,combined,low,ISD-3,0.040717,0.0459605,0.031751,0.0459605,0.352465,0.198156,1.77872
10,32,combined,low,ElasticNet,0.040717,0.0459605,0.0241939,0.0459605,0.352465,0.16747,2.10464
10,32,combined,low,MCMC-add,0.040717,0.0459605,0.0265862,0.0459605,0.352465,0.105181,3.35104
10,32,combined,low,MCMC-comb,0.040717,0.0459605,0.0265473,0.0593258,0.352465,0.232085,1.51869
10,32,additive,medium,OLS,0.101793,0,0.0528736,0,2.15518,0.363046,5.93638
10,32,additive,medium,ISD-1,0.101793,0,0.0546366,0,2.15518,0.787442,2.73693
10,32,additive,medium,ISD-3,0.101793,0,0.0574675,0,2.15518,0.647744,3.32721
10,32,additive,medium,ElasticNet,0.101793,0,0.0522302,0,2.15518,0.407592,5.28759
10,32,additive,medium,MCMC-add,0.101793,0,0.052858,0,2.15518,0.361656,5.95919
10,32,additive,medium,MCMC-comb,0.101793,0,0.0530316,0.0496602,2.15518,0.103821,20.7587
10,32,multiplicative,medium,OLS,0,0.114901,0.0102872,0.114901,0.181345,0.225205,0.805242
10,32,multiplicative,medium,ISD-1,0,0.114901,0.00740387,0.114901,0.181345,0.253046,0.716646
10,32,multiplicative,medium,ISD-3,0,0.114901,0.00736659,0.114901,0.181345,0.255421,0.709984
10,32,multiplicative,medium,ElasticNet,0,0.114901,0.00373387,0.114901,0.181345,0.183317,0.989242
10,32,multiplicative,medium,MCMC-add,0,0.114901,0.0102793,0.114901,0.181345,0.204135,0.888355
10,32,multiplicative,medium,MCMC-comb,0,0.114901,0.0098101,0.0573526,0.181345,0.273173,0.663845
10,32,combined,medium,OLS,0.101793,0.114901,0.0528615,0.114901,1.93195,0.193451,9.98675
10,32,combined,medium,ISD-1,0.101793,0.114901,0.0548555,0.114901,1.93195,0.528437,3.65597
10,32,combined,medium,ISD-3,0.101793,0.114901,0.0601556,0.114901,1.93195,0.492209,3.92506
10,32,combined,medium,ElasticNet,0.101793,0.114901,0.0525102,0.114901,1.93195,0.192188,10.0524
10,32,combined,medium,MCMC-add,0.101793,0.114901,0.0528461,0.114901,1.93195,0.137734,14.0267
10,32,combined,medium,MCMC-comb,0.101793,0.114901,0.0524539,0.0395603,1.93195,0.192881,10.0163
10,32,additive,high,OLS,0.203585,0,0.096706,0,8.78916,1.71584,5.12237
10,32,additive,high,ISD-1,0.203585,0,0.103083,0,8.78916,2.55743,3.43672
10,32,additive,high,ISD-3,0.203585,0,0.104696,0,8.78916,2.22871,3.94361
10,32,additive,high,ElasticNet,0.203585,0,0.0990442,0,8.78916,1.56479,5.61683
10,32,additive,high,MCMC-add,0.203585,0,0.0966894,0,8.78916,0.762482,11.527
10,32,additive,high,MCMC-comb,0.203585,0,0.0967299,0.018238,8.78916,0.673719,13.0457
10,32,multiplicative,high,OLS,0,0.229802,0.0104646,0.229802,0.197704,0.347627,0.568724
10,32,multiplicative,high,ISD-1,0,0.229802,0.00773358,0.229802,0.197704,0.301626,0.65546
10,32,multiplicative,high,ISD-3,0,0.229802,0.0076828,0.229802,0.197704,0.294697,0.670872
10,32,multiplicative,high,ElasticNet,0,0.229802,0.00362709,0.229802,0.197704,0.268948,0.735101
10,32,multiplicative,high,MCMC-add,0,0.229802,0.0104569,0.229802,0.197704,0.351237,0.562878
10,32,multiplicative,high,MCMC-comb,0,0.229802,0.00935287,0.0498179,0.197704,0.272282,0.726101
10,32,combined,high,OLS,0.203585,0.229802,0.0966279,0.229802,8.49059,1.49339,5.68545
10,32,combined,high,ISD-1,0.203585,0.229802,0.103403,0.229802,8.49059,1.93685,4.38371
10,32,combined,high,ISD-3,0.203585,0.229802,0.106448,0.229802,8.49059,1.63195,5.20273
10,32,combined,high,ElasticNet,0.203585,0.229802,0.0994271,0.229802,8.49059,1.33729,6.34909
10,32,combined,high,MCMC-add,0.203585,0.229802,0.0966117,0.229802,8.49059,0.526287,16.133
10,32,combined,high,MCMC-comb,0.203585,0.229802,0.0951156,0.0239905,8.49059,0.667664,12.7169
10,64,additive,low,OLS,0.0416557,0,0.0401482,0,0.998054,0.602381,1.65685
10,64,additive,low,ISD-1,0.0416557,0,0.0231179,0,0.998054,0.67863,1.47069
10,64,additive,low,ISD-3,0.0416557,0,0.0259097,0,0.998054,0.643486,1.55101
10,64,additive,low,ElasticNet,0.0416557,0,0.0400307,0,0.998054,0.606309,1.64611
10,64,additive,low,MCMC-add,0.0416557,0,0.0401714,0,0.998054,0.836361,1.19333
10,64,additive,low,MCMC-comb,0.0416557,0,0.0402696,0.0659783,0.998054,2.16681,0.46061
10,64,multiplicative,low,OLS,0,0.0462388,0.0218976,0.0462388,0.393003,0.342898,1.14612
10,64,multiplicative,low,ISD-1,0,0.0462388,0,0.0462388,0.393003,0.393003,1
10,64,multiplicative,low,ISD-3,0,0.0462388,0,0.0462388,0.393003,0.393003,1
10,64,multiplicative,low,ElasticNet,0,0.0462388,0.018491,0.0462388,0.393003,0.362505,1.08413
10,64,multiplicative,low,MCMC-add,0,0.0462388,0.0219193,0.0462388,0.393003,0.103553,3.79518
10,64,multiplicative,low,MCMC-comb,0,0.0462388,0.0222335,0.0524916,0.393003,1.39961,0.280795
10,64,combined,low,OLS,0.0416557,0.0462388,0.039952,0.0462388,0.68034,0.20291,3.35291
10,64,combined,low,ISD-1,0.0416557,0.0462388,0.0231773,0.0462388,0.68034,0.23521,2.89248
10,64,combined,low,ISD-3,0.0416557,0.0462388,0.0236373,0.0462388,0.68034,0.303227,2.24367
10,64,combined,low,ElasticNet,0.0416557,0.0462388,0.0398328,0.0462388,0.68034,0.196738,3.4581
10,64,combined,low,MCMC-add,0.0416557,0.0462388,0.0399748,0.0462388,0.68034,0.449197,1.51457
10,64,combined,low,MCMC-comb,0.0416557,0.0462388,0.0402258,0.0566426,0.68034,1.93737,0.351167
10,64,additive,medium,OLS,0.104139,0,0.067413,0,3.89893,1.88336,2.0702
10,64,additive,medium,ISD-1,0.104139,0,0.0533567,0,3.89893,2.04416,1.90735
10,64,additive,medium,ISD-3,0.104139,0,0.0532824,0,3.89893,2.05773,1.89477
10,64,additive,medium,ElasticNet,0.104139,0,0.0671452,0,3.89893,1.90014,2.05192
10,64,additive,medium,MCMC-add,0.104139,0,0.0674366,0,3.89893,1.47571,2.64207
10,64,additive,medium,MCMC-comb,0.104139,0,0.0675323,0.0751083,3.89893,3.01928,1.29134
10,64,multiplicative,medium,OLS,0,0.115597,0.021919,0.115597,0.826356,0.851987,0.969916
10,64,multiplicative,medium,ISD-1,0,0.115597,0,0.115597,0.826356,0.826356,1
10,64,multiplicative,medium,ISD-3,0,0.115597,0,0.115597,0.826356,0.826356,1
10,64,multiplicative,medium,ElasticNet,0,0.115597,0.0185611,0.115597,0.826356,0.885248,0.933474
10,64,multiplicative,medium,MCMC-add,0,0.115597,0.0219395,0.115597,0.826356,0.463411,1.7832
10,64,multiplicative,medium,MCMC-comb,0,0.115597,0.0220843,0.041191,0.826356,1.08778,0.75967
10,64,combined,medium,OLS,0.104139,0.115597,0.0668201,0.115597,3.10103,0.83526,3.71265
10,64,combined,medium,ISD-1,0.104139,0.115597,0.0537483,0.115597,3.10103,0.884295,3.50678
10,64,combined,medium,ISD-3,0.104139,0.115597,0.0532678,0.115597,3.10103,0.851106,3.64352
10,64,combined,medium,ElasticNet,0.104139,0.115597,0.0665479,0.115597,3.10103,0.830337,3.73466
10,64,combined,medium,MCMC-add,0.104139,0.115597,0.066843,0.115597,3.10103,0.527445,5.87934
10,64,combined,medium,MCMC-comb,0.104139,0.115597,0.0671682,0.0528952,3.10103,2.42428,1.27915
10,64,additive,high,OLS,0.208279,0,0.112486,0,12.7333,6.69395,1.90221
10,64,additive,high,ISD-1,0.208279,0,0.0939473,0,12.7333,5.74313,2.21714
10,64,additive,high,ISD-3,0.208279,0,0.0958201,0,12.7333,5.48618,2.32098
10,64,additive,high,ElasticNet,0.208279,0,0.111971,0,12.7333,6.62676,1.9215
10,64,additive,high,MCMC-add,0.208279,0,0.11251,0,12.7333,2.95984,4.30203
10,64,additive,high,MCMC-comb,0.208279,0,0.112556,0.0883166,12.7333,4.85994,2.62005
10,64,multiplicative,high,OLS,0,0.231194,0.0224035,0.231194,1.15625,1.31469,0.879485
10,64,multiplicative,high,ISD-1,0,0.231194,0,0.231194,1.15625,1.15625,1
10,64,multiplicative,high,ISD-3,0,0.231194,0,0.231194,1.15625,1.15625,1
10,64,multiplicative,high,ElasticNet,0,0.231194,0.0201935,0.231194,1.15625,1.27563,0.906417
10,64,multiplicative,high,MCMC-add,0,0.231194,0.0224217,0.231194,1.15625,0.896423,1.28985
10,64,multiplicative,high,MCMC-comb,0,0.231194,0.0216939,0.0479161,1.15625,0.518256,2.23104
10,64,combined,high,OLS,0.208279,0.231194,0.111451,0.231194,11.5011,6.06915,1.895
10,64,combined,high,ISD-1,0.208279,0.231194,0.0942252,0.231194,11.5011,2.63581,4.36338
10,64,combined,high,ISD-3,0.208279,0.231194,0.0960313,0.231194,11.5011,2.81628,4.08377
10,64,combined,high,ElasticNet,0.208279,0.231194,0.110927,0.231194,11.5011,6.04556,1.9024
10,64,combined,high,MCMC-add,0.208279,0.231194,0.111474,0.231194,11.5011,1.30629,8.80437
10,64,combined,high,MCMC-comb,0.208279,0.231194,0.109446,0.0588453,11.5011,3.45999,3.32401
10,128,additive,low,OLS,0.0419167,0,0.126095,0,0.804879,0.802066,1.00351
10,128,additive,low,ISD-1,0.0419167,0,0.0268592,0,0.804879,0.707045,1.13837
10,128,additive,low,ISD-3,0.0419167,0,0.024602,0,0.804879,0.792977,1.01501
10,128,additive,low,ElasticNet,0.0419167,0,0.124992,0,0.804879,0.795599,1.01166
10,128,additive,low,MCMC-add,0.0419167,0,0.126121,0,0.804879,4.18677,0.192244
10,128,additive,low,MCMC-comb,0.0419167,0,0.124562,0.0257917,0.804879,4.96032,0.162264
10,128,multiplicative,low,OLS,0,0.0462295,0.105634,0.0462295,0.656405,0.662858,0.990266
10,128,multiplicative,low,ISD-1,0,0.0462295,0,0.0462295,0.656405,0.656405,1
10,128,multiplicative,low,ISD-3,0,0.0462295,0.00512509,0.0462295,0.656405,0.692854,0.947394
10,128,multiplicative,low,ElasticNet,0,0.0462295,0.101588,0.0462295,0.656405,0.659137,0.995855
10,128,multiplicative,low,MCMC-add,0,0.0462295,0.105659,0.0462295,0.656405,2.81021,0.233579
10,128,multiplicative,low,MCMC-comb,0,0.0462295,0.103724,0.015918,0.656405,3.881,0.169133
10,128,combined,low,OLS,0.0419167,0.0462295,0.125044,0.0462295,0.312735,0.177308,1.7638
10,128,combined,low,ISD-1,0.0419167,0.0462295,0.0239634,0.0462295,0.312735,0.130858,2.38987
10,128,combined,low,ISD-3,0.0419167,0.0462295,0.0238053,0.0462295,0.312735,0.13708,2.2814
10,128,combined,low,ElasticNet,0.0419167,0.0462295,0.123967,0.0462295,0.312735,0.182843,1.7104
10,128,combined,low,MCMC-add,0.0419167,0.0462295,0.125069,0.0462295,0.312735,3.46674,0.0902101
10,128,combined,low,MCMC-comb,0.0419167,0.0462295,0.122618,0.0214313,0.312735,4.80783,0.065047
10,128,additive,medium,OLS,0.104792,0,0.155211,0,2.98716,2.46093,1.21383
10,128,additive,medium,ISD-1,0.104792,0,0.0588245,0,2.98716,2.24375,1.33132
10,128,additive,medium,ISD-3,0.104792,0,0.0595479,0,2.98716,2.24381,1.33129
10,128,additive,medium,ElasticNet,0.104792,0,0.154172,0,2.98716,2.43563,1.22644
10,128,additive,medium,MCMC-add,0.104792,0,0.155237,0,2.98716,5.28799,0.564895
10,128,additive,medium,MCMC-comb,0.104792,0,0.152131,0.0383666,2.98716,6.35822,0.469811
10,128,multiplicative,medium,OLS,0,0.115574,0.104534,0.115574,1.35169,1.56727,0.862447
10,128,multiplicative,medium,ISD-1,0,0.115574,0.0108778,0.115574,1.35169,1.59247,0.848796
10,128,multiplicative,medium,ISD-3,0,0.115574,0.0108696,0.115574,1.35169,1.58458,0.853027
10,128,multiplicative,medium,ElasticNet,0,0.115574,0.104371,0.115574,1.35169,1.56829,0.861884
10,128,multiplicative,medium,MCMC-add,0,0.115574,0.104558,0.115574,1.35169,1.87749,0.719944
10,128,multiplicative,medium,MCMC-comb,0,0.115574,0.105442,0.0175413,1.35169,3.71555,0.363792
10,128,combined,medium,OLS,0.104792,0.115574,0.152789,0.115574,1.91821,0.509873,3.76212
10,128,combined,medium,ISD-1,0.104792,0.115574,0.0602561,0.115574,1.91821,0.433549,4.42443
10,128,combined,medium,ISD-3,0.104792,0.115574,0.0585165,0.115574,1.91821,0.36818,5.20996
10,128,combined,medium,ElasticNet,0.104792,0.115574,0.152342,0.115574,1.91821,0.492422,3.89545
10,128,combined,medium,MCMC-add,0.104792,0.115574,0.152814,0.115574,1.91821,3.55627,0.539388
10,128,combined,medium,MCMC-comb,0.104792,0.115574,0.148991,0.0267863,1.91821,5.74515,0.333883
10,128,additive,high,OLS,0.209584,0,0.203453,0,8.98821,9.85309,0.912222
10,128,additive,high,ISD-1,0.209584,0,0.111743,0,8.98821,5.95285,1.5099
10,128,additive,high,ISD-3,0.209584,0,0.118177,0,8.98821,5.9825,1.50242
10,128,additive,high,ElasticNet,0.209584,0,0.202935,0,8.98821,9.81824,0.91546
10,128,additive,high,MCMC-add,0.209584,0,0.20348,0,8.98821,7.34958,1.22296
10,128,additive,high,MCMC-comb,0.209584,0,0.200983,0.0588946,8.98821,8.82718,1.01824
10,128,multiplicative,high,OLS,0,0.231147,0.104065,0.231147,2.26388,3.03103,0.746901
10,128,multiplicative,high,ISD-1,0,0.231147,0.0176366,0.231147,2.26388,2.77214,0.816654
10,128,multiplicative,high,ISD-3,0,0.231147,0.016852,0.231147,2.26388,2.89166,0.782899
10,128,multiplicative,high,ElasticNet,0,0.231147,0.103917,0.231147,2.26388,3.02895,0.747415
10,128,multiplicative,high,MCMC-add,0,0.231147,0.104087,0.231147,2.26388,0.601086,3.76632
10,128,multiplicative,high,MCMC-comb,0,0.231147,0.0993183,0.0578991,2.26388,1.95205,1.15974
10,128,combined,high,OLS,0.209584,0.231147,0.199891,0.231147,7.71421,24.6623,0.312794
10,128,combined,high,ISD-1,0.209584,0.231147,0.11031,0.231147,7.71421,1.59826,4.82663
10,128,combined,high,ISD-3,0.209584,0.231147,0.10938,0.231147,7.71421,1.35449,5.69531
10,128,combined,high,ElasticNet,0.209584,0.231147,0.199295,0.231147,7.71421,24.5605,0.31409
10,128,combined,high,MCMC-add,0.209584,0.231147,0.199916,0.231147,7.71421,3.9333,1.96126
10,128,combined,high,MCMC-comb,0.209584,0.231147,0.192222,0.0467949,7.71421,6.37814,1.20948
11,32,additive,low,OLS,0.0448153,0,0.026553,0,0.702969,0.207814,3.38268
11,32,additive,low,ISD-1,0.0448153,0,0.0242684,0,0.702969,0.305241,2.30299
11,32,additive,low,ISD-3,0.0448153,0,0.0260627,0,0.702969,0.288837,2.43379
11,32,additive,low,ElasticNet,0.0448153,0,0.0258793,0,0.702969,0.192782,3.64644
11,32,additive,low,MCMC-add,0.0448153,0,0.0265368,0,0.702969,0.246784,2.84852
11,32,additive,low,MCMC-comb,0.0448153,0,0.0266063,0.129722,0.702969,0.786976,0.893253
11,32,multiplicative,low,OLS,0,0.0352156,0.00908619,0.0352156,0.155434,0.151888,1.02335
11,32,multiplicative,low,ISD-1,0,0.0352156,0,0.0352156,0.155434,0.155434,1
11,32,multiplicative,low,ISD-3,0,0.0352156,0,0.0352156,0.155434,0.155434,1
11,32,multiplicative,low,ElasticNet,0,0.0352156,0,0.0352156,0.155434,0.155434,1
11,32,multiplicative,low,MCMC-add,0,0.0352156,0.00907059,0.0352156,0.155434,0.200398,0.775628
11,32,multiplicative,low,MCMC-comb,0,0.0352156,0.00865909,0.126268,0.155434,0.800953,0.194062
11,32,combined,low,OLS,0.0448153,0.0352156,0.0268004,0.0352156,0.865355,0.369795,2.34009
11,32,combined,low,ISD-1,0.0448153,0.0352156,0.0243569,0.0352156,0.865355,0.441418,1.9604
11,32,combined,low,ISD-3,0.0448153,0.0352156,0.0261449,0.0352156,0.865355,0.444147,1.94835
11,32,combined,low,ElasticNet,0.0448153,0.0352156,0.0259753,0.0352156,0.865355,0.388156,2.2294
11,32,combined,low,MCMC-add,0.0448153,0.0352156,0.0267842,0.0352156,0.865355,0.345838,2.50219
11,32,combined,low,MCMC-comb,0.0448153,0.0352156,0.0264132,0.128838,0.865355,0.77198,1.12095
11,32,additive,medium,OLS,0.112038,0,0.0535023,0,4.7391,0.748506,6.33141
11,32,additive,medium,ISD-1,0.112038,0,0.0612362,0,4.7391,1.19826,3.95497
11,32,additive,medium,ISD-3,0.112038,0,0.0560411,0,4.7391,1.2406,3.82002
11,32,additive,medium,ElasticNet,0.112038,0,0.0502862,0,4.7391,0.738768,6.41487
11,32,additive,medium,MCMC-add,0.112038,0,0.053486,0,4.7391,0.417553,11.3497
11,32,additive,medium,MCMC-comb,0.112038,0,0.0535458,0.128549,4.7391,0.508223,9.32485
11,32,multiplicative,medium,OLS,0,0.0880391,0.00964348,0.0880391,0.393838,0.404863,0.97277
11,32,multiplicative,medium,ISD-1,0,0.0880391,0,0.0880391,0.393838,0.393838,1
11,32,multiplicative,medium,ISD-3,0,0.0880391,0,0.0880391,0.393838,0.393838,1
11,32,multiplicative,medium,ElasticNet,0,0.0880391,0,0.0880391,0.393838,0.393838,1
11,32,multiplicative,medium,MCMC-add,0,0.0880391,0.00962846,0.0880391,0.393838,0.506861,0.777014
11,32,multiplicative,medium,MCMC-comb,0,0.0880391,0.00848868,0.125764,0.393838,0.817621,0.481688
11,32,combined,medium,OLS,0.112038,0.0880391,0.0540969,0.0880391,5.13219,1.43727,3.5708
11,32,combined,medium,ISD-1,0.112038,0.0880391,0.0615224,0.0880391,5.13219,1.72212,2.98016
11,32,combined,medium,ISD-3,0.112038,0.0880391,0.0563417,0.0880391,5.13219,1.71126,2.99908
11,32,combined,medium,ElasticNet,0.112038,0.0880391,0.050673,0.0880391,5.13219,1.43641,3.57293
11,32,combined,medium,MCMC-add,0.112038,0.0880391,0.0540803,0.0880391,5.13219,0.896634,5.72384
11,32,combined,medium,MCMC-comb,0.112038,0.0880391,0.0532396,0.126747,5.13219,0.496378,10.3393
11,32,additive,high,OLS,0.224076,0,0.0989362,0,18.7812,6.94488,2.70433
11,32,additive,high,ISD-1,0.224076,0,0.114967,0,18.7812,5.24995,3.57741
11,32,additive,high,ISD-3,0.224076,0,0.105214,0,18.7812,4.98932,3.76429
11,32,additive,high,ElasticNet,0.224076,0,0.097174,0,18.7812,6.87091,2.73344
11,32,additive,high,MCMC-add,0.224076,0,0.0989198,0,18.7812,1.39836,13.4309
11,32,additive,high,MCMC-comb,0.224076,0,0.0974956,0.0722044,18.7812,0.993376,18.9065
11,32,multiplicative,high,OLS,0,0.176078,0.010696,0.176078,0.968335,0.962939,1.0056
11,32,multiplicative,high,ISD-1,0,0.176078,0,0.176078,0.968335,0.968335,1
11,32,multiplicative,high,ISD-3,0,0.176078,0,0.176078,0.968335,0.968335,1
11,32,multiplicative,high,ElasticNet,0,0.176078,0,0.176078,0.968335,0.968335,1
11,32,multiplicative,high,MCMC-add,0,0.176078,0.0106819,0.176078,0.968335,1.04799,0.923997
11,32,multiplicative,high,MCMC-comb,0,0.176078,0.00687862,0.123977,0.968335,0.832396,1.16331
11,32,combined,high,OLS,0.224076,0.176078,0.100345,0.176078,19.4964,25.1691,0.774616
11,32,combined,high,ISD-1,0.224076,0.176078,0.117639,0.176078,19.4964,6.61039,2.94936
11,32,combined,high,ISD-3,0.224076,0.176078,0.105534,0.176078,19.4964,6.51888,2.99076
11,32,combined,high,ElasticNet,0.224076,0.176078,0.0981228,0.176078,19.4964,20.179,0.966174
11,32,combined,high,MCMC-add,0.224076,0.176078,0.100328,0.176078,19.4964,2.539,7.67877
11,32,combined,high,MCMC-comb,0.224076,0.176078,0.0977681,0.128256,19.4964,0.750527,25.977
11,64,additive,low,OLS,0.0438785,0,0.0469393,0,0.772664,0.494436,1.56272
11,64,additive,low,ISD-1,0.0438785,0,0.0262263,0,0.772664,0.470677,1.6416
11,64,additive,low,ISD-3,0.0438785,0,0.0273181,0,0.772664,0.46431,1.66411
11,64,additive,low,ElasticNet,0.0438785,0,0.0466346,0,0.772664,0.518469,1.49028
11,64,additive,low,MCMC-add,0.0438785,0,0.0469625,0,0.772664,0.762029,1.01396
11,64,additive,low,MCMC-comb,0.0438785,0,0.0465513,0.0424734,0.772664,0.126468,6.10955
11,64,multiplicative,low,OLS,0,0.0360713,0.028792,0.0360713,0.344016,0.376785,0.913029
11,64,multiplicative,low,ISD-1,0,0.0360713,0,0.0360713,0.344016,0.344016,1
11,64,multiplicative,low,ISD-3,0,0.0360713,0,0.0360713,0.344016,0.344016,1
11,64,multiplicative,low,ElasticNet,0,0.0360713,0.0246137,0.0360713,0.344016,0.390576,0.880791
11,64,multiplicative,low,MCMC-add,0,0.0360713,0.0288145,0.0360713,0.344016,0.836009,0.411498
11,64,multiplicative,low,MCMC-comb,0,0.0360713,0.0283667,0.0473921,0.344016,0.288993,1.19039
11,64,combined,low,OLS,0.0438785,0.0360713,0.0470762,0.0360713,1.07862,0.836417,1.28958
11,64,combined,low,ISD-1,0.0438785,0.0360713,0.0261951,0.0360713,1.07862,0.808947,1.33337
11,64,combined,low,ISD-3,0.0438785,0.0360713,0.0273229,0.0360713,1.07862,0.81536,1.32288
11,64,combined,low,ElasticNet,0.0438785,0.0360713,0.0468094,0.0360713,1.07862,0.843418,1.27887
11,64,combined,low,MCMC-add,0.0438785,0.0360713,0.0470995,0.0360713,1.07862,1.12409,0.959553
11,64,combined,low,MCMC-comb,0.0438785,0.0360713,0.0466516,0.0451815,1.07862,0.13147,8.20434
11,64,additive,medium,OLS,0.109696,0,0.0745369,0,3.6767,3.12626,1.17607
11,64,additive,medium,ISD-1,0.109696,0,0.0603746,0,3.6767,1.8163,2.02429
11,64,additive,medium,ISD-3,0.109696,0,0.0488065,0,3.6767,1.80253,2.03975
11,64,additive,medium,ElasticNet,0.109696,0,0.0740916,0,3.6767,3.11478,1.18041
11,64,additive,medium,MCMC-add,0.109696,0,0.0745608,0,3.6767,1.38349,2.65756
11,64,additive,medium,MCMC-comb,0.109696,0,0.0737687,0.0429103,3.6767,0.667064,5.51177
11,64,multiplicative,medium,OLS,0,0.0901784,0.0290287,0.0901784,0.876127,0.877426,0.998519
11,64,multiplicative,medium,ISD-1,0,0.0901784,0,0.0901784,0.876127,0.876127,1
11,64,multiplicative,medium,ISD-3,0,0.0901784,0,0.0901784,0.876127,0.876127,1
11,64,multiplicative,medium,ElasticNet,0,0.0901784,0.02559,0.0901784,0.876127,0.901922,0.9714
11,64,multiplicative,medium,MCMC-add,0,0.0901784,0.0290513,0.0901784,0.876127,1.40008,0.62577
11,64,multiplicative,medium,MCMC-comb,0,0.0901784,0.0285932,0.050241,0.876127,0.329444,2.65941
11,64,combined,medium,OLS,0.109696,0.0901784,0.0749227,0.0901784,4.47471,5.37194,0.832979
11,64,combined,medium,ISD-1,0.109696,0.0901784,0.0604822,0.0901784,4.47471,2.9154,1.53486
11,64,combined,medium,ISD-3,0.109696,0.0901784,0.0540252,0.0901784,4.47471,2.86927,1.55953
11,64,combined,medium,ElasticNet,0.109696,0.0901784,0.0744766,0.0901784,4.47471,5.36717,0.833719
11,64,combined,medium,MCMC-add,0.109696,0.0901784,0.0749468,0.0901784,4.47471,2.36206,1.89441
11,64,combined,medium,MCMC-comb,0.109696,0.0901784,0.0744668,0.0543578,4.47471,0.468465,9.55186
11,64,additive,high,OLS,0.219393,0,0.121377,0,13.0753,12.4181,1.05292
11,64,additive,high,ISD-1,0.219393,0,0.117656,0,13.0753,5.75219,2.27311
11,64,additive,high,ISD-3,0.219393,0,0.105706,0,13.0753,5.74303,2.27673
11,64,additive,high,ElasticNet,0.219393,0,0.1201,0,13.0753,12.3451,1.05915
11,64,additive,high,MCMC-add,0.219393,0,0.1214,0,13.0753,3.11616,4.19598
11,64,additive,high,MCMC-comb,0.219393,0,0.119808,0.0177103,13.0753,2.87192,4.55282
11,64,multiplicative,high,OLS,0,0.180357,0.0295013,0.180357,2.1139,1.98669,1.06403
11,64,multiplicative,high,ISD-1,0,0.180357,0,0.180357,2.1139,2.1139,1
11,64,multiplicative,high,ISD-3,0,0.180357,0,0.180357,2.1139,2.1139,1
11,64,multiplicative,high,ElasticNet,0,0.180357,0.028539,0.180357,2.1139,1.9957,1.05923
11,64,multiplicative,high,MCMC-add,0,0.180357,0.0295239,0.180357,2.1139,2.55141,0.828521
11,64,multiplicative,high,MCMC-comb,0,0.180357,0.0276711,0.111479,2.1139,1.25921,1.67874
11,64,combined,high,OLS,0.219393,0.180357,0.122608,0.180357,14.5321,28.7765,0.505
11,64,combined,high,ISD-1,0.219393,0.180357,0.118348,0.180357,14.5321,8.72042,1.66645
11,64,combined,high,ISD-3,0.219393,0.180357,0.104366,0.180357,14.5321,8.78307,1.65456
11,64,combined,high,ElasticNet,0.219393,0.180357,0.12165,0.180357,14.5321,28.8679,0.503401
11,64,combined,high,MCMC-add,0.219393,0.180357,0.122632,0.180357,14.5321,5.24825,2.76895
11,64,combined,high,MCMC-comb,0.219393,0.180357,0.119297,0.075456,14.5321,2.89106,5.02657
12,32,additive,low,OLS,0.0355293,0,0.0130163,0,0.751588,0.17284,4.34847
12,32,additive,low,ISD-1,0.0355293,0,0.0269915,0,0.751588,0.198671,3.78307
12,32,additive,low,ISD-3,0.0355293,0,0.0269781,0,0.751588,0.334604,2.2462
12,32,additive,low,ElasticNet,0.0355293,0,0.0131648,0,0.751588,0.171807,4.37461
12,32,additive,low,MCMC-add,0.0355293,0,0.0130288,0,0.751588,0.252384,2.97796
12,32,additive,low,MCMC-comb,0.0355293,0,0.0130261,0.108488,0.751588,0.96609,0.777969
12,32,multiplicative,low,OLS,0,0.0494368,0.0091893,0.0494368,0.213973,0.305471,0.700469
12,32,multiplicative,low,ISD-1,0,0.0494368,0,0.0494368,0.213973,0.213973,1
12,32,multiplicative,low,ISD-3,0,0.0494368,0,0.0494368,0.213973,0.213973,1
12,32,multiplicative,low,ElasticNet,0,0.0494368,0.00185322,0.0494368,0.213973,0.217564,0.983497
12,32,multiplicative,low,MCMC-add,0,0.0494368,0.00917528,0.0494368,0.213973,0.322478,0.663527
12,32,multiplicative,low,MCMC-comb,0,0.0494368,0.00861193,0.108911,0.213973,0.764792,0.27978
12,32,combined,low,OLS,0.0355293,0.0494368,0.0128198,0.0494368,0.913388,0.187681,4.8667
12,32,combined,low,ISD-1,0.0355293,0.0494368,0.0268309,0.0494368,0.913388,0.434946,2.1
12,32,combined,low,ISD-3,0.0355293,0.0494368,0.0268994,0.0494368,0.913388,0.347832,2.62595
12,32,combined,low,ElasticNet,0.0355293,0.0494368,0.0129672,0.0494368,0.913388,0.171238,5.33403
12,32,combined,low,MCMC-add,0.0355293,0.0494368,0.0128324,0.0494368,0.913388,0.319702,2.85699
12,32,combined,low,MCMC-comb,0.0355293,0.0494368,0.0127772,0.102971,0.913388,0.853335,1.07037
12,32,additive,medium,OLS,0.0888233,0,0.0384219,0,4.61804,0.198928,23.2146
12,32,additive,medium,ISD-1,0.0888233,0,0.054145,0,4.61804,0.723698,6.38117
12,32,additive,medium,ISD-3,0.0888233,0,0.0510659,0,4.61804,0.352396,13.1047
12,32,additive,medium,ElasticNet,0.0888233,0,0.0388309,0,4.61804,0.223895,20.626
12,32,additive,medium,MCMC-add,0.0888233,0,0.0384368,0,4.61804,0.351566,13.1356
12,32,additive,medium,MCMC-comb,0.0888233,0,0.0384264,0.0989121,4.61804,1.07082,4.31261
12,32,multiplicative,medium,OLS,0,0.123592,0.00939703,0.123592,0.596405,0.685567,0.869944
12,32,multiplicative,medium,ISD-1,0,0.123592,0,0.123592,0.596405,0.596405,1
12,32,multiplicative,medium,ISD-3,0,0.123592,0,0.123592,0.596405,0.596405,1
12,32,multiplicative,medium,ElasticNet,0,0.123592,0.0015802,0.123592,0.596405,0.706091,0.844657
12,32,multiplicative,medium,MCMC-add,0,0.123592,0.00938268,0.123592,0.596405,0.713763,0.835579
12,32,multiplicative,medium,MCMC-comb,0,0.123592,0.00888183,0.0948687,0.596405,0.682772,0.873506
12,32,combined,medium,OLS,0.0888233,0.123592,0.0379089,0.123592,5.10414,0.71939,7.09509
12,32,combined,medium,ISD-1,0.0888233,0.123592,0.0538219,0.123592,5.10414,1.38858,3.67579
12,32,combined,medium,ISD-3,0.0888233,0.123592,0.0522197,0.123592,5.10414,1.15405,4.42281
12,32,combined,medium,ElasticNet,0.0888233,0.123592,0.038316,0.123592,5.10414,0.693976,7.35492
12,32,combined,medium,MCMC-add,0.0888233,0.123592,0.0379243,0.123592,5.10414,0.370502,13.7763
12,32,combined,medium,MCMC-comb,0.0888233,0.123592,0.0378334,0.0881172,5.10414,0.917301,5.56429
12,32,additive,high,OLS,0.177647,0,0.0816106,0,17.6606,0.812812,21.7278
12,32,additive,high,ISD-1,0.177647,0,0.098375,0,17.6606,2.25967,7.8156
12,32,additive,high,ISD-3,0.177647,0,0.101809,0,17.6606,1.994,8.85688
12,32,additive,high,ElasticNet,0.177647,0,0.0824374,0,17.6606,0.797835,22.1357
12,32,additive,high,MCMC-add,0.177647,0,0.0816255,0,17.6606,0.336812,52.4348
12,32,additive,high,MCMC-comb,0.177647,0,0.0826251,0.0799468,17.6606,0.884536,19.966
12,32,multiplicative,high,OLS,0,0.247184,0.0097782,0.247184,1.45566,1.42857,1.01897
12,32,multiplicative,high,ISD-1,0,0.247184,0,0.247184,1.45566,1.45566,1
12,32,multiplicative,high,ISD-3,0,0.247184,0,0.247184,1.45566,1.45566,1
12,32,multiplicative,high,ElasticNet,0,0.247184,0,0.247184,1.45566,1.45566,1
12,32,multiplicative,high,MCMC-add,0,0.247184,0.00976328,0.247184,1.45566,1.50484,0.96732
12,32,multiplicative,high,MCMC-comb,0,0.247184,0.00884199,0.0802239,1.45566,0.542124,2.68511
12,32,combined,high,OLS,0.177647,0.247184,0.0805176,0.247184,18.8496,2.76576,6.81536
12,32,combined,high,ISD-1,0.177647,0.247184,0.097269,0.247184,18.8496,4.48431,4.20347
12,32,combined,high,ISD-3,0.177647,0.247184,0.101409,0.247184,18.8496,4.11862,4.57669
12,32,combined,high,ElasticNet,0.177647,0.247184,0.081342,0.247184,18.8496,2.75527,6.8413
12,32,combined,high,MCMC-add,0.177647,0.247184,0.0805335,0.247184,18.8496,1.18891,15.8545
12,32,combined,high,MCMC-comb,0.177647,0.247184,0.0792369,0.0863738,18.8496,0.440186,42.822
12,64,additive,low,OLS,0.0359967,0,0.0108612,0,0.508806,0.250248,2.03321
12,64,additive,low,ISD-1,0.0359967,0,0.0273656,0,0.508806,0.188993,2.69219
12,64,additive,low,ISD-3,0.0359967,0,0.0284629,0,0.508806,0.237385,2.14338
12,64,additive,low,ElasticNet,0.0359967,0,0.0107381,0,0.508806,0.249959,2.03556
12,64,additive,low,MCMC-add,0.0359967,0,0.0108829,0,0.508806,0.275179,1.849
12,64,additive,low,MCMC-comb,0.0359967,0,0.0107631,0.00890774,0.508806,0.120107,4.23628
12,64,multiplicative,low,OLS,0,0.0497439,0.028355,0.0497439,0.544271,0.492396,1.10535
12,64,multiplicative,low,ISD-1,0,0.0497439,0,0.0497439,0.544271,0.544271,1
12,64,multiplicative,low,ISD-3,0,0.0497439,0.00572555,0.0497439,0.544271,0.532149,1.02278
12,64,multiplicative,low,ElasticNet,0,0.0497439,0.0254983,0.0497439,0.544271,0.513349,1.06023
12,64,multiplicative,low,MCMC-add,0,0.0497439,0.0283795,0.0497439,0.544271,1.09396,0.497525
12,64,multiplicative,low,MCMC-comb,0,0.0497439,0.02815,0.018508,0.544271,0.274944,1.97957
12,64,combined,low,OLS,0.0359967,0.0497439,0.0113942,0.0497439,0.837754,0.275807,3.03746
12,64,combined,low,ISD-1,0.0359967,0.0497439,0.0271388,0.0497439,0.837754,0.469622,1.78389
12,64,combined,low,ISD-3,0.0359967,0.0497439,0.0238331,0.0497439,0.837754,0.356595,2.34931
12,64,combined,low,ElasticNet,0.0359967,0.0497439,0.0112709,0.0497439,0.837754,0.280591,2.98568
12,64,combined,low,MCMC-add,0.0359967,0.0497439,0.0114165,0.0497439,0.837754,0.760547,1.10151
12,64,combined,low,MCMC-comb,0.0359967,0.0497439,0.0111855,0.0163681,0.837754,0.202418,4.13874
12,64,additive,medium,OLS,0.0899917,0,0.0195672,0,3.07023,0.354746,8.65471
12,64,additive,medium,ISD-1,0.0899917,0,0.0516557,0,3.07023,0.220558,13.9203
12,64,additive,medium,ISD-3,0.0899917,0,0.0515268,0,3.07023,0.226418,13.56
12,64,additive,medium,ElasticNet,0.0899917,0,0.0199957,0,3.07023,0.357773,8.58151
12,64,additive,medium,MCMC-add,0.0899917,0,0.0195467,0,3.07023,0.438414,7.00304
12,64,additive,medium,MCMC-comb,0.0899917,0,0.0202322,0.0194274,3.07023,0.749925,4.09405
12,64,multiplicative,medium,OLS,0,0.12436,0.0290796,0.12436,1.34421,1.36618,0.983921
12,64,multiplicative,medium,ISD-1,0,0.12436,0,0.12436,1.34421,1.34421,1
12,64,multiplicative,medium,ISD-3,0,0.12436,0.00585003,0.12436,1.34421,1.3933,0.964771
12,64,multiplicative,medium,ElasticNet,0,0.12436,0.02708,0.12436,1.34421,1.37323,0.978871
12,64,multiplicative,medium,MCMC-add,0,0.12436,0.0291047,0.12436,1.34421,1.94412,0.691425
12,64,multiplicative,medium,MCMC-comb,0,0.12436,0.0285904,0.0267037,1.34421,0.145327,9.24961
12,64,combined,medium,OLS,0.0899917,0.12436,0.0189503,0.12436,4.07991,1.32175,3.08675
12,64,combined,medium,ISD-1,0.0899917,0.12436,0.0512331,0.12436,4.07991,1.70802,2.38868
12,64,combined,medium,ISD-3,0.0899917,0.12436,0.0511547,0.12436,4.07991,1.58678,2.57118
12,64,combined,medium,ElasticNet,0.0899917,0.12436,0.019366,0.12436,4.07991,1.31929,3.0925
12,64,combined,medium,MCMC-add,0.0899917,0.12436,0.0189307,0.12436,4.07991,1.05112,3.8815
12,64,combined,medium,MCMC-comb,0.0899917,0.12436,0.020387,0.0240757,4.07991,0.762429,5.35119
12,64,additive,high,OLS,0.179983,0,0.0647729,0,12.552,1.25252,10.0214
12,64,additive,high,ISD-1,0.179983,0,0.101466,0,12.552,1.43947,8.71987
12,64,additive,high,ISD-3,0.179983,0,0.101595,0,12.552,1.03758,12.0974
12,64,additive,high,ElasticNet,0.179983,0,0.0665886,0,12.552,1.20224,10.4405
12,64,additive,high,MCMC-add,0.179983,0,0.0647505,0,12.552,0.859079,14.611
12,64,additive,high,MCMC-comb,0.179983,0,0.066206,0.0238012,12.552,1.31964,9.51172
12,64,multiplicative,high,OLS,0,0.24872,0.0304019,0.24872,3.12553,3.08976,1.01158
12,64,multiplicative,high,ISD-1,0,0.24872,0,0.24872,3.12553,3.12553,1
12,64,multiplicative,high,ISD-3,0,0.24872,0.00736723,0.24872,3.12553,3.08939,1.0117
12,64,multiplicative,high,ElasticNet,0,0.24872,0.0278204,0.24872,3.12553,3.07297,1.0171
12,64,multiplicative,high,MCMC-add,0,0.24872,0.030428,0.24872,3.12553,3.72631,0.838775
12,64,multiplicative,high,MCMC-comb,0,0.24872,0.0298697,0.0623987,3.12553,0.508614,6.14519
12,64,combined,high,OLS,0.179983,0.24872,0.0627415,0.24872,14.7106,4.89752,3.00368
12,64,combined,high,ISD-1,0.179983,0.24872,0.100094,0.24872,14.7106,5.83994,2.51896
12,64,combined,high,ISD-3,0.179983,0.24872,0.100919,0.24872,14.7106,5.62366,2.61584
12,64,combined,high,ElasticNet,0.179983,0.24872,0.0638536,0.24872,14.7106,4.94207,2.97661
12,64,combined,high,MCMC-add,0.179983,0.24872,0.0627183,0.24872,14.7106,2.21111,6.65303
12,64,combined,high,MCMC-comb,0.179983,0.24872,0.0636188,0.0741106,14.7106,0.549388,26.7764
12,128,additive,low,OLS,0.0365027,0,0.0864466,0,0.436775,0.493132,0.885717
12,128,additive,low,ISD-1,0.0365027,0,0.027406,0,0.436775,0.590047,0.740238
12,128,additive,low,ISD-3,0.0365027,0,0.0249758,0,0.436775,0.416619,1.04838
12,128,additive,low,ElasticNet,0.0365027,0,0.08361,0,0.436775,0.485707,0.899257
12,128,additive,low,MCMC-add,0.0365027,0,0.0864716,0,0.436775,2.72891,0.160055
12,128,additive,low,MCMC-comb,0.0365027,0,0.0868908,0.0283276,0.436775,3.39956,0.12848
12,128,multiplicative,low,OLS,0,0.0495923,0.106946,0.0495923,0.693683,0.61069,1.1359
12,128,multiplicative,low,ISD-1,0,0.0495923,0,0.0495923,0.693683,0.693683,1
12,128,multiplicative,low,ISD-3,0,0.0495923,0.00909289,0.0495923,0.693683,0.575619,1.20511
12,128,multiplicative,low,ElasticNet,0,0.0495923,0.0945623,0.0495923,0.693683,0.628564,1.1036
12,128,multiplicative,low,MCMC-add,0,0.0495923,0.106972,0.0495923,0.693683,4.01275,0.17287
12,128,multiplicative,low,MCMC-comb,0,0.0495923,0.105694,0.0377381,0.693683,4.15695,0.166873
12,128,combined,low,OLS,0.0365027,0.0495923,0.0890731,0.0495923,0.363399,0.239952,1.51447
12,128,combined,low,ISD-1,0.0365027,0.0495923,0.0221035,0.0495923,0.363399,0.27458,1.32347
12,128,combined,low,ISD-3,0.0365027,0.0495923,0.0249533,0.0495923,0.363399,0.248826,1.46045
12,128,combined,low,ElasticNet,0.0365027,0.0495923,0.0867829,0.0495923,0.363399,0.222338,1.63445
12,128,combined,low,MCMC-add,0.0365027,0.0495923,0.0890985,0.0495923,0.363399,3.34716,0.108569
12,128,combined,low,MCMC-comb,0.0365027,0.0495923,0.0881501,0.0347673,0.363399,3.30871,0.109831
12,128,additive,medium,OLS,0.0912567,0,0.0605659,0,1.73438,0.655487,2.64594
12,128,additive,medium,ISD-1,0.0912567,0,0.053913,0,1.73438,0.725641,2.39013
12,128,additive,medium,ISD-3,0.0912567,0,0.0535007,0,1.73438,0.701244,2.47329
12,128,additive,medium,ElasticNet,0.0912567,0,0.0577388,0,1.73438,0.63117,2.74788
12,128,additive,medium,MCMC-add,0.0912567,0,0.0605902,0,1.73438,1.79969,0.963708
12,128,additive,medium,MCMC-comb,0.0912567,0,0.0605095,0.0288997,1.73438,2.21567,0.782777
12,128,multiplicative,medium,OLS,0,0.123981,0.111198,0.123981,1.70078,1.49954,1.1342
12,128,multiplicative,medium,ISD-1,0,0.123981,0,0.123981,1.70078,1.70078,1
12,128,multiplicative,medium,ISD-3,0,0.123981,0.11124,0.123981,1.70078,1.50132,1.13286
12,128,multiplicative,medium,ElasticNet,0,0.123981,0.101139,0.123981,1.70078,1.60459,1.05994
12,128,multiplicative,medium,MCMC-add,0,0.123981,0.111224,0.123981,1.70078,5.05694,0.336326
12,128,multiplicative,medium,MCMC-comb,0,0.123981,0.108266,0.053559,1.70078,4.17725,0.407153
12,128,combined,medium,OLS,0.0912567,0.123981,0.0677129,0.123981,2.08749,1.00568,2.07569
12,128,combined,medium,ISD-1,0.0912567,0.123981,0.0509965,0.123981,2.08749,1.40096,1.49004
12,128,combined,medium,ISD-3,0.0912567,0.123981,0.0514337,0.123981,2.08749,1.29749,1.60887
12,128,combined,medium,ElasticNet,0.0912567,0.123981,0.0655543,0.123981,2.08749,0.982609,2.12443
12,128,combined,medium,MCMC-add,0.0912567,0.123981,0.0677384,0.123981,2.08749,3.55179,0.587727
12,128,combined,medium,MCMC-comb,0.0912567,0.123981,0.0663196,0.0453546,2.08749,2.08125,1.00299
12,128,additive,high,OLS,0.182513,0,0.0341748,0,6.71076,1.41636,4.73804
12,128,additive,high,ISD-1,0.182513,0,0.105596,0,6.71076,0.571041,11.7518
12,128,additive,high,ISD-3,0.182513,0,0.107394,0,6.71076,0.530069,12.6601
12,128,additive,high,ElasticNet,0.182513,0,0.0334883,0,6.71076,1.32593,5.06119
12,128,additive,high,MCMC-add,0.182513,0,0.0341842,0,6.71076,0.65667,10.2194
12,128,additive,high,MCMC-comb,0.182513,0,0.0416999,0.0342095,6.71076,0.584353,11.4841
12,128,multiplicative,high,OLS,0,0.247961,0.119169,0.247961,3.78452,3.0777,1.22966
12,128,multiplicative,high,ISD-1,0,0.247961,0.0175996,0.247961,3.78452,3.35682,1.12741
12,128,multiplicative,high,ISD-3,0,0.247961,0.0129824,0.247961,3.78452,3.43737,1.10099
12,128,multiplicative,high,ElasticNet,0,0.247961,0.116462,0.247961,3.78452,3.07451,1.23093
12,128,multiplicative,high,MCMC-add,0,0.247961,0.119196,0.247961,3.78452,7.18032,0.527068
12,128,multiplicative,high,MCMC-comb,0,0.247961,0.112356,0.0895784,3.78452,3.81549,0.991881
12,128,combined,high,OLS,0.182513,0.247961,0.0461058,0.247961,7.39485,3.92903,1.8821
12,128,combined,high,ISD-1,0.182513,0.247961,0.0993978,0.247961,7.39485,4.67808,1.58074
12,128,combined,high,ISD-3,0.182513,0.247961,0.103854,0.247961,7.39485,4.51783,1.63681
12,128,combined,high,ElasticNet,0.182513,0.247961,0.0441087,0.247961,7.39485,3.90968,1.89142
12,128,combined,high,MCMC-add,0.182513,0.247961,0.0461227,0.247961,7.39485,4.52591,1.63389
12,128,combined,high,MCMC-comb,0.182513,0.247961,0.0579789,0.0923205,7.39485,0.754783,9.79733
13,32,additive,low,OLS,0.0381863,0,0.016505,0,1.33364,0.440098,3.03033
13,32,additive,low,ISD-1,0.0381863,0,0.0253826,0,1.33364,0.380997,3.5004
13,32,additive,low,ISD-3,0.0381863,0,0.0248083,0,1.33364,0.270802,4.92479
13,32,additive,low,ElasticNet,0.0381863,0,0.0174307,0,1.33364,0.461912,2.88723
13,32,additive,low,MCMC-add,0.0381863,0,0.0165205,0,1.33364,0.3811,3.49946
13,32,additive,low,MCMC-comb,0.0381863,0,0.0165229,0.0728965,1.33364,1.08163,1.23299
13,32,multiplicative,low,OLS,0,0.0352156,0.00706209,0.0352156,0.318322,0.410162,0.776088
13,32,multiplicative,low,ISD-1,0,0.0352156,0,0.0352156,0.318322,0.318322,1
13,32,multiplicative,low,ISD-3,0,0.0352156,0,0.0352156,0.318322,0.318322,1
13,32,multiplicative,low,ElasticNet,0,0.0352156,0.004029,0.0352156,0.318322,0.423288,0.752023
13,32,multiplicative,low,MCMC-add,0,0.0352156,0.00705763,0.0352156,0.318322,0.50204,0.634057
13,32,multiplicative,low,MCMC-comb,0,0.0352156,0.00668075,0.0763545,0.318322,0.922578,0.345035
13,32,combined,low,OLS,0.0381863,0.0352156,0.016716,0.0352156,1.60815,0.449302,3.57921
13,32,combined,low,ISD-1,0.0381863,0.0352156,0.025548,0.0352156,1.60815,0.443028,3.6299
13,32,combined,low,ISD-3,0.0381863,0.0352156,0.0249239,0.0352156,1.60815,0.252015,6.38115
13,32,combined,low,ElasticNet,0.0381863,0.0352156,0.0178706,0.0352156,1.60815,0.376287,4.27372
13,32,combined,low,MCMC-add,0.0381863,0.0352156,0.0167315,0.0352156,1.60815,0.498819,3.22391
13,32,combined,low,MCMC-comb,0.0381863,0.0352156,0.0161339,0.0755316,1.60815,1.09311,1.47116
13,32,additive,medium,OLS,0.0954657,0,0.0421459,0,6.67161,0.497795,13.4023
13,32,additive,medium,ISD-1,0.0954657,0,0.0600288,0,6.67161,0.516989,12.9048
13,32,additive,medium,ISD-3,0.0954657,0,0.0554707,0,6.67161,0.540328,12.3473
13,32,additive,medium,ElasticNet,0.0954657,0,0.0432641,0,6.67161,0.400426,16.6613
13,32,additive,medium,MCMC-add,0.0954657,0,0.0421618,0,6.67161,0.511438,13.0448
13,32,additive,medium,MCMC-comb,0.0954657,0,0.0420881,0.0665653,6.67161,1.27935,5.21486
13,32,multiplicative,medium,OLS,0,0.0880391,0.00737289,0.0880391,0.741589,0.782177,0.948108
13,32,multiplicative,medium,ISD-1,0,0.0880391,0,0.0880391,0.741589,0.741589,1
13,32,multiplicative,medium,ISD-3,0,0.0880391,0,0.0880391,0.741589,0.741589,1
13,32,multiplicative,medium,ElasticNet,0,0.0880391,0.00403111,0.0880391,0.741589,0.725537,1.02212
13,32,multiplicative,medium,MCMC-add,0,0.0880391,0.00736865,0.0880391,0.741589,0.823042,0.901034
13,32,multiplicative,medium,MCMC-comb,0,0.0880391,0.00667436,0.088072,0.741589,0.934,0.793992
13,32,combined,medium,OLS,0.0954657,0.0880391,0.0425637,0.0880391,7.27058,0.538426,13.5034
13,32,combined,medium,ISD-1,0.0954657,0.0880391,0.0602806,0.0880391,7.27058,1.13227,6.42124
13,32,combined,medium,ISD-3,0.0954657,0.0880391,0.0552954,0.0880391,7.27058,0.919915,7.90354
13,32,combined,medium,ElasticNet,0.0954657,0.0880391,0.0443982,0.0880391,7.27058,0.585797,12.4114
13,32,combined,medium,MCMC-add,0.0954657,0.0880391,0.0425798,0.0880391,7.27058,0.38486,18.8915
13,32,combined,medium,MCMC-comb,0.0954657,0.0880391,0.0416831,0.079384,7.27058,1.41646,5.13293
13,32,additive,high,OLS,0.190931,0,0.0855651,0,25.0264,0.361934,69.1463
13,32,additive,high,ISD-1,0.190931,0,0.117766,0,25.0264,2.1384,11.7033
13,32,additive,high,ISD-3,0.190931,0,0.110257,0,25.0264,1.65063,15.1617
13,32,additive,high,ElasticNet,0.190931,0,0.0868706,0,25.0264,0.322774,77.5353
13,32,additive,high,MCMC-add,0.190931,0,0.0855804,0,25.0264,0.981603,25.4954
13,32,additive,high,MCMC-comb,0.190931,0,0.0859197,0.047168,25.0264,1.57468,15.893
13,32,multiplicative,high,OLS,0,0.176078,0.00802622,0.176078,1.58558,1.62972,0.972913
13,32,multiplicative,high,ISD-1,0,0.176078,0.0084724,0.176078,1.58558,1.62604,0.975113
13,32,multiplicative,high,ISD-3,0,0.176078,0.00827836,0.176078,1.58558,1.61858,0.979612
13,32,multiplicative,high,ElasticNet,0,0.176078,0.00413357,0.176078,1.58558,1.65799,0.956324
13,32,multiplicative,high,MCMC-add,0,0.176078,0.00802236,0.176078,1.58558,1.76144,0.900158
13,32,multiplicative,high,MCMC-comb,0,0.176078,0.00627641,0.116591,1.58558,1.20313,1.31787
13,32,combined,high,OLS,0.190931,0.176078,0.0863057,0.176078,26.3897,1.7419,15.15
13,32,combined,high,ISD-1,0.190931,0.176078,0.11849,0.176078,26.3897,3.61903,7.29193
13,32,combined,high,ISD-3,0.190931,0.176078,0.112774,0.176078,26.3897,3.23372,8.16079
13,32,combined,high,ElasticNet,0.190931,0.176078,0.0889448,0.176078,26.3897,1.74455,15.127
13,32,combined,high,MCMC-add,0.190931,0.176078,0.0863217,0.176078,26.3897,0.618719,42.6522
13,32,combined,high,MCMC-comb,0.190931,0.176078,0.0840272,0.0465717,26.3897,1.50458,17.5396
13,64,additive,low,OLS,0.038447,0,0.00458519,0,0.28411,0.343541,0.827007
13,64,additive,low,ISD-1,0.038447,0,0.0249606,0,0.28411,0.209126,1.35856
13,64,additive,low,ISD-3,0.038447,0,0.0244005,0,0.28411,0.245205,1.15866
13,64,additive,low,ElasticNet,0.038447,0,0.0044991,0,0.28411,0.327419,0.867726
13,64,additive,low,MCMC-add,0.038447,0,0.00460086,0,0.28411,0.159586,1.7803
13,64,additive,low,MCMC-comb,0.038447,0,0.00479112,0.011462,0.28411,0.218778,1.29863
13,64,multiplicative,low,OLS,0,0.0360713,0.0219206,0.0360713,0.34194,0.373258,0.916095
13,64,multiplicative,low,ISD-1,0,0.0360713,0,0.0360713,0.34194,0.34194,1
13,64,multiplicative,low,ISD-3,0,0.0360713,0.0199745,0.0360713,0.34194,0.405082,0.844126
13,64,multiplicative,low,ElasticNet,0,0.0360713,0.0100926,0.0360713,0.34194,0.383156,0.892431
13,64,multiplicative,low,MCMC-add,0,0.0360713,0.0219437,0.0360713,0.34194,0.772446,0.442672
13,64,multiplicative,low,MCMC-comb,0,0.0360713,0.0224517,0.015894,0.34194,0.627927,0.544554
13,64,combined,low,OLS,0.038447,0.0360713,0.00479406,0.0360713,0.438566,0.165094,2.65647
13,64,combined,low,ISD-1,0.038447,0.0360713,0.0250543,0.0360713,0.438566,0.230551,1.90225
13,64,combined,low,ISD-3,0.038447,0.0360713,0.0246009,0.0360713,0.438566,0.224202,1.95612
13,64,combined,low,ElasticNet,0.038447,0.0360713,0.00470931,0.0360713,0.438566,0.177612,2.46923
13,64,combined,low,MCMC-add,0.038447,0.0360713,0.00480854,0.0360713,0.438566,0.380678,1.15206
13,64,combined,low,MCMC-comb,0.038447,0.0360713,0.00526964,0.0133495,0.438566,0.273718,1.60225
13,64,additive,medium,OLS,0.0961174,0,0.0239712,0,1.92282,0.360017,5.34093
13,64,additive,medium,ISD-1,0.0961174,0,0.0612,0,1.92282,0.231114,8.3198
13,64,additive,medium,ISD-3,0.0961174,0,0.0561205,0,1.92282,0.292236,6.5797
13,64,additive,medium,ElasticNet,0.0961174,0,0.0243141,0,1.92282,0.344816,5.57638
13,64,additive,medium,MCMC-add,0.0961174,0,0.0239481,0,1.92282,0.410056,4.68918
13,64,additive,medium,MCMC-comb,0.0961174,0,0.0235809,0.00961907,1.92282,0.321477,5.98122
13,64,multiplicative,medium,OLS,0,0.0901784,0.0221608,0.0901784,0.950391,1.01987,0.931878
13,64,multiplicative,medium,ISD-1,0,0.0901784,0,0.0901784,0.950391,0.950391,1
13,64,multiplicative,medium,ISD-3,0,0.0901784,0.0199521,0.0901784,0.950391,0.955817,0.994324
13,64,multiplicative,medium,ElasticNet,0,0.0901784,0.0109597,0.0901784,0.950391,0.984444,0.965409
13,64,multiplicative,medium,MCMC-add,0,0.0901784,0.0221837,0.0901784,0.950391,1.39065,0.683415
13,64,multiplicative,medium,MCMC-comb,0,0.0901784,0.0216546,0.0253858,0.950391,0.733779,1.2952
13,64,combined,medium,OLS,0.0961174,0.0901784,0.0238014,0.0901784,2.61173,0.622095,4.19829
13,64,combined,medium,ISD-1,0.0961174,0.0901784,0.0613667,0.0901784,2.61173,0.997589,2.61805
13,64,combined,medium,ISD-3,0.0961174,0.0901784,0.0549391,0.0901784,2.61173,0.951257,2.74556
13,64,combined,medium,ElasticNet,0.0961174,0.0901784,0.0241393,0.0901784,2.61173,0.615179,4.24549
13,64,combined,medium,MCMC-add,0.0961174,0.0901784,0.0237772,0.0901784,2.61173,0.568924,4.59065
13,64,combined,medium,MCMC-comb,0.0961174,0.0901784,0.0229447,0.0163686,2.61173,0.286224,9.12479
13,64,additive,high,OLS,0.192235,0,0.0685331,0,8.52279,0.288026,29.5903
13,64,additive,high,ISD-1,0.192235,0,0.121016,0,8.52279,1.18485,7.19315
13,64,additive,high,ISD-3,0.192235,0,0.112315,0,8.52279,0.769984,11.0688
13,64,additive,high,ElasticNet,0.192235,0,0.069211,0,8.52279,0.366867,23.2312
13,64,additive,high,MCMC-add,0.192235,0,0.0685106,0,8.52279,1.11646,7.63377
13,64,additive,high,MCMC-comb,0.192235,0,0.0685075,0.00888852,8.52279,1.06806,7.97971
13,64,multiplicative,high,OLS,0,0.180357,0.0226895,0.180357,2.19883,2.12924,1.03269
13,64,multiplicative,high,ISD-1,0,0.180357,0,0.180357,2.19883,2.19883,1
13,64,multiplicative,high,ISD-3,0,0.180357,0.0198641,0.180357,2.19883,2.2547,0.975221
13,64,multiplicative,high,ElasticNet,0,0.180357,0.0164971,0.180357,2.19883,2.19024,1.00392
13,64,multiplicative,high,MCMC-add,0,0.180357,0.022712,0.180357,2.19883,2.62332,0.838187
13,64,multiplicative,high,MCMC-comb,0,0.180357,0.0223431,0.0861155,2.19883,0.595717,3.69107
13,64,combined,high,OLS,0.192235,0.180357,0.0681383,0.180357,10.1716,2.23435,4.55236
13,64,combined,high,ISD-1,0.192235,0.180357,0.12167,0.180357,10.1716,3.38308,3.0066
13,64,combined,high,ISD-3,0.192235,0.180357,0.111342,0.180357,10.1716,3.02372,3.36392
13,64,combined,high,ElasticNet,0.192235,0.180357,0.0688082,0.180357,10.1716,2.24394,4.5329
13,64,combined,high,MCMC-add,0.192235,0.180357,0.0681143,0.180357,10.1716,1.04537,9.73011
13,64,combined,high,MCMC-comb,0.192235,0.180357,0.0691438,0.0730266,10.1716,1.7356,5.86053
14,32,additive,low,OLS,0.041671,0,0.0153773,0,0.375688,0.385309,0.975031
14,32,additive,low,ISD-1,0.041671,0,0.0270825,0,0.375688,0.339327,1.10716
14,32,additive,low,ISD-3,0.041671,0,0.02665,0,0.375688,0.258025,1.45601
14,32,additive,low,ElasticNet,0.041671,0,0.0227714,0,0.375688,0.365383,1.02821
14,32,additive,low,MCMC-add,0.041671,0,0.0153856,0,0.375688,0.293118,1.2817
14,32,additive,low,MCMC-comb,0.041671,0,0.0160046,0.189955,0.375688,1.4598,0.257356
14,32,multiplicative,low,OLS,0,0.0638857,0.017466,0.0638857,0.232027,0.248296,0.934477
14,32,multiplicative,low,ISD-1,0,0.0638857,0.0132292,0.0638857,0.232027,0.414606,0.559632
14,32,multiplicative,low,ISD-3,0,0.0638857,0.0134586,0.0638857,0.232027,0.326387,0.710896
14,32,multiplicative,low,ElasticNet,0,0.0638857,0.00816069,0.0638857,0.232027,0.327169,0.709197
14,32,multiplicative,low,MCMC-add,0,0.0638857,0.0174566,0.0638857,0.232027,0.259512,0.89409
14,32,multiplicative,low,MCMC-comb,0,0.0638857,0.0174565,0.191177,0.232027,1.3702,0.169338
14,32,combined,low,OLS,0.041671,0.0638857,0.0149739,0.0638857,0.278688,0.313393,0.88926
14,32,combined,low,ISD-1,0.041671,0.0638857,0.0270501,0.0638857,0.278688,0.306758,0.908495
14,32,combined,low,ISD-3,0.041671,0.0638857,0.0266865,0.0638857,0.278688,0.352638,0.790295
14,32,combined,low,ElasticNet,0.041671,0.0638857,0.0227494,0.0638857,0.278688,0.347267,0.802518
14,32,combined,low,MCMC-add,0.041671,0.0638857,0.014982,0.0638857,0.278688,0.418334,0.666186
14,32,combined,low,MCMC-comb,0.041671,0.0638857,0.0150245,0.183786,0.278688,1.46735,0.189925
14,32,additive,medium,OLS,0.104178,0,0.037128,0,2.36208,0.357442,6.60828
14,32,additive,medium,ISD-1,0.104178,0,0.049019,0,2.36208,0.269285,8.77167
14,32,additive,medium,ISD-3,0.104178,0,0.0515255,0,2.36208,0.259124,9.11563
14,32,additive,medium,ElasticNet,0.104178,0,0.0482527,0,2.36208,0.37006,6.38295
14,32,additive,medium,MCMC-add,0.104178,0,0.0371429,0,2.36208,0.579949,4.0729
14,32,additive,medium,MCMC-comb,0.104178,0,0.0375174,0.176766,2.36208,1.58831,1.48716
14,32,multiplicative,medium,OLS,0,0.159714,0.0170719,0.159714,0.356128,0.381149,0.934353
14,32,multiplicative,medium,ISD-1,0,0.159714,0.0121398,0.159714,0.356128,0.34375,1.03601
14,32,multiplicative,medium,ISD-3,0,0.159714,0.0124687,0.159714,0.356128,0.313739,1.13511
14,32,multiplicative,medium,ElasticNet,0,0.159714,0.00746415,0.159714,0.356128,0.271757,1.31047
14,32,multiplicative,medium,MCMC-add,0,0.159714,0.0170617,0.159714,0.356128,0.340888,1.04471
14,32,multiplicative,medium,MCMC-comb,0,0.159714,0.0156601,0.17612,0.356128,1.23724,0.28784
14,32,combined,medium,OLS,0.104178,0.159714,0.036565,0.159714,2.20755,0.378729,5.82883
14,32,combined,medium,ISD-1,0.104178,0.159714,0.0485312,0.159714,2.20755,0.22387,9.86086
14,32,combined,medium,ISD-3,0.104178,0.159714,0.0504863,0.159714,2.20755,0.233678,9.44695
14,32,combined,medium,ElasticNet,0.104178,0.159714,0.0481473,0.159714,2.20755,0.444058,4.97131
14,32,combined,medium,MCMC-add,0.104178,0.159714,0.0365797,0.159714,2.20755,0.583798,3.78136
14,32,combined,medium,MCMC-comb,0.104178,0.159714,0.0363026,0.166933,2.20755,1.47606,1.49557
14,32,additive,high,OLS,0.208355,0,0.0828478,0,9.81258,0.340403,28.8263
14,32,additive,high,ISD-1,0.208355,0,0.10034,0,9.81258,1.48577,6.60437
14,32,additive,high,ISD-3,0.208355,0,0.10623,0,9.81258,1.2832,7.64694
14,32,additive,high,ElasticNet,0.208355,0,0.0915568,0,9.81258,0.345984,28.3613
14,32,additive,high,MCMC-add,0.208355,0,0.0828629,0,9.81258,0.510025,19.2394
14,32,additive,high,MCMC-comb,0.208355,0,0.0830706,0.136865,9.81258,1.31483,7.46302
14,32,multiplicative,high,OLS,0,0.319428,0.0164822,0.319428,0.3084,0.248191,1.24259
14,32,multiplicative,high,ISD-1,0,0.319428,0.0101817,0.319428,0.3084,0.228682,1.3486
14,32,multiplicative,high,ISD-3,0,0.319428,0.010822,0.319428,0.3084,0.259655,1.18773
14,32,multiplicative,high,ElasticNet,0,0.319428,0.00631037,0.319428,0.3084,0.35665,0.864712
14,32,multiplicative,high,MCMC-add,0,0.319428,0.0164708,0.319428,0.3084,0.241154,1.27885
14,32,multiplicative,high,MCMC-comb,0,0.319428,0.0141778,0.158995,0.3084,0.908712,0.339381
14,32,combined,high,OLS,0.208355,0.319428,0.081812,0.319428,9.96652,0.409988,24.3093
14,32,combined,high,ISD-1,0.208355,0.319428,0.105976,0.319428,9.96652,1.90063,5.2438
14,32,combined,high,ISD-3,0.208355,0.319428,0.0955392,0.319428,9.96652,1.56999,6.34813
14,32,combined,high,ElasticNet,0.208355,0.319428,0.0878906,0.319428,9.96652,0.425605,23.4173
14,32,combined,high,MCMC-add,0.208355,0.319428,0.081827,0.319428,9.96652,0.502147,19.8478
14,32,combined,high,MCMC-comb,0.208355,0.319428,0.0840901,0.177261,9.96652,1.38937,7.17341
14,64,additive,low,OLS,0.0420604,0,0.0137623,0,0.320944,0.368723,0.87042
14,64,additive,low,ISD-1,0.0420604,0,0.0226842,0,0.320944,0.384846,0.833955
14,64,additive,low,ISD-3,0.0420604,0,0.0243696,0,0.320944,0.304712,1.05327
14,64,additive,low,ElasticNet,0.0420604,0,0.0108901,0,0.320944,0.392145,0.818432
14,64,additive,low,MCMC-add,0.0420604,0,0.0137844,0,0.320944,0.388106,0.82695
14,64,additive,low,MCMC-comb,0.0420604,0,0.0135609,0.0190702,0.320944,0.243366,1.31877
14,64,multiplicative,low,OLS,0,0.0619049,0.0309866,0.0619049,0.323022,0.290295,1.11274
14,64,multiplicative,low,ISD-1,0,0.0619049,0,0.0619049,0.323022,0.323022,1
14,64,multiplicative,low,ISD-3,0,0.0619049,0.00589944,0.0619049,0.323022,0.322665,1.00111
14,64,multiplicative,low,ElasticNet,0,0.0619049,0.0212172,0.0619049,0.323022,0.236483,1.36594
14,64,multiplicative,low,MCMC-add,0,0.0619049,0.0310103,0.0619049,0.323022,0.293147,1.10191
14,64,multiplicative,low,MCMC-comb,0,0.0619049,0.0305101,0.0142557,0.323022,0.515473,0.626652
14,64,combined,low,OLS,0.0420604,0.0619049,0.0133706,0.0619049,0.445316,0.572298,0.77812
14,64,combined,low,ISD-1,0.0420604,0.0619049,0.022765,0.0619049,0.445316,0.52331,0.850961
14,64,combined,low,ISD-3,0.0420604,0.0619049,0.0245314,0.0619049,0.445316,0.541485,0.822397
14,64,combined,low,ElasticNet,0.0420604,0.0619049,0.00992077,0.0619049,0.445316,0.599029,0.743396
14,64,combined,low,MCMC-add,0.0420604,0.0619049,0.0133928,0.0619049,0.445316,0.151976,2.93017
14,64,combined,low,MCMC-comb,0.0420604,0.0619049,0.012918,0.0176014,0.445316,0.266183,1.67297
14,64,additive,medium,OLS,0.105151,0,0.0171856,0,2.18363,0.512817,4.25811
14,64,additive,medium,ISD-1,0.105151,0,0.0510083,0,2.18363,0.258781,8.43814
14,64,additive,medium,ISD-3,0.105151,0,0.0512902,0,2.18363,0.227029,9.61828
14,64,additive,medium,ElasticNet,0.105151,0,0.0203052,0,2.18363,0.50724,4.30492
14,64,additive,medium,MCMC-add,0.105151,0,0.017165,0,2.18363,0.445521,4.90129
14,64,additive,medium,MCMC-comb,0.105151,0,0.0176723,0.0136446,2.18363,0.550667,3.96543
14,64,multiplicative,medium,OLS,0,0.154762,0.0305319,0.154762,0.459137,0.396634,1.15759
14,64,multiplicative,medium,ISD-1,0,0.154762,0,0.154762,0.459137,0.459137,1
14,64,multiplicative,medium,ISD-3,0,0.154762,0.00454949,0.154762,0.459137,0.39512,1.16202
14,64,multiplicative,medium,ElasticNet,0,0.154762,0.0205968,0.154762,0.459137,0.403917,1.13671
14,64,multiplicative,medium,MCMC-add,0,0.154762,0.0305556,0.154762,0.459137,0.212298,2.1627
14,64,multiplicative,medium,MCMC-comb,0,0.154762,0.0291006,0.0389564,0.459137,1.53635,0.298849
14,64,combined,medium,OLS,0.105151,0.154762,0.0173187,0.154762,1.93815,0.943632,2.05392
14,64,combined,medium,ISD-1,0.105151,0.154762,0.0508591,0.154762,1.93815,0.518371,3.73893
14,64,combined,medium,ISD-3,0.105151,0.154762,0.0487578,0.154762,1.93815,0.619141,3.13038
14,64,combined,medium,ElasticNet,0.105151,0.154762,0.0220936,0.154762,1.93815,0.932242,2.07902
14,64,combined,medium,MCMC-add,0.105151,0.154762,0.0172975,0.154762,1.93815,0.851451,2.27629
14,64,combined,medium,MCMC-comb,0.105151,0.154762,0.0175363,0.0293811,1.93815,0.808333,2.39771
14,64,additive,high,OLS,0.210302,0,0.0640849,0,9.06535,0.884302,10.2514
14,64,additive,high,ISD-1,0.210302,0,0.0957589,0,9.06535,1.45987,6.20968
14,64,additive,high,ISD-3,0.210302,0,0.0970808,0,9.06535,1.27235,7.1249
14,64,additive,high,ElasticNet,0.210302,0,0.0662818,0,9.06535,0.802273,11.2996
14,64,additive,high,MCMC-add,0.210302,0,0.0640624,0,9.06535,1.04807,8.6496
14,64,additive,high,MCMC-comb,0.210302,0,0.0644171,0.0157076,9.06535,1.2403,7.309
14,64,multiplicative,high,OLS,0,0.309524,0.0297148,0.309524,0.122972,0.164537,0.747385
14,64,multiplicative,high,ISD-1,0,0.309524,0,0.309524,0.122972,0.122972,1
14,64,multiplicative,high,ISD-3,0,0.309524,0,0.309524,0.122972,0.122972,1
14,64,multiplicative,high,ElasticNet,0,0.309524,0.0182502,0.309524,0.122972,0.118101,1.04124
14,64,multiplicative,high,MCMC-add,0,0.309524,0.0297386,0.309524,0.122972,0.591762,0.207807
14,64,multiplicative,high,MCMC-comb,0,0.309524,0.0299226,0.108874,0.122972,1.04237,0.117974
14,64,combined,high,OLS,0.210302,0.309524,0.0648906,0.309524,8.89724,0.14592,60.9735
14,64,combined,high,ISD-1,0.210302,0.309524,0.0974195,0.309524,8.89724,1.70885,5.20657
14,64,combined,high,ISD-3,0.210302,0.309524,0.102736,0.309524,8.89724,1.49942,5.93378
14,64,combined,high,ElasticNet,0.210302,0.309524,0.0709918,0.309524,8.89724,0.238527,37.3007
14,64,combined,high,MCMC-add,0.210302,0.309524,0.0648678,0.309524,8.89724,1.18133,7.53153
14,64,combined,high,MCMC-comb,0.210302,0.309524,0.0675861,0.128025,8.89724,0.457559,19.445
14,128,additive,low,OLS,0.0422577,0,0.0884161,0,0.719896,0.653305,1.10193
14,128,additive,low,ISD-1,0.0422577,0,0.0308653,0,0.719896,0.622174,1.15706
14,128,additive,low,ISD-3,0.0422577,0,0.0263047,0,0.719896,0.671056,1.07278
14,128,additive,low,ElasticNet,0.0422577,0,0.0878955,0,0.719896,0.643127,1.11937
14,128,additive,low,MCMC-add,0.0422577,0,0.0884413,0,0.719896,3.14304,0.229044
14,128,additive,low,MCMC-comb,0.0422577,0,0.0882573,0.0228475,0.719896,2.38537,0.301796
14,128,multiplicative,low,OLS,0,0.0608519,0.105041,0.0608519,0.568479,0.600217,0.947124
14,128,multiplicative,low,ISD-1,0,0.0608519,0,0.0608519,0.568479,0.568479,1
14,128,multiplicative,low,ISD-3,0,0.0608519,0.000701294,0.0608519,0.568479,0.704839,0.806538
14,128,multiplicative,low,ElasticNet,0,0.0608519,0.101307,0.0608519,0.568479,0.625125,0.909386
14,128,multiplicative,low,MCMC-add,0,0.0608519,0.105067,0.0608519,0.568479,3.35237,0.169575
14,128,multiplicative,low,MCMC-comb,0,0.0608519,0.104715,0.037967,0.568479,2.70953,0.209807
14,128,combined,low,OLS,0.0422577,0.0608519,0.0853591,0.0608519,1.25416,1.10071,1.13941
14,128,combined,low,ISD-1,0.0422577,0.0608519,0.0277026,0.0608519,1.25416,1.20731,1.0388
14,128,combined,low,ISD-3,0.0422577,0.0608519,0.0275384,0.0608519,1.25416,1.26326,0.992797
14,128,combined,low,ElasticNet,0.0422577,0.0608519,0.0844964,0.0608519,1.25416,1.10035,1.13978
14,128,combined,low,MCMC-add,0.0422577,0.0608519,0.0853843,0.0608519,1.25416,2.60342,0.481736
14,128,combined,low,MCMC-comb,0.0422577,0.0608519,0.0845125,0.0411582,1.25416,1.82716,0.686399
14,128,additive,medium,OLS,0.105644,0,0.0591184,0,1.80004,0.959972,1.87509
14,128,additive,medium,ISD-1,0.105644,0,0.0582386,0,1.80004,1.08501,1.65901
14,128,additive,medium,ISD-3,0.105644,0,0.0586572,0,1.80004,1.05282,1.70973
14,128,additive,medium,ElasticNet,0.105644,0,0.0588273,0,1.80004,0.977671,1.84115
14,128,additive,medium,MCMC-add,0.105644,0,0.059143,0,1.80004,2.1584,0.833969
14,128,additive,medium,MCMC-comb,0.105644,0,0.0579351,0.0333923,1.80004,1.01754,1.76901
14,128,multiplicative,medium,OLS,0,0.15213,0.10107,0.15213,1.21446,1.3547,0.896482
14,128,multiplicative,medium,ISD-1,0,0.15213,0.00623643,0.15213,1.21446,1.248,0.97313
14,128,multiplicative,medium,ISD-3,0,0.15213,0.00894761,0.15213,1.21446,1.39377,0.871352
14,128,multiplicative,medium,ElasticNet,0,0.15213,0.098117,0.15213,1.21446,1.34568,0.90249
14,128,multiplicative,medium,MCMC-add,0,0.15213,0.101095,0.15213,1.21446,2.69735,0.450244
14,128,multiplicative,medium,MCMC-comb,0,0.15213,0.101247,0.0585269,1.21446,2.11254,0.574883
14,128,combined,medium,OLS,0.105644,0.15213,0.0529476,0.15213,2.36361,2.32305,1.01746
14,128,combined,medium,ISD-1,0.105644,0.15213,0.060307,0.15213,2.36361,2.19661,1.07603
14,128,combined,medium,ISD-3,0.105644,0.15213,0.0635525,0.15213,2.36361,2.24692,1.05193
14,128,combined,medium,ElasticNet,0.105644,0.15213,0.0519468,0.15213,2.36361,2.32366,1.01719
14,128,combined,medium,MCMC-add,0.105644,0.15213,0.0529714,0.15213,2.36361,0.906565,2.60722
14,128,combined,medium,MCMC-comb,0.105644,0.15213,0.0530204,0.0484533,2.36361,1.26873,1.86297
14,128,additive,high,OLS,0.211289,0,0.0246074,0,5.77665,10.2787,0.562001
14,128,additive,high,ISD-1,0.211289,0,0.11022,0,5.77665,1.18617,4.87002
14,128,additive,high,ISD-3,0.211289,0,0.125648,0,5.77665,1.3386,4.31543
14,128,additive,high,ElasticNet,0.211289,0,0.0246174,0,5.77665,10.2495,0.563603
14,128,additive,high,MCMC-add,0.211289,0,0.0246142,0,5.77665,0.837791,6.8951
14,128,additive,high,MCMC-comb,0.211289,0,0.0277161,0.0340723,5.77665,0.284569,20.2997
14,128,multiplicative,high,OLS,0,0.304259,0.0962094,0.304259,1.39445,2.32044,0.600941
14,128,multiplicative,high,ISD-1,0,0.304259,0.0188964,0.304259,1.39445,2.14152,0.651149
14,128,multiplicative,high,ISD-3,0,0.304259,0.0222791,0.304259,1.39445,2.27817,0.61209
14,128,multiplicative,high,ElasticNet,0,0.304259,0.0925024,0.304259,1.39445,2.36096,0.590626
14,128,multiplicative,high,MCMC-add,0,0.304259,0.0962337,0.304259,1.39445,2.30581,0.604755
14,128,multiplicative,high,MCMC-comb,0,0.304259,0.0979292,0.14383,1.39445,1.44001,0.968361
14,128,combined,high,OLS,0.211289,0.304259,0.0334956,0.304259,5.52937,3.10103,1.78308
14,128,combined,high,ISD-1,0.211289,0.304259,0.123677,0.304259,5.52937,2.67438,2.06754
14,128,combined,high,ISD-3,0.211289,0.304259,0.128508,0.304259,5.52937,2.84254,1.94523
14,128,combined,high,ElasticNet,0.211289,0.304259,0.0337301,0.304259,5.52937,3.10796,1.7791
14,128,combined,high,MCMC-add,0.211289,0.304259,0.0334897,0.304259,5.52937,0.899963,6.144
14,128,combined,high,MCMC-comb,0.211289,0.304259,0.0376878,0.155027,5.52937,1.25368,4.41051
15,32,additive,low,OLS,0.0381863,0,0.0139958,0,0.628271,0.266836,2.35453
15,32,additive,low,ISD-1,0.0381863,0,0.0236797,0,0.628271,0.178574,3.51828
15,32,additive,low,ISD-3,0.0381863,0,0.0244371,0,0.628271,0.21567,2.91311
15,32,additive,low,ElasticNet,0.0381863,0,0.0141288,0,0.628271,0.246606,2.54767
15,32,additive,low,MCMC-add,0.0381863,0,0.0140101,0,0.628271,0.383409,1.63864
15,32,additive,low,MCMC-comb,0.0381863,0,0.0138593,0.117333,0.628271,1.02933,0.610371
15,32,multiplicative,low,OLS,0,0.0381863,0.00504278,0.0381863,0.167722,0.124683,1.34519
15,32,multiplicative,low,ISD-1,0,0.0381863,0,0.0381863,0.167722,0.167722,1
15,32,multiplicative,low,ISD-3,0,0.0381863,0,0.0381863,0.167722,0.167722,1
15,32,multiplicative,low,ElasticNet,0,0.0381863,0,0.0381863,0.167722,0.167722,1
15,32,multiplicative,low,MCMC-add,0,0.0381863,0.00502574,0.0381863,0.167722,0.0798027,2.10171
15,32,multiplicative,low,MCMC-comb,0,0.0381863,0.00503443,0.10993,0.167722,0.764982,0.21925
15,32,combined,low,OLS,0.0381863,0.0381863,0.0140569,0.0381863,0.562622,0.251402,2.23794
15,32,combined,low,ISD-1,0.0381863,0.0381863,0.0236886,0.0381863,0.562622,0.204988,2.74466
15,32,combined,low,ISD-3,0.0381863,0.0381863,0.0244745,0.0381863,0.562622,0.234012,2.40424
15,32,combined,low,ElasticNet,0.0381863,0.0381863,0.0141891,0.0381863,0.562622,0.276234,2.03676
15,32,combined,low,MCMC-add,0.0381863,0.0381863,0.0140711,0.0381863,0.562622,0.254309,2.21235
15,32,combined,low,MCMC-comb,0.0381863,0.0381863,0.0137927,0.109376,0.562622,1.01029,0.55689
15,32,additive,medium,OLS,0.0954657,0,0.0404344,0,4.04999,0.186371,21.7308
15,32,additive,medium,ISD-1,0.0954657,0,0.0546938,0,4.04999,0.412314,9.82257
15,32,additive,medium,ISD-3,0.0954657,0,0.052493,0,4.04999,0.364856,11.1002
15,32,additive,medium,ElasticNet,0.0954657,0,0.0407678,0,4.04999,0.224042,18.077
15,32,additive,medium,MCMC-add,0.0954657,0,0.0404496,0,4.04999,0.372024,10.8864
15,32,additive,medium,MCMC-comb,0.0954657,0,0.0403608,0.113058,4.04999,1.19287,3.39517
15,32,multiplicative,medium,OLS,0,0.0954657,0.00486102,0.0954657,0.234229,0.270152,0.867024
15,32,multiplicative,medium,ISD-1,0,0.0954657,0,0.0954657,0.234229,0.234229,1
15,32,multiplicative,medium,ISD-3,0,0.0954657,0,0.0954657,0.234229,0.234229,1
15,32,multiplicative,medium,ElasticNet,0,0.0954657,0,0.0954657,0.234229,0.234229,1
15,32,multiplicative,medium,MCMC-add,0,0.0954657,0.00484372,0.0954657,0.234229,0.215548,1.08666
15,32,multiplicative,medium,MCMC-comb,0,0.0954657,0.00484953,0.100086,0.234229,0.692645,0.338166
15,32,combined,medium,OLS,0.0954657,0.0954657,0.0406355,0.0954657,3.82243,0.173249,22.0632
15,32,combined,medium,ISD-1,0.0954657,0.0954657,0.0582801,0.0954657,3.82243,0.476135,8.02804
15,32,combined,medium,ISD-3,0.0954657,0.0954657,0.0525645,0.0954657,3.82243,0.341016,11.209
15,32,combined,medium,ElasticNet,0.0954657,0.0954657,0.0409662,0.0954657,3.82243,0.210745,18.1377
15,32,combined,medium,MCMC-add,0.0954657,0.0954657,0.0406505,0.0954657,3.82243,0.546861,6.98977
15,32,combined,medium,MCMC-comb,0.0954657,0.0954657,0.0397441,0.0861539,3.82243,0.99434,3.84419
15,32,additive,high,OLS,0.190931,0,0.0843754,0,16.4339,0.268788,61.1409
15,32,additive,high,ISD-1,0.190931,0,0.115988,0,16.4339,1.84195,8.92202
15,32,additive,high,ISD-3,0.190931,0,0.108598,0,16.4339,1.50019,10.9546
15,32,additive,high,ElasticNet,0.190931,0,0.0850373,0,16.4339,0.268562,61.1924
15,32,additive,high,MCMC-add,0.190931,0,0.0843904,0,16.4339,0.729751,22.5199
15,32,additive,high,MCMC-comb,0.190931,0,0.0843981,0.0884494,16.4339,1.34137,12.2516
15,32,multiplicative,high,OLS,0,0.190931,0.00461306,0.190931,0.301693,0.279694,1.07865
15,32,multiplicative,high,ISD-1,0,0.190931,0,0.190931,0.301693,0.301693,1
15,32,multiplicative,high,ISD-3,0,0.190931,0,0.190931,0.301693,0.301693,1
15,32,multiplicative,high,ElasticNet,0,0.190931,0,0.190931,0.301693,0.301693,1
15,32,multiplicative,high,MCMC-add,0,0.190931,0.00459535,0.190931,0.301693,0.268538,1.12346
15,32,multiplicative,high,MCMC-comb,0,0.190931,0.0045211,0.119374,0.301693,0.762156,0.395842
15,32,combined,high,OLS,0.190931,0.190931,0.0848122,0.190931,16.1288,0.948941,16.9966
15,32,combined,high,ISD-1,0.190931,0.190931,0.115901,0.190931,16.1288,2.38088,6.77431
15,32,combined,high,ISD-3,0.190931,0.190931,0.1087,0.190931,16.1288,1.95821,8.2365
15,32,combined,high,ElasticNet,0.190931,0.190931,0.0854681,0.190931,16.1288,0.938169,17.1918
15,32,combined,high,MCMC-add,0.190931,0.190931,0.0848269,0.190931,16.1288,0.984776,16.3782
15,32,combined,high,MCMC-comb,0.190931,0.190931,0.0819266,0.0602455,16.1288,0.79692,20.2389
15,64,additive,low,OLS,0.038447,0,0.00786637,0,0.820994,0.543407,1.51083
15,64,additive,low,ISD-1,0.038447,0,0.0246424,0,0.820994,0.499379,1.64403
15,64,additive,low,ISD-3,0.038447,0,0.025386,0,0.820994,0.600755,1.3666
15,64,additive,low,ElasticNet,0.038447,0,0.00512583,0,0.820994,0.810261,1.01325
15,64,additive,low,MCMC-add,0.038447,0,0.007883,0,0.820994,0.286094,2.86966
15,64,additive,low,MCMC-comb,0.038447,0,0.00849573,0.0126261,0.820994,0.467094,1.75766
15,64,multiplicative,low,OLS,0,0.038447,0.0247694,0.038447,0.626074,0.577505,1.0841
15,64,multiplicative,low,ISD-1,0,0.038447,0,0.038447,0.626074,0.626074,1
15,64,multiplicative,low,ISD-3,0,0.038447,0,0.038447,0.626074,0.626074,1
15,64,multiplicative,low,ElasticNet,0,0.038447,0.0188783,0.038447,0.626074,0.753091,0.831339
15,64,multiplicative,low,MCMC-add,0,0.038447,0.024792,0.038447,0.626074,0.16228,3.85799
15,64,multiplicative,low,MCMC-comb,0,0.038447,0.0247381,0.0166541,0.626074,0.924076,0.677513
15,64,combined,low,OLS,0.038447,0.038447,0.00752756,0.038447,0.929147,0.773383,1.20141
15,64,combined,low,ISD-1,0.038447,0.038447,0.0246148,0.038447,0.929147,0.822184,1.1301
15,64,combined,low,ISD-3,0.038447,0.038447,0.024307,0.038447,0.929147,0.897641,1.0351
15,64,combined,low,ElasticNet,0.038447,0.038447,0.00517154,0.038447,0.929147,0.968961,0.958911
15,64,combined,low,MCMC-add,0.038447,0.038447,0.00754445,0.038447,0.929147,0.431125,2.15517
15,64,combined,low,MCMC-comb,0.038447,0.038447,0.00763435,0.0139605,0.929147,0.457888,2.0292
15,64,additive,medium,OLS,0.0961174,0,0.021508,0,3.93997,0.607068,6.49017
15,64,additive,medium,ISD-1,0.0961174,0,0.0610508,0,3.93997,0.430428,9.15361
15,64,additive,medium,ISD-3,0.0961174,0,0.0554209,0,3.93997,0.584711,6.73832
15,64,additive,medium,ElasticNet,0.0961174,0,0.024681,0,3.93997,0.6397,6.1591
15,64,additive,medium,MCMC-add,0.0961174,0,0.0214847,0,3.93997,0.660075,5.96898
15,64,additive,medium,MCMC-comb,0.0961174,0,0.0217283,0.012643,3.93997,0.902304,4.36657
15,64,multiplicative,medium,OLS,0,0.0961174,0.0245489,0.0961174,1.19361,1.10341,1.08175
15,64,multiplicative,medium,ISD-1,0,0.0961174,0,0.0961174,1.19361,1.19361,1
15,64,multiplicative,medium,ISD-3,0,0.0961174,0,0.0961174,1.19361,1.19361,1
15,64,multiplicative,medium,ElasticNet,0,0.0961174,0.0204264,0.0961174,1.19361,1.12295,1.06293
15,64,multiplicative,medium,MCMC-add,0,0.0961174,0.0245714,0.0961174,1.19361,0.460276,2.59325
15,64,multiplicative,medium,MCMC-comb,0,0.0961174,0.0243871,0.0199435,1.19361,1.01184,1.17965
15,64,combined,medium,OLS,0.0961174,0.0961174,0.0214894,0.0961174,3.35637,0.651151,5.15453
15,64,combined,medium,ISD-1,0.0961174,0.0961174,0.0613132,0.0961174,3.35637,0.55315,6.06775
15,64,combined,medium,ISD-3,0.0961174,0.0961174,0.0570339,0.0961174,3.35637,0.698318,4.80637
15,64,combined,medium,ElasticNet,0.0961174,0.0961174,0.0231859,0.0961174,3.35637,0.691077,4.85673
15,64,combined,medium,MCMC-add,0.0961174,0.0961174,0.0214662,0.0961174,3.35637,1.65322,2.0302
15,64,combined,medium,MCMC-comb,0.0961174,0.0961174,0.0206455,0.00863323,3.35637,0.791933,4.23821
15,64,additive,high,OLS,0.192235,0,0.0659227,0,16.0328,0.311271,51.5074
15,64,additive,high,ISD-1,0.192235,0,0.11505,0,16.0328,1.56356,10.2541
15,64,additive,high,ISD-3,0.192235,0,0.109344,0,16.0328,1.11501,14.379
15,64,additive,high,ElasticNet,0.192235,0,0.0693357,0,16.0328,0.311566,51.4588
15,64,additive,high,MCMC-add,0.192235,0,0.0659,0,16.0328,1.73398,9.24625
15,64,additive,high,MCMC-comb,0.192235,0,0.0661458,0.0126453,16.0328,1.94957,8.22377
15,64,multiplicative,high,OLS,0,0.192235,0.0242419,0.192235,1.72133,1.48492,1.1592
15,64,multiplicative,high,ISD-1,0,0.192235,0,0.192235,1.72133,1.72133,1
15,64,multiplicative,high,ISD-3,0,0.192235,0,0.192235,1.72133,1.72133,1
15,64,multiplicative,high,ElasticNet,0,0.192235,0.0171771,0.192235,1.72133,1.57514,1.09281
15,64,multiplicative,high,MCMC-add,0,0.192235,0.0242643,0.192235,1.72133,0.953241,1.80576
15,64,multiplicative,high,MCMC-comb,0,0.192235,0.0256027,0.111678,1.72133,1.97391,0.87204
15,64,combined,high,OLS,0.192235,0.192235,0.0662259,0.192235,14.7949,2.0461,7.2308
15,64,combined,high,ISD-1,0.192235,0.192235,0.114267,0.192235,14.7949,2.81596,5.25395
15,64,combined,high,ISD-3,0.192235,0.192235,0.10902,0.192235,14.7949,2.34101,6.31988
15,64,combined,high,ElasticNet,0.192235,0.192235,0.0669093,0.192235,14.7949,2.0346,7.27167
15,64,combined,high,MCMC-add,0.192235,0.192235,0.0662037,0.192235,14.7949,3.15241,4.69321
15,64,combined,high,MCMC-comb,0.192235,0.192235,0.0634557,0.124154,14.7949,0.520516,28.4235
16,32,additive,low,OLS,0.0494368,0,0.020678,0,0.820191,0.185835,4.41355
16,32,additive,low,ISD-1,0.0494368,0,0.0186549,0,0.820191,0.215022,3.81444
16,32,additive,low,ISD-3,0.0494368,0,0.02429,0,0.820191,0.215476,3.80642
16,32,additive,low,ElasticNet,0.0494368,0,0.0190212,0,0.820191,0.223742,3.66578
16,32,additive,low,MCMC-add,0.0494368,0,0.0206629,0,0.820191,0.163867,5.00522
16,32,additive,low,MCMC-comb,0.0494368,0,0.0206501,0.108161,0.820191,0.825365,0.993731
16,32,multiplicative,low,OLS,0,0.0355293,0.00622679,0.0355293,0.173718,0.198304,0.876017
16,32,multiplicative,low,ISD-1,0,0.0355293,0,0.0355293,0.173718,0.173718,1
16,32,multiplicative,low,ISD-3,0,0.0355293,0.00516542,0.0355293,0.173718,0.144365,1.20332
16,32,multiplicative,low,ElasticNet,0,0.0355293,0,0.0355293,0.173718,0.173718,1
16,32,multiplicative,low,MCMC-add,0,0.0355293,0.00622352,0.0355293,0.173718,0.184886,0.939592
16,32,multiplicative,low,MCMC-comb,0,0.0355293,0.0063875,0.0953526,0.173718,0.600879,0.289106
16,32,combined,low,OLS,0.0494368,0.0355293,0.0207595,0.0355293,0.699229,0.122111,5.72616
16,32,combined,low,ISD-1,0.0494368,0.0355293,0.0185321,0.0355293,0.699229,0.177644,3.93612
16,32,combined,low,ISD-3,0.0494368,0.0355293,0.0243507,0.0355293,0.699229,0.145149,4.81733
16,32,combined,low,ElasticNet,0.0494368,0.0355293,0.0191762,0.0355293,0.699229,0.260749,2.68162
16,32,combined,low,MCMC-add,0.0494368,0.0355293,0.0207444,0.0355293,0.699229,0.15436,4.52985
16,32,combined,low,MCMC-comb,0.0494368,0.0355293,0.0205632,0.101611,0.699229,0.812029,0.861088
16,32,additive,medium,OLS,0.123592,0,0.0465132,0,4.13837,0.506821,8.16534
16,32,additive,medium,ISD-1,0.123592,0,0.0435579,0,4.13837,0.827464,5.00127
16,32,additive,medium,ISD-3,0.123592,0,0.0451006,0,4.13837,0.789461,5.24202
16,32,additive,medium,ElasticNet,0.123592,0,0.0465269,0,4.13837,0.550232,7.52114
16,32,additive,medium,MCMC-add,0.123592,0,0.0464969,0,4.13837,0.304425,13.594
16,32,additive,medium,MCMC-comb,0.123592,0,0.0465109,0.125441,4.13837,1.09959,3.76355
16,32,multiplicative,medium,OLS,0,0.0888233,0.00640657,0.0888233,0.197514,0.304347,0.648978
16,32,multiplicative,medium,ISD-1,0,0.0888233,0,0.0888233,0.197514,0.197514,1
16,32,multiplicative,medium,ISD-3,0,0.0888233,0.00510622,0.0888233,0.197514,0.247274,0.798768
16,32,multiplicative,medium,ElasticNet,0,0.0888233,0,0.0888233,0.197514,0.197514,1
16,32,multiplicative,medium,MCMC-add,0,0.0888233,0.00640304,0.0888233,0.197514,0.283843,0.695857
16,32,multiplicative,medium,MCMC-comb,0,0.0888233,0.00660492,0.0851481,0.197514,0.577696,0.3419
16,32,combined,medium,OLS,0.123592,0.0888233,0.0466741,0.0888233,3.92864,0.402856,9.75197
16,32,combined,medium,ISD-1,0.123592,0.0888233,0.0433308,0.0888233,3.92864,0.749054,5.2448
16,32,combined,medium,ISD-3,0.123592,0.0888233,0.0538315,0.0888233,3.92864,0.654839,5.99941
16,32,combined,medium,ElasticNet,0.123592,0.0888233,0.0468401,0.0888233,3.92864,0.380885,10.3145
16,32,combined,medium,MCMC-add,0.123592,0.0888233,0.046658,0.0888233,3.92864,0.1582,24.8334
16,32,combined,medium,MCMC-comb,0.123592,0.0888233,0.045731,0.104292,3.92864,0.985917,3.98476
16,32,additive,high,OLS,0.247184,0,0.0890304,0,16.0045,2.30424,6.9457
16,32,additive,high,ISD-1,0.247184,0,0.0945802,0,16.0045,3.3277,4.80949
16,32,additive,high,ISD-3,0.247184,0,0.100337,0,16.0045,2.84846,5.61866
16,32,additive,high,ElasticNet,0.247184,0,0.0922536,0,16.0045,2.32313,6.88922
16,32,additive,high,MCMC-add,0.247184,0,0.0890136,0,16.0045,0.744384,21.5004
16,32,additive,high,MCMC-comb,0.247184,0,0.0887178,0.15544,16.0045,1.83093,8.7412
16,32,multiplicative,high,OLS,0,0.177647,0.00677488,0.177647,0.303452,0.400509,0.757666
16,32,multiplicative,high,ISD-1,0,0.177647,0,0.177647,0.303452,0.303452,1
16,32,multiplicative,high,ISD-3,0,0.177647,0.00500722,0.177647,0.303452,0.318811,0.951823
16,32,multiplicative,high,ElasticNet,0,0.177647,0.0010771,0.177647,0.303452,0.319451,0.949917
16,32,multiplicative,high,MCMC-add,0,0.177647,0.00677095,0.177647,0.303452,0.380777,0.796928
16,32,multiplicative,high,MCMC-comb,0,0.177647,0.00713521,0.0412285,0.303452,0.164156,1.84856
16,32,combined,high,OLS,0.247184,0.177647,0.0892752,0.177647,15.6935,1.67756,9.35498
16,32,combined,high,ISD-1,0.247184,0.177647,0.086788,0.177647,15.6935,3.5546,4.41498
16,32,combined,high,ISD-3,0.247184,0.177647,0.101628,0.177647,15.6935,3.01967,5.19709
16,32,combined,high,ElasticNet,0.247184,0.177647,0.0925488,0.177647,15.6935,1.63893,9.57545
16,32,combined,high,MCMC-add,0.247184,0.177647,0.0892587,0.177647,15.6935,0.414002,37.9069
16,32,combined,high,MCMC-comb,0.247184,0.177647,0.084432,0.108468,15.6935,1.35356,11.5942
16,64,additive,low,OLS,0.0497439,0,0.0436706,0,1.2486,0.693853,1.79951
16,64,additive,low,ISD-1,0.0497439,0,0.0259944,0,1.2486,0.825335,1.51284
16,64,additive,low,ISD-3,0.0497439,0,0.0255153,0,1.2486,0.785863,1.58882
16,64,additive,low,ElasticNet,0.0497439,0,0.0434884,0,1.2486,0.699306,1.78548
16,64,additive,low,MCMC-add,0.0497439,0,0.0436945,0,1.2486,1.13297,1.10206
16,64,additive,low,MCMC-comb,0.0497439,0,0.0437847,0.0495345,1.2486,0.203384,6.13913
16,64,multiplicative,low,OLS,0,0.0359967,0.0255433,0.0359967,0.365337,0.351852,1.03833
16,64,multiplicative,low,ISD-1,0,0.0359967,0,0.0359967,0.365337,0.365337,1
16,64,multiplicative,low,ISD-3,0,0.0359967,0,0.0359967,0.365337,0.365337,1
16,64,multiplicative,low,ElasticNet,0,0.0359967,0.0206328,0.0359967,0.365337,0.372727,0.980174
16,64,multiplicative,low,MCMC-add,0,0.0359967,0.0255666,0.0359967,0.365337,0.304009,1.20173
16,64,multiplicative,low,MCMC-comb,0,0.0359967,0.0258417,0.0505501,0.365337,0.457175,0.799119
16,64,combined,low,OLS,0.0497439,0.0359967,0.0434736,0.0359967,0.959118,0.399703,2.39957
16,64,combined,low,ISD-1,0.0497439,0.0359967,0.0260016,0.0359967,0.959118,0.595734,1.60998
16,64,combined,low,ISD-3,0.0497439,0.0359967,0.0254405,0.0359967,0.959118,0.431283,2.22387
16,64,combined,low,ElasticNet,0.0497439,0.0359967,0.0432926,0.0359967,0.959118,0.382056,2.51041
16,64,combined,low,MCMC-add,0.0497439,0.0359967,0.0434972,0.0359967,0.959118,0.708878,1.35301
16,64,combined,low,MCMC-comb,0.0497439,0.0359967,0.0436218,0.0485655,0.959118,0.156217,6.13964
16,64,additive,medium,OLS,0.12436,0,0.0703548,0,5.6411,2.12581,2.65363
16,64,additive,medium,ISD-1,0.12436,0,0.0572409,0,5.6411,2.54867,2.21335
16,64,additive,medium,ISD-3,0.12436,0,0.0639862,0,5.6411,2.43382,2.3178
16,64,additive,medium,ElasticNet,0.12436,0,0.0699087,0,5.6411,2.14015,2.63584
16,64,additive,medium,MCMC-add,0.12436,0,0.070379,0,5.6411,1.87809,3.00363
16,64,additive,medium,MCMC-comb,0.12436,0,0.0704322,0.0473559,5.6411,0.784146,7.19394
16,64,multiplicative,medium,OLS,0,0.0899917,0.0252308,0.0899917,0.713452,0.740277,0.963764
16,64,multiplicative,medium,ISD-1,0,0.0899917,0,0.0899917,0.713452,0.713452,1
16,64,multiplicative,medium,ISD-3,0,0.0899917,0.0256765,0.0899917,0.713452,0.85956,0.83002
16,64,multiplicative,medium,ElasticNet,0,0.0899917,0.0187888,0.0899917,0.713452,0.759472,0.939405
16,64,multiplicative,medium,MCMC-add,0,0.0899917,0.0252538,0.0899917,0.713452,0.287858,2.47849
16,64,multiplicative,medium,MCMC-comb,0,0.0899917,0.0257387,0.0451451,0.713452,0.412786,1.72838
16,64,combined,medium,OLS,0.12436,0.0899917,0.0699197,0.0899917,4.90437,1.52146,3.22346
16,64,combined,medium,ISD-1,0.12436,0.0899917,0.0570082,0.0899917,4.90437,2.12746,2.30527
16,64,combined,medium,ISD-3,0.12436,0.0899917,0.0641459,0.0899917,4.90437,1.96395,2.4972
16,64,combined,medium,ElasticNet,0.12436,0.0899917,0.0694764,0.0899917,4.90437,1.49414,3.28241
16,64,combined,medium,MCMC-add,0.12436,0.0899917,0.0699434,0.0899917,4.90437,0.960314,5.10705
16,64,combined,medium,MCMC-comb,0.12436,0.0899917,0.0697039,0.0464002,4.90437,0.727479,6.7416
16,64,additive,high,OLS,0.24872,0,0.113826,0,20.3467,7.13432,2.85195
16,64,additive,high,ISD-1,0.24872,0,0.100393,0,20.3467,7.51534,2.70736
16,64,additive,high,ISD-3,0.24872,0,0.11076,0,20.3467,6.86319,2.96462
16,64,additive,high,ElasticNet,0.24872,0,0.112934,0,20.3467,7.05562,2.88376
16,64,additive,high,MCMC-add,0.24872,0,0.11385,0,20.3467,3.37398,6.03047
16,64,additive,high,MCMC-comb,0.24872,0,0.113939,0.0427828,20.3467,2.35571,8.63718
16,64,multiplicative,high,OLS,0,0.179983,0.0247893,0.179983,1.15935,1.15866,1.0006
16,64,multiplicative,high,ISD-1,0,0.179983,0,0.179983,1.15935,1.15935,1
16,64,multiplicative,high,ISD-3,0,0.179983,0.0251739,0.179983,1.15935,1.18685,0.976823
16,64,multiplicative,high,ElasticNet,0,0.179983,0.0157335,0.179983,1.15935,1.13068,1.02535
16,64,multiplicative,high,MCMC-add,0,0.179983,0.024812,0.179983,1.15935,0.665981,1.74081
16,64,multiplicative,high,MCMC-comb,0,0.179983,0.0243001,0.117255,1.15935,1.72482,0.672155
16,64,combined,high,OLS,0.24872,0.179983,0.113011,0.179983,19.3949,5.74048,3.37863
16,64,combined,high,ISD-1,0.24872,0.179983,0.0975829,0.179983,19.3949,8.14589,2.38095
16,64,combined,high,ISD-3,0.24872,0.179983,0.110601,0.179983,19.3949,7.29374,2.65912
16,64,combined,high,ElasticNet,0.24872,0.179983,0.112123,0.179983,19.3949,5.67994,3.41464
16,64,combined,high,MCMC-add,0.24872,0.179983,0.113035,0.179983,19.3949,1.89193,10.2514
16,64,combined,high,MCMC-comb,0.24872,0.179983,0.109848,0.0860691,19.3949,2.01502,9.62518
16,128,additive,low,OLS,0.0495923,0,0.125672,0,1.3084,1.21341,1.07829
16,128,additive,low,ISD-1,0.0495923,0,0.0302404,0,1.3084,0.984546,1.32894
16,128,additive,low,ISD-3,0.0495923,0,0.0300588,0,1.3084,1.02549,1.27587
16,128,additive,low,ElasticNet,0.0495923,0,0.125526,0,1.3084,1.19238,1.0973
16,128,additive,low,MCMC-add,0.0495923,0,0.125698,0,1.3084,6.36411,0.20559
16,128,additive,low,MCMC-comb,0.0495923,0,0.12658,0.0744496,1.3084,10.3807,0.126042
16,128,multiplicative,low,OLS,0,0.0365027,0.106622,0.0365027,0.938096,0.889274,1.0549
16,128,multiplicative,low,ISD-1,0,0.0365027,0,0.0365027,0.938096,0.938096,1
16,128,multiplicative,low,ISD-3,0,0.0365027,0.105324,0.0365027,0.938096,0.886708,1.05795
16,128,multiplicative,low,ElasticNet,0,0.0365027,0.098801,0.0365027,0.938096,0.829388,1.13107
16,128,multiplicative,low,MCMC-add,0,0.0365027,0.106648,0.0365027,0.938096,4.36341,0.214991
16,128,multiplicative,low,MCMC-comb,0,0.0365027,0.108787,0.0622757,0.938096,8.68381,0.108028
16,128,combined,low,OLS,0.0495923,0.0365027,0.12682,0.0365027,0.505194,0.409918,1.23243
16,128,combined,low,ISD-1,0.0495923,0.0365027,0.0315647,0.0365027,0.505194,0.453159,1.11483
16,128,combined,low,ISD-3,0.0495923,0.0365027,0.0289026,0.0365027,0.505194,0.357357,1.4137
16,128,combined,low,ElasticNet,0.0495923,0.0365027,0.126689,0.0365027,0.505194,0.36744,1.3749
16,128,combined,low,MCMC-add,0.0495923,0.0365027,0.126846,0.0365027,0.505194,5.37177,0.0940462
16,128,combined,low,MCMC-comb,0.0495923,0.0365027,0.128877,0.070656,0.505194,10.0845,0.0500961
16,128,additive,medium,OLS,0.123981,0,0.155651,0,5.32555,3.5678,1.49267
16,128,additive,medium,ISD-1,0.123981,0,0.0642,0,5.32555,3.43342,1.55109
16,128,additive,medium,ISD-3,0.123981,0,0.0578374,0,5.32555,3.57081,1.49141
16,128,additive,medium,ElasticNet,0.123981,0,0.15526,0,5.32555,3.59247,1.48242
16,128,additive,medium,MCMC-add,0.123981,0,0.155677,0,5.32555,7.96131,0.668929
16,128,additive,medium,MCMC-comb,0.123981,0,0.157177,0.087199,5.32555,12.5807,0.423313
16,128,multiplicative,medium,OLS,0,0.0912567,0.108669,0.0912567,1.95834,2.1169,0.925094
16,128,multiplicative,medium,ISD-1,0,0.0912567,0.0101681,0.0912567,1.95834,2.05548,0.95274
16,128,multiplicative,medium,ISD-3,0,0.0912567,0.107393,0.0912567,1.95834,2.21018,0.886053
16,128,multiplicative,medium,ElasticNet,0,0.0912567,0.105427,0.0912567,1.95834,2.10503,0.930314
16,128,multiplicative,medium,MCMC-add,0,0.0912567,0.108695,0.0912567,1.95834,3.09073,0.633616
16,128,multiplicative,medium,MCMC-comb,0,0.0912567,0.110334,0.0552409,1.95834,7.59718,0.257771
16,128,combined,medium,OLS,0.123981,0.0912567,0.15869,0.0912567,3.3899,1.89152,1.79215
16,128,combined,medium,ISD-1,0.123981,0.0912567,0.0669211,0.0912567,3.3899,2.14667,1.57914
16,128,combined,medium,ISD-3,0.123981,0.0912567,0.0678359,0.0912567,3.3899,2.07958,1.63009
16,128,combined,medium,ElasticNet,0.123981,0.0912567,0.15835,0.0912567,3.3899,1.86194,1.82062
16,128,combined,medium,MCMC-add,0.123981,0.0912567,0.158716,0.0912567,3.3899,5.55988,0.609707
16,128,combined,medium,MCMC-comb,0.123981,0.0912567,0.160039,0.0744367,3.3899,10.8672,0.311939
16,128,additive,high,OLS,0.247961,0,0.204926,0,17.8287,13.6698,1.30423
16,128,additive,high,ISD-1,0.247961,0,0.115579,0,17.8287,10.2119,1.74587
16,128,additive,high,ISD-3,0.247961,0,0.117401,0,17.8287,9.72441,1.83339
16,128,additive,high,ElasticNet,0.247961,0,0.204121,0,17.8287,13.5789,1.31297
16,128,additive,high,MCMC-add,0.247961,0,0.204952,0,17.8287,11.0618,1.61173
16,128,additive,high,MCMC-comb,0.247961,0,0.207522,0.108932,17.8287,16.6358,1.07171
16,128,multiplicative,high,OLS,0,0.182513,0.11305,0.182513,3.15552,4.01334,0.786258
16,128,multiplicative,high,ISD-1,0,0.182513,0.0219804,0.182513,3.15552,3.85912,0.817678
16,128,multiplicative,high,ISD-3,0,0.182513,0.0208988,0.182513,3.15552,4.03307,0.782412
16,128,multiplicative,high,ElasticNet,0,0.182513,0.112911,0.182513,3.15552,4.00156,0.788572
16,128,multiplicative,high,MCMC-add,0,0.182513,0.113074,0.182513,3.15552,1.42764,2.2103
16,128,multiplicative,high,MCMC-comb,0,0.182513,0.112165,0.0701028,3.15552,3.70499,0.851695
16,128,combined,high,OLS,0.247961,0.182513,0.211005,0.182513,14.1204,7.42089,1.9028
16,128,combined,high,ISD-1,0.247961,0.182513,0.116994,0.182513,14.1204,9.65594,1.46236
16,128,combined,high,ISD-3,0.247961,0.182513,0.131698,0.182513,14.1204,8.70276,1.62252
16,128,combined,high,ElasticNet,0.247961,0.182513,0.210304,0.182513,14.1204,7.45407,1.89433
16,128,combined,high,MCMC-add,0.247961,0.182513,0.211032,0.182513,14.1204,7.07517,1.99577
16,128,combined,high,MCMC-comb,0.247961,0.182513,0.211013,0.0961087,14.1204,11.3949,1.23919
17,32,additive,low,OLS,0.0352156,0,0.0180133,0,0.429981,0.22424,1.9175
17,32,additive,low,ISD-1,0.0352156,0,0.0233359,0,0.429981,0.161536,2.66183
17,32,additive,low,ISD-3,0.0352156,0,0.0254126,0,0.429981,0.212304,2.02531
17,32,additive,low,ElasticNet,0.0352156,0,0.0230917,0,0.429981,0.256589,1.67576
17,32,additive,low,MCMC-add,0.0352156,0,0.0180281,0,0.429981,0.246947,1.74119
17,32,additive,low,MCMC-comb,0.0352156,0,0.0179955,0.0595655,0.429981,0.356944,1.20462
17,32,multiplicative,low,OLS,0,0.0352156,0.00697942,0.0352156,0.217188,0.192705,1.12705
17,32,multiplicative,low,ISD-1,0,0.0352156,0,0.0352156,0.217188,0.217188,1
17,32,multiplicative,low,ISD-3,0,0.0352156,0.00515643,0.0352156,0.217188,0.167908,1.2935
17,32,multiplicative,low,ElasticNet,0,0.0352156,0.00221928,0.0352156,0.217188,0.190158,1.14215
17,32,multiplicative,low,MCMC-add,0,0.0352156,0.00697576,0.0352156,0.217188,0.262592,0.827096
17,32,multiplicative,low,MCMC-comb,0,0.0352156,0.0070928,0.0582257,0.217188,0.472095,0.460053
17,32,combined,low,OLS,0.0352156,0.0352156,0.0179947,0.0352156,0.600444,0.130998,4.5836
17,32,combined,low,ISD-1,0.0352156,0.0352156,0.0233029,0.0352156,0.600444,0.18093,3.31865
17,32,combined,low,ISD-3,0.0352156,0.0352156,0.0254307,0.0352156,0.600444,0.218859,2.74352
17,32,combined,low,ElasticNet,0.0352156,0.0352156,0.0230767,0.0352156,0.600444,0.179084,3.35287
17,32,combined,low,MCMC-add,0.0352156,0.0352156,0.0180095,0.0352156,0.600444,0.150363,3.99329
17,32,combined,low,MCMC-comb,0.0352156,0.0352156,0.0180694,0.0608365,0.600444,0.365909,1.64097
17,32,additive,medium,OLS,0.0880391,0,0.0440495,0,2.74772,0.212337,12.9404
17,32,additive,medium,ISD-1,0.0880391,0,0.0596552,0,2.74772,0.292664,9.38866
17,32,additive,medium,ISD-3,0.0880391,0,0.0578351,0,2.74772,0.325967,8.42944
17,32,additive,medium,ElasticNet,0.0880391,0,0.0457691,0,2.74772,0.193432,14.2051
17,32,additive,medium,MCMC-add,0.0880391,0,0.0440654,0,2.74772,0.354847,7.7434
17,32,additive,medium,MCMC-comb,0.0880391,0,0.0439789,0.060834,2.74772,0.225458,12.1873
17,32,multiplicative,medium,OLS,0,0.0880391,0.00704496,0.0880391,0.403702,0.448626,0.899863
17,32,multiplicative,medium,ISD-1,0,0.0880391,0,0.0880391,0.403702,0.403702,1
17,32,multiplicative,medium,ISD-3,0,0.0880391,0.00470555,0.0880391,0.403702,0.394326,1.02378
17,32,multiplicative,medium,ElasticNet,0,0.0880391,0.00227822,0.0880391,0.403702,0.376199,1.07311
17,32,multiplicative,medium,MCMC-add,0,0.0880391,0.00704054,0.0880391,0.403702,0.531025,0.760231
17,32,multiplicative,medium,MCMC-comb,0,0.0880391,0.00730267,0.0610124,0.403702,0.473791,0.852066
17,32,combined,medium,OLS,0.0880391,0.0880391,0.0439768,0.0880391,3.09727,0.163508,18.9427
17,32,combined,medium,ISD-1,0.0880391,0.0880391,0.0555523,0.0880391,3.09727,0.493317,6.27845
17,32,combined,medium,ISD-3,0.0880391,0.0880391,0.0579206,0.0880391,3.09727,0.365324,8.47815
17,32,combined,medium,ElasticNet,0.0880391,0.0880391,0.0462529,0.0880391,3.09727,0.315804,9.80755
17,32,combined,medium,MCMC-add,0.0880391,0.0880391,0.0439929,0.0880391,3.09727,0.181113,17.1013
17,32,combined,medium,MCMC-comb,0.0880391,0.0880391,0.0439009,0.0570374,3.09727,0.169581,18.2643
17,32,additive,high,OLS,0.176078,0,0.0884926,0,10.6693,2.57352,4.14581
17,32,additive,high,ISD-1,0.176078,0,0.106612,0,10.6693,1.85002,5.76715
17,32,additive,high,ISD-3,0.176078,0,0.106643,0,10.6693,1.61363,6.61202
17,32,additive,high,ElasticNet,0.176078,0,0.0905399,0,10.6693,2.40838,4.43008
17,32,additive,high,MCMC-add,0.176078,0,0.0885087,0,10.6693,0.522167,20.4328
17,32,additive,high,MCMC-comb,0.176078,0,0.0885646,0.0837869,10.6693,0.28545,37.3773
17,32,multiplicative,high,OLS,0,0.176078,0.00722055,0.176078,0.893567,0.898003,0.995061
17,32,multiplicative,high,ISD-1,0,0.176078,0,0.176078,0.893567,0.893567,1
17,32,multiplicative,high,ISD-3,0,0.176078,0.0026039,0.176078,0.893567,0.924185,0.96687
17,32,multiplicative,high,ElasticNet,0,0.176078,0.00394609,0.176078,0.893567,0.86911,1.02814
17,32,multiplicative,high,MCMC-add,0,0.176078,0.00721487,0.176078,0.893567,0.961092,0.929742
17,32,multiplicative,high,MCMC-comb,0,0.176078,0.00741689,0.0470592,0.893567,0.366516,2.438
17,32,combined,high,OLS,0.176078,0.176078,0.0882821,0.176078,11.6389,0.263272,44.2088
17,32,combined,high,ISD-1,0.176078,0.176078,0.109977,0.176078,11.6389,2.05337,5.66821
17,32,combined,high,ISD-3,0.176078,0.176078,0.106573,0.176078,11.6389,1.78311,6.52732
17,32,combined,high,ElasticNet,0.176078,0.176078,0.0912,0.176078,11.6389,0.214538,54.2511
17,32,combined,high,MCMC-add,0.176078,0.176078,0.0882989,0.176078,11.6389,0.422771,27.5301
17,32,combined,high,MCMC-comb,0.176078,0.176078,0.0887769,0.0528721,11.6389,0.454394,25.6142
17,64,additive,low,OLS,0.0360713,0,0.00681694,0,0.577532,0.552072,1.04612
17,64,additive,low,ISD-1,0.0360713,0,0.0258451,0,0.577532,0.374913,1.54044
17,64,additive,low,ISD-3,0.0360713,0,0.0273362,0,0.577532,0.38876,1.48557
17,64,additive,low,ElasticNet,0.0360713,0,0.00487299,0,0.577532,0.531875,1.08584
17,64,additive,low,MCMC-add,0.0360713,0,0.00682084,0,0.577532,0.365191,1.58145
17,64,additive,low,MCMC-comb,0.0360713,0,0.00652332,0.0694439,0.577532,1.98457,0.291011
17,64,multiplicative,low,OLS,0,0.0360713,0.0230927,0.0360713,0.57002,0.694524,0.820734
17,64,multiplicative,low,ISD-1,0,0.0360713,0,0.0360713,0.57002,0.57002,1
17,64,multiplicative,low,ISD-3,0,0.0360713,0.00381075,0.0360713,0.57002,0.595475,0.957252
17,64,multiplicative,low,ElasticNet,0,0.0360713,0.0191551,0.0360713,0.57002,0.672795,0.847241
17,64,multiplicative,low,MCMC-add,0,0.0360713,0.0231127,0.0360713,0.57002,1.32803,0.429221
17,64,multiplicative,low,MCMC-comb,0,0.0360713,0.0224964,0.0771481,0.57002,1.59329,0.357763
17,64,combined,low,OLS,0.0360713,0.0360713,0.00727254,0.0360713,0.873142,0.365515,2.3888
17,64,combined,low,ISD-1,0.0360713,0.0360713,0.0258058,0.0360713,0.873142,0.303281,2.87898
17,64,combined,low,ISD-3,0.0360713,0.0360713,0.0274554,0.0360713,0.873142,0.277899,3.14195
17,64,combined,low,ElasticNet,0.0360713,0.0360713,0.00531489,0.0360713,0.873142,0.329833,2.64723
17,64,combined,low,MCMC-add,0.0360713,0.0360713,0.0072761,0.0360713,0.873142,0.77392,1.12821
17,64,combined,low,MCMC-comb,0.0360713,0.0360713,0.00737811,0.0760964,0.873142,2.10614,0.414571
17,64,additive,medium,OLS,0.0901784,0,0.024147,0,3.04233,0.532462,5.71371
17,64,additive,medium,ISD-1,0.0901784,0,0.0535113,0,3.04233,0.384124,7.92019
17,64,additive,medium,ISD-3,0.0901784,0,0.0558832,0,3.04233,0.30937,9.83397
17,64,additive,medium,ElasticNet,0.0901784,0,0.0267769,0,3.04233,0.489089,6.22041
17,64,additive,medium,MCMC-add,0.0901784,0,0.0241221,0,3.04233,0.695919,4.37167
17,64,additive,medium,MCMC-comb,0.0901784,0,0.024937,0.0736952,3.04233,2.78507,1.09237
17,64,multiplicative,medium,OLS,0,0.0901784,0.0235353,0.0901784,1.5059,1.55122,0.970784
17,64,multiplicative,medium,ISD-1,0,0.0901784,0,0.0901784,1.5059,1.5059,1
17,64,multiplicative,medium,ISD-3,0,0.0901784,0.00386782,0.0901784,1.5059,1.62777,0.925133
17,64,multiplicative,medium,ElasticNet,0,0.0901784,0.020544,0.0901784,1.5059,1.54894,0.972218
17,64,multiplicative,medium,MCMC-add,0,0.0901784,0.0235552,0.0901784,1.5059,2.3861,0.631115
17,64,multiplicative,medium,MCMC-comb,0,0.0901784,0.0230974,0.0582233,1.5059,1.05791,1.42347
17,64,combined,medium,OLS,0.0901784,0.0901784,0.0240122,0.0901784,4.25996,0.350769,12.1446
17,64,combined,medium,ISD-1,0.0901784,0.0901784,0.0531771,0.0901784,4.25996,0.945918,4.50352
17,64,combined,medium,ISD-3,0.0901784,0.0901784,0.0587185,0.0901784,4.25996,1.19586,3.56227
17,64,combined,medium,ElasticNet,0.0901784,0.0901784,0.0267434,0.0901784,4.25996,0.199163,21.3893
17,64,combined,medium,MCMC-add,0.0901784,0.0901784,0.0239865,0.0901784,4.25996,0.888987,4.79193
17,64,combined,medium,MCMC-comb,0.0901784,0.0901784,0.0241672,0.0614364,4.25996,2.39608,1.77789
17,64,additive,high,OLS,0.180357,0,0.0694971,0,11.92,2.9789,4.00146
17,64,additive,high,ISD-1,0.180357,0,0.111171,0,11.92,2.3637,5.04292
17,64,additive,high,ISD-3,0.180357,0,0.115001,0,11.92,2.09765,5.68252
17,64,additive,high,ElasticNet,0.180357,0,0.0717241,0,11.92,2.82359,4.22156
17,64,additive,high,MCMC-add,0.180357,0,0.0694743,0,11.92,1.3215,9.01999
17,64,additive,high,MCMC-comb,0.180357,0,0.0699378,0.061175,11.92,3.10665,3.83692
17,64,multiplicative,high,OLS,0,0.180357,0.0245498,0.180357,3.68944,3.50877,1.05149
17,64,multiplicative,high,ISD-1,0,0.180357,0,0.180357,3.68944,3.68944,1
17,64,multiplicative,high,ISD-3,0,0.180357,0.0040002,0.180357,3.68944,3.61678,1.02009
17,64,multiplicative,high,ElasticNet,0,0.180357,0.0214702,0.180357,3.68944,3.491,1.05684
17,64,multiplicative,high,MCMC-add,0,0.180357,0.0245691,0.180357,3.68944,4.44204,0.830573
17,64,multiplicative,high,MCMC-comb,0,0.180357,0.0235251,0.131858,3.68944,3.01691,1.22292
17,64,combined,high,OLS,0.180357,0.180357,0.0686172,0.180357,15.052,0.400331,37.5988
17,64,combined,high,ISD-1,0.180357,0.180357,0.110492,0.180357,15.052,3.43425,4.3829
17,64,combined,high,ISD-3,0.180357,0.180357,0.114816,0.180357,15.052,3.26331,4.61249
17,64,combined,high,ElasticNet,0.180357,0.180357,0.0709726,0.180357,15.052,0.382002,39.4029
17,64,combined,high,MCMC-add,0.180357,0.180357,0.0685928,0.180357,15.052,1.87178,8.04154
17,64,combined,high,MCMC-comb,0.180357,0.180357,0.0712398,0.158505,15.052,5.56045,2.70697
18,32,additive,low,OLS,0.041671,0,0.0222328,0,0.7159,0.26464,2.70518
18,32,additive,low,ISD-1,0.041671,0,0.0232192,0,0.7159,0.352951,2.02833
18,32,additive,low,ISD-3,0.041671,0,0.0244595,0,0.7159,0.420835,1.70114
18,32,additive,low,ElasticNet,0.041671,0,0.0221163,0,0.7159,0.229026,3.12584
18,32,additive,low,MCMC-add,0.041671,0,0.0222159,0,0.7159,0.193676,3.69637
18,32,additive,low,MCMC-comb,0.041671,0,0.0223381,0.0616266,0.7159,0.774877,0.923889
18,32,multiplicative,low,OLS,0,0.0349212,0.00468203,0.0349212,0.177982,0.248314,0.716761
18,32,multiplicative,low,ISD-1,0,0.0349212,0,0.0349212,0.177982,0.177982,1
18,32,multiplicative,low,ISD-3,0,0.0349212,0,0.0349212,0.177982,0.177982,1
18,32,multiplicative,low,ElasticNet,0,0.0349212,0,0.0349212,0.177982,0.177982,1
18,32,multiplicative,low,MCMC-add,0,0.0349212,0.00466537,0.0349212,0.177982,0.183229,0.971363
18,32,multiplicative,low,MCMC-comb,0,0.0349212,0.00471924,0.05964,0.177982,0.631012,0.282058
18,32,combined,low,OLS,0.041671,0.0349212,0.0223058,0.0349212,0.650969,0.12697,5.12694
18,32,combined,low,ISD-1,0.041671,0.0349212,0.0232408,0.0349212,0.650969,0.278532,2.33715
18,32,combined,low,ISD-3,0.041671,0.0349212,0.0244293,0.0349212,0.650969,0.297409,2.1888
18,32,combined,low,ElasticNet,0.041671,0.0349212,0.0221899,0.0349212,0.650969,0.195071,3.33708
18,32,combined,low,MCMC-add,0.041671,0.0349212,0.0222891,0.0349212,0.650969,0.161368,4.03405
18,32,combined,low,MCMC-comb,0.041671,0.0349212,0.0221723,0.0644088,0.650969,0.848843,0.76689
18,32,additive,medium,OLS,0.104178,0,0.0488214,0,4.33937,0.982244,4.41782
18,32,additive,medium,ISD-1,0.104178,0,0.0516558,0,4.33937,1.25396,3.46055
18,32,additive,medium,ISD-3,0.104178,0,0.0538404,0,4.33937,1.15917,3.74353
18,32,additive,medium,ElasticNet,0.104178,0,0.0468777,0,4.33937,0.901843,4.81167
18,32,additive,medium,MCMC-add,0.104178,0,0.0488043,0,4.33937,0.5605,7.74197
18,32,additive,medium,MCMC-comb,0.104178,0,0.0488318,0.0724596,4.33937,1.23258,3.52057
18,32,multiplicative,medium,OLS,0,0.0873031,0.00489857,0.0873031,0.383533,0.481021,0.797331
18,32,multiplicative,medium,ISD-1,0,0.0873031,0,0.0873031,0.383533,0.383533,1
18,32,multiplicative,medium,ISD-3,0,0.0873031,0.00488875,0.0873031,0.383533,0.485092,0.79064
18,32,multiplicative,medium,ElasticNet,0,0.0873031,0,0.0873031,0.383533,0.383533,1
18,32,multiplicative,medium,MCMC-add,0,0.0873031,0.00488289,0.0873031,0.383533,0.410263,0.934845
18,32,multiplicative,medium,MCMC-comb,0,0.0873031,0.00449591,0.0634222,0.383533,0.712748,0.538105
18,32,combined,medium,OLS,0.104178,0.0873031,0.049011,0.0873031,4.01092,0.355865,11.2709
18,32,combined,medium,ISD-1,0.104178,0.0873031,0.0517775,0.0873031,4.01092,0.940487,4.26473
18,32,combined,medium,ISD-3,0.104178,0.0873031,0.0624357,0.0873031,4.01092,0.79475,5.04677
18,32,combined,medium,ElasticNet,0.104178,0.0873031,0.0470382,0.0873031,4.01092,0.399641,10.0363
18,32,combined,medium,MCMC-add,0.104178,0.0873031,0.0489942,0.0873031,4.01092,0.29826,13.4477
18,32,combined,medium,MCMC-comb,0.104178,0.0873031,0.0477381,0.0763627,4.01092,1.31093,3.05959
18,32,additive,high,OLS,0.208355,0,0.092789,0,16.1086,3.01586,5.34128
18,32,additive,high,ISD-1,0.208355,0,0.104695,0,16.1086,3.86526,4.16752
18,32,additive,high,ISD-3,0.208355,0,0.0979095,0,16.1086,3.55575,4.53029
18,32,additive,high,ElasticNet,0.208355,0,0.0945257,0,16.1086,3.02042,5.33321
18,32,additive,high,MCMC-add,0.208355,0,0.0927715,0,16.1086,1.33885,12.0317
18,32,additive,high,MCMC-comb,0.208355,0,0.0917356,0.101091,16.1086,2.38817,6.74516
18,32,multiplicative,high,OLS,0,0.174606,0.00545349,0.174606,0.646805,0.565694,1.14338
18,32,multiplicative,high,ISD-1,0,0.174606,0,0.174606,0.646805,0.646805,1
18,32,multiplicative,high,ISD-3,0,0.174606,0.00519702,0.174606,0.646805,0.515541,1.25461
18,32,multiplicative,high,ElasticNet,0,0.174606,0,0.174606,0.646805,0.646805,1
18,32,multiplicative,high,MCMC-add,0,0.174606,0.00543964,0.174606,0.646805,0.565488,1.1438
18,32,multiplicative,high,MCMC-comb,0,0.174606,0.00447699,0.0783816,0.646805,0.73998,0.874084
18,32,combined,high,OLS,0.208355,0.174606,0.0931099,0.174606,15.6233,1.46891,10.636
18,32,combined,high,ISD-1,0.208355,0.174606,0.0989768,0.174606,15.6233,3.29409,4.74284
18,32,combined,high,ISD-3,0.208355,0.174606,0.0988426,0.174606,15.6233,2.97502,5.25152
18,32,combined,high,ElasticNet,0.208355,0.174606,0.0946102,0.174606,15.6233,1.39101,11.2316
18,32,combined,high,MCMC-add,0.208355,0.174606,0.0930927,0.174606,15.6233,0.854582,18.2819
18,32,combined,high,MCMC-comb,0.208355,0.174606,0.0883133,0.130235,15.6233,2.57106,6.07662
18,64,additive,low,OLS,0.0420604,0,0.0427369,0,0.54912,0.422871,1.29855
18,64,additive,low,ISD-1,0.0420604,0,0.0274365,0,0.54912,0.432018,1.27106
18,64,additive,low,ISD-3,0.0420604,0,0.0254038,0,0.54912,0.576807,0.952
18,64,additive,low,ElasticNet,0.0420604,0,0.0410668,0,0.54912,0.428909,1.28027
18,64,additive,low,MCMC-add,0.0420604,0,0.0427611,0,0.54912,0.65445,0.839056
18,64,additive,low,MCMC-comb,0.0420604,0,0.0423848,0.0812275,0.54912,0.670911,0.818469
18,64,multiplicative,low,OLS,0,0.0358076,0.0246864,0.0358076,0.330676,0.417984,0.79112
18,64,multiplicative,low,ISD-1,0,0.0358076,0,0.0358076,0.330676,0.330676,1
18,64,multiplicative,low,ISD-3,0,0.0358076,0.00574413,0.0358076,0.330676,0.394985,0.837187
18,64,multiplicative,low,ElasticNet,0,0.0358076,0.0161204,0.0358076,0.330676,0.378372,0.873943
18,64,multiplicative,low,MCMC-add,0,0.0358076,0.0247102,0.0358076,0.330676,0.18626,1.77535
18,64,multiplicative,low,MCMC-comb,0,0.0358076,0.024507,0.0830785,0.330676,1.00957,0.32754
18,64,combined,low,OLS,0.0420604,0.0358076,0.0426374,0.0358076,0.361778,0.231037,1.56589
18,64,combined,low,ISD-1,0.0420604,0.0358076,0.0289596,0.0358076,0.361778,0.267816,1.35085
18,64,combined,low,ISD-3,0.0420604,0.0358076,0.0254664,0.0358076,0.361778,0.345732,1.04641
18,64,combined,low,ElasticNet,0.0420604,0.0358076,0.0413346,0.0358076,0.361778,0.261609,1.38289
18,64,combined,low,MCMC-add,0.0420604,0.0358076,0.0426615,0.0358076,0.361778,0.388904,0.93025
18,64,combined,low,MCMC-comb,0.0420604,0.0358076,0.0423246,0.0710722,0.361778,0.533629,0.677959
18,64,additive,medium,OLS,0.105151,0,0.0697974,0,2.68912,1.52888,1.75888
18,64,additive,medium,ISD-1,0.105151,0,0.0569098,0,2.68912,1.51521,1.77476
18,64,additive,medium,ISD-3,0.105151,0,0.0605671,0,2.68912,1.59164,1.68953
18,64,additive,medium,ElasticNet,0.105151,0,0.0679791,0,2.68912,1.54229,1.74359
18,64,additive,medium,MCMC-add,0.105151,0,0.0698217,0,2.68912,1.2256,2.19412
18,64,additive,medium,MCMC-comb,0.105151,0,0.0693189,0.0686147,2.68912,0.218997,12.2793
18,64,multiplicative,medium,OLS,0,0.089519,0.0245903,0.089519,0.69397,0.674637,1.02866
18,64,multiplicative,medium,ISD-1,0,0.089519,0,0.089519,0.69397,0.69397,1
18,64,multiplicative,medium,ISD-3,0,0.089519,0.00568755,0.089519,0.69397,0.577507,1.20167
18,64,multiplicative,medium,ElasticNet,0,0.089519,0.0177952,0.089519,0.69397,0.677879,1.02374
18,64,multiplicative,medium,MCMC-add,0,0.089519,0.0246141,0.089519,0.69397,0.301828,2.29922
18,64,multiplicative,medium,MCMC-comb,0,0.089519,0.0245776,0.0696424,0.69397,0.804082,0.863058
18,64,combined,medium,OLS,0.105151,0.089519,0.0694859,0.089519,2.12819,0.44211,4.81372
18,64,combined,medium,ISD-1,0.105151,0.089519,0.0574968,0.089519,2.12819,0.877961,2.42402
18,64,combined,medium,ISD-3,0.105151,0.089519,0.0553679,0.089519,2.12819,0.853483,2.49354
18,64,combined,medium,ElasticNet,0.105151,0.089519,0.0679221,0.089519,2.12819,0.44115,4.82419
18,64,combined,medium,MCMC-add,0.105151,0.089519,0.06951,0.089519,2.12819,0.535078,3.97735
18,64,combined,medium,MCMC-comb,0.105151,0.089519,0.0686913,0.0660802,2.12819,0.182024,11.6918
18,64,additive,high,OLS,0.210302,0,0.115103,0,9.59971,3.97649,2.41412
18,64,additive,high,ISD-1,0.210302,0,0.109862,0,9.59971,4.21178,2.27925
18,64,additive,high,ISD-3,0.210302,0,0.112461,0,9.59971,4.21891,2.2754
18,64,additive,high,ElasticNet,0.210302,0,0.109973,0,9.59971,3.95099,2.4297
18,64,additive,high,MCMC-add,0.210302,0,0.115127,0,9.59971,2.45709,3.90694
18,64,additive,high,MCMC-comb,0.210302,0,0.112972,0.0445231,9.59971,1.73979,5.51773
18,64,multiplicative,high,OLS,0,0.179038,0.0244138,0.179038,0.96146,1.01615,0.946178
18,64,multiplicative,high,ISD-1,0,0.179038,0,0.179038,0.96146,0.96146,1
18,64,multiplicative,high,ISD-3,0,0.179038,0.00605894,0.179038,0.96146,0.943518,1.01902
18,64,multiplicative,high,ElasticNet,0,0.179038,0.0197114,0.179038,0.96146,1.00487,0.956799
18,64,multiplicative,high,MCMC-add,0,0.179038,0.0244377,0.179038,0.96146,0.680871,1.4121
18,64,multiplicative,high,MCMC-comb,0,0.179038,0.025212,0.0771708,0.96146,0.385544,2.49377
18,64,combined,high,OLS,0.210302,0.179038,0.114345,0.179038,8.70115,1.95714,4.44586
18,64,combined,high,ISD-1,0.210302,0.179038,0.109165,0.179038,8.70115,2.92663,2.97309
18,64,combined,high,ISD-3,0.210302,0.179038,0.11171,0.179038,8.70115,2.77586,3.13458
18,64,combined,high,ElasticNet,0.210302,0.179038,0.109613,0.179038,8.70115,2.01266,4.3232
18,64,combined,high,MCMC-add,0.210302,0.179038,0.114369,0.179038,8.70115,1.33829,6.50169
18,64,combined,high,MCMC-comb,0.210302,0.179038,0.111416,0.0948007,8.70115,1.5913,5.46795
18,128,additive,low,OLS,0.0422577,0,0.122108,0,0.561722,0.483172,1.16257
18,128,additive,low,ISD-1,0.0422577,0,0.0311638,0,0.561722,0.477189,1.17715
18,128,additive,low,ISD-3,0.0422577,0,0.0320463,0,0.561722,0.436775,1.28606
18,128,additive,low,ElasticNet,0.0422577,0,0.121993,0,0.561722,0.476578,1.17866
18,128,additive,low,MCMC-add,0.0422577,0,0.122134,0,0.561722,2.86555,0.196026
18,128,additive,low,MCMC-comb,0.0422577,0,0.121852,0.0177209,0.561722,2.55072,0.220221
18,128,multiplicative,low,OLS,0,0.0362334,0.103323,0.0362334,0.437124,0.443301,0.986065
18,128,multiplicative,low,ISD-1,0,0.0362334,0,0.0362334,0.437124,0.437124,1
18,128,multiplicative,low,ISD-3,0,0.0362334,0.00530582,0.0362334,0.437124,0.403694,1.08281
18,128,multiplicative,low,ElasticNet,0,0.0362334,0.0957011,0.0362334,0.437124,0.488482,0.894863
18,128,multiplicative,low,MCMC-add,0,0.0362334,0.103348,0.0362334,0.437124,1.92151,0.22749
18,128,multiplicative,low,MCMC-comb,0,0.0362334,0.102987,0.0234385,0.437124,1.81506,0.240832
18,128,combined,low,OLS,0.0422577,0.0362334,0.122877,0.0362334,0.245632,0.175137,1.40251
18,128,combined,low,ISD-1,0.0422577,0.0362334,0.0315339,0.0362334,0.245632,0.162188,1.51449
18,128,combined,low,ISD-3,0.0422577,0.0362334,0.0327289,0.0362334,0.245632,0.154735,1.58743
18,128,combined,low,ElasticNet,0.0422577,0.0362334,0.122742,0.0362334,0.245632,0.172327,1.42538
18,128,combined,low,MCMC-add,0.0422577,0.0362334,0.122902,0.0362334,0.245632,2.38169,0.103133
18,128,combined,low,MCMC-comb,0.0422577,0.0362334,0.12211,0.0177148,0.245632,2.4042,0.102168
18,128,additive,medium,OLS,0.105644,0,0.151473,0,2.0292,2.13722,0.94946
18,128,additive,medium,ISD-1,0.105644,0,0.0572944,0,2.0292,1.50964,1.34416
18,128,additive,medium,ISD-3,0.105644,0,0.064562,0,2.0292,1.48602,1.36553
18,128,additive,medium,ElasticNet,0.105644,0,0.151013,0,2.0292,2.11701,0.958525
18,128,additive,medium,MCMC-add,0.105644,0,0.151498,0,2.0292,3.58062,0.566718
18,128,additive,medium,MCMC-comb,0.105644,0,0.149172,0.0200938,2.0292,3.33422,0.608599
18,128,multiplicative,medium,OLS,0,0.0905834,0.104904,0.0905834,0.867009,1.06149,0.816788
18,128,multiplicative,medium,ISD-1,0,0.0905834,0.0137639,0.0905834,0.867009,0.997394,0.869275
18,128,multiplicative,medium,ISD-3,0,0.0905834,0.0134025,0.0905834,0.867009,1.02079,0.849353
18,128,multiplicative,medium,ElasticNet,0,0.0905834,0.0977339,0.0905834,0.867009,0.996088,0.870414
18,128,multiplicative,medium,MCMC-add,0,0.0905834,0.104929,0.0905834,0.867009,1.36127,0.636912
18,128,multiplicative,medium,MCMC-comb,0,0.0905834,0.103443,0.0316517,0.867009,1.58101,0.54839
18,128,combined,medium,OLS,0.105644,0.0905834,0.153396,0.0905834,1.46482,0.404808,3.61855
18,128,combined,medium,ISD-1,0.105644,0.0905834,0.0592807,0.0905834,1.46482,0.61567,2.37923
18,128,combined,medium,ISD-3,0.105644,0.0905834,0.0658426,0.0905834,1.46482,0.531246,2.75732
18,128,combined,medium,ElasticNet,0.105644,0.0905834,0.152708,0.0905834,1.46482,0.370893,3.94943
18,128,combined,medium,MCMC-add,0.105644,0.0905834,0.153422,0.0905834,1.46482,2.63316,0.556296
18,128,combined,medium,MCMC-comb,0.105644,0.0905834,0.15074,0.0174007,1.46482,3.13673,0.466989
18,128,additive,high,OLS,0.211289,0,0.200718,0,6.08998,7.40428,0.822495
18,128,additive,high,ISD-1,0.211289,0,0.106988,0,6.08998,3.89898,1.56194
18,128,additive,high,ISD-3,0.211289,0,0.110601,0,6.08998,3.75065,1.62371
18,128,additive,high,ElasticNet,0.211289,0,0.197055,0,6.08998,7.20325,0.84545
18,128,additive,high,MCMC-add,0.211289,0,0.200743,0,6.08998,5.08614,1.19737
18,128,additive,high,MCMC-comb,0.211289,0,0.202896,0.0317888,6.08998,5.27629,1.15422
18,128,multiplicative,high,OLS,0,0.181167,0.108461,0.181167,1.44523,1.94514,0.742997
18,128,multiplicative,high,ISD-1,0,0.181167,0.0222327,0.181167,1.44523,1.81398,0.796719
18,128,multiplicative,high,ISD-3,0,0.181167,0.0218369,0.181167,1.44523,1.78513,0.809597
18,128,multiplicative,high,ElasticNet,0,0.181167,0.10614,0.181167,1.44523,1.87843,0.769382
18,128,multiplicative,high,MCMC-add,0,0.181167,0.108487,0.181167,1.44523,0.665509,2.17162
18,128,multiplicative,high,MCMC-comb,0,0.181167,0.107738,0.0797991,1.44523,0.779387,1.85432
18,128,combined,high,OLS,0.211289,0.181167,0.204273,0.181167,5.6122,1.49667,3.74978
18,128,combined,high,ISD-1,0.211289,0.181167,0.119655,0.181167,5.6122,2.15489,2.6044
18,128,combined,high,ISD-3,0.211289,0.181167,0.131809,0.181167,5.6122,2.04014,2.75089
18,128,combined,high,ElasticNet,0.211289,0.181167,0.199685,0.181167,5.6122,1.51487,3.70474
18,128,combined,high,MCMC-add,0.211289,0.181167,0.204299,0.181167,5.6122,3.38306,1.65891
18,128,combined,high,MCMC-comb,0.211289,0.181167,0.202447,0.0663633,5.6122,4.05533,1.38391
19,32,additive,low,OLS,0.0334116,0,0.0177743,0,0.217631,0.125023,1.74073
19,32,additive,low,ISD-1,0.0334116,0,0.0303285,0,0.217631,0.118019,1.84403
19,32,additive,low,ISD-3,0.0334116,0,0.0272861,0,0.217631,0.117666,1.84957
19,32,additive,low,ElasticNet,0.0334116,0,0.0178879,0,0.217631,0.12972,1.6777
19,32,additive,low,MCMC-add,0.0334116,0,0.0177905,0,0.217631,0.141099,1.5424
19,32,additive,low,MCMC-comb,0.0334116,0,0.0175344,0.0331909,0.217631,0.090487,2.40511
19,32,multiplicative,low,OLS,0,0.0518578,0.0068146,0.0518578,0.0963307,0.120391,0.800149
19,32,multiplicative,low,ISD-1,0,0.0518578,0,0.0518578,0.0963307,0.0963307,1
19,32,multiplicative,low,ISD-3,0,0.0518578,0.00467171,0.0518578,0.0963307,0.127764,0.753973
19,32,multiplicative,low,ElasticNet,0,0.0518578,0.00520391,0.0518578,0.0963307,0.104642,0.920574
19,32,multiplicative,low,MCMC-add,0,0.0518578,0.00681361,0.0518578,0.0963307,0.133538,0.721373
19,32,multiplicative,low,MCMC-comb,0,0.0518578,0.00630033,0.0334545,0.0963307,0.143298,0.67224
19,32,combined,low,OLS,0.0334116,0.0518578,0.0176243,0.0518578,0.299881,0.125972,2.38053
19,32,combined,low,ISD-1,0.0334116,0.0518578,0.0301919,0.0518578,0.299881,0.189947,1.57876
19,32,combined,low,ISD-3,0.0334116,0.0518578,0.0272821,0.0518578,0.299881,0.153232,1.95703
19,32,combined,low,ElasticNet,0.0334116,0.0518578,0.0177378,0.0518578,0.299881,0.122826,2.44151
19,32,combined,low,MCMC-add,0.0334116,0.0518578,0.0176406,0.0518578,0.299881,0.1432,2.09414
19,32,combined,low,MCMC-comb,0.0334116,0.0518578,0.0173282,0.0342937,0.299881,0.0631907,4.74564
19,32,additive,medium,OLS,0.0835289,0,0.0438425,0,1.30153,0.215489,6.03989
19,32,additive,medium,ISD-1,0.0835289,0,0.0565086,0,1.30153,0.187213,6.95214
19,32,additive,medium,ISD-3,0.0835289,0,0.0586307,0,1.30153,0.156563,8.31316
19,32,additive,medium,ElasticNet,0.0835289,0,0.0440868,0,1.30153,0.237182,5.48747
19,32,additive,medium,MCMC-add,0.0835289,0,0.0438589,0,1.30153,0.23974,5.42893
19,32,additive,medium,MCMC-comb,0.0835289,0,0.0436981,0.0385578,1.30153,0.118039,11.0262
19,32,multiplicative,medium,OLS,0,0.129645,0.00686954,0.129645,0.312998,0.276777,1.13087
19,32,multiplicative,medium,ISD-1,0,0.129645,0,0.129645,0.312998,0.312998,1
19,32,multiplicative,medium,ISD-3,0,0.129645,0.00461084,0.129645,0.312998,0.314317,0.995802
19,32,multiplicative,medium,ElasticNet,0,0.129645,0.00484897,0.129645,0.312998,0.289443,1.08138
19,32,multiplicative,medium,MCMC-add,0,0.129645,0.00686786,0.129645,0.312998,0.285841,1.09501
19,32,multiplicative,medium,MCMC-comb,0,0.129645,0.00548881,0.0203312,0.312998,0.11634,2.69037
19,32,combined,medium,OLS,0.0835289,0.129645,0.0434701,0.129645,1.55774,1.51725,1.02669
19,32,combined,medium,ISD-1,0.0835289,0.129645,0.0541768,0.129645,1.55774,0.425107,3.66434
19,32,combined,medium,ISD-3,0.0835289,0.129645,0.0560236,0.129645,1.55774,0.425519,3.6608
19,32,combined,medium,ElasticNet,0.0835289,0.129645,0.0437142,0.129645,1.55774,1.39428,1.11723
19,32,combined,medium,MCMC-add,0.0835289,0.129645,0.0434869,0.129645,1.55774,0.10499,14.837
19,32,combined,medium,MCMC-comb,0.0835289,0.129645,0.0424106,0.0220612,1.55774,0.161176,9.66481
19,32,additive,high,OLS,0.167058,0,0.0883328,0,5.34746,0.734206,7.28333
19,32,additive,high,ISD-1,0.167058,0,0.106334,0,5.34746,0.888281,6.02001
19,32,additive,high,ISD-3,0.167058,0,0.109322,0,5.34746,0.706834,7.56538
19,32,additive,high,ElasticNet,0.167058,0,0.0887899,0,5.34746,0.708952,7.54277
19,32,additive,high,MCMC-add,0.167058,0,0.0883489,0,5.34746,0.343732,15.5571
19,32,additive,high,MCMC-comb,0.167058,0,0.0890269,0.0614028,5.34746,0.15801,33.8425
19,32,multiplicative,high,OLS,0,0.259289,0.00702638,0.259289,0.708722,0.733568,0.966129
19,32,multiplicative,high,ISD-1,0,0.259289,0,0.259289,0.708722,0.708722,1
19,32,multiplicative,high,ISD-3,0,0.259289,0.00452255,0.259289,0.708722,0.720575,0.98355
19,32,multiplicative,high,ElasticNet,0,0.259289,0.0042491,0.259289,0.708722,0.669632,1.05838
19,32,multiplicative,high,MCMC-add,0,0.259289,0.00702354,0.259289,0.708722,0.741175,0.956214
19,32,multiplicative,high,MCMC-comb,0,0.259289,0.00549027,0.10299,0.708722,0.477082,1.48553
19,32,combined,high,OLS,0.167058,0.259289,0.087625,0.259289,5.98815,7.16047,0.836278
19,32,combined,high,ISD-1,0.167058,0.259289,0.101437,0.259289,5.98815,1.5814,3.7866
19,32,combined,high,ISD-3,0.167058,0.259289,0.109488,0.259289,5.98815,1.53326,3.90549
19,32,combined,high,ElasticNet,0.167058,0.259289,0.0880808,0.259289,5.98815,7.16649,0.835576
19,32,combined,high,MCMC-add,0.167058,0.259289,0.087642,0.259289,5.98815,0.412184,14.5279
19,32,combined,high,MCMC-comb,0.167058,0.259289,0.0836377,0.0573219,5.98815,0.472059,12.6852
19,64,additive,low,OLS,0.0342896,0,0.00453557,0,0.551696,0.403879,1.36599
19,64,additive,low,ISD-1,0.0342896,0,0.0268978,0,0.551696,0.431571,1.27834
19,64,additive,low,ISD-3,0.0342896,0,0.0258826,0,0.551696,0.490274,1.12528
19,64,additive,low,ElasticNet,0.0342896,0,0.00448524,0,0.551696,0.407154,1.35501
19,64,additive,low,MCMC-add,0.0342896,0,0.00455223,0,0.551696,0.289933,1.90284
19,64,additive,low,MCMC-comb,0.0342896,0,0.00541985,0.0129681,0.551696,0.34637,1.59279
19,64,multiplicative,low,OLS,0,0.0514518,0.0222603,0.0514518,0.682208,0.650498,1.04875
19,64,multiplicative,low,ISD-1,0,0.0514518,0,0.0514518,0.682208,0.682208,1
19,64,multiplicative,low,ISD-3,0,0.0514518,0,0.0514518,0.682208,0.682208,1
19,64,multiplicative,low,ElasticNet,0,0.0514518,0.0179548,0.0514518,0.682208,0.604407,1.12872
19,64,multiplicative,low,MCMC-add,0,0.0514518,0.022284,0.0514518,0.682208,1.20988,0.563866
19,64,multiplicative,low,MCMC-comb,0,0.0514518,0.0220813,0.0335364,0.682208,1.47757,0.461709
19,64,combined,low,OLS,0.0342896,0.0514518,0.00492668,0.0514518,0.782559,0.389754,2.00783
19,64,combined,low,ISD-1,0.0342896,0.0514518,0.0266961,0.0514518,0.782559,0.711241,1.10027
19,64,combined,low,ISD-3,0.0342896,0.0514518,0.0258449,0.0514518,0.782559,0.631719,1.23878
19,64,combined,low,ElasticNet,0.0342896,0.0514518,0.00487265,0.0514518,0.782559,0.352901,2.2175
19,64,combined,low,MCMC-add,0.0342896,0.0514518,0.00494414,0.0514518,0.782559,0.761272,1.02796
19,64,combined,low,MCMC-comb,0.0342896,0.0514518,0.00571663,0.0312303,0.782559,0.822455,0.951492
19,64,additive,medium,OLS,0.0857239,0,0.0247205,0,1.91315,3.6008,0.531313
19,64,additive,medium,ISD-1,0.0857239,0,0.0530626,0,1.91315,0.648189,2.95153
19,64,additive,medium,ISD-3,0.0857239,0,0.0552393,0,1.91315,0.562947,3.39845
19,64,additive,medium,ElasticNet,0.0857239,0,0.0249628,0,1.91315,3.61021,0.529928
19,64,additive,medium,MCMC-add,0.0857239,0,0.0246975,0,1.91315,0.416943,4.58852
19,64,additive,medium,MCMC-comb,0.0857239,0,0.0255305,0.025821,1.91315,0.26905,7.11075
19,64,multiplicative,medium,OLS,0,0.128629,0.0229897,0.128629,1.66843,1.59804,1.04405
19,64,multiplicative,medium,ISD-1,0,0.128629,0,0.128629,1.66843,1.66843,1
19,64,multiplicative,medium,ISD-3,0,0.128629,0.000237473,0.128629,1.66843,1.65395,1.00876
19,64,multiplicative,medium,ElasticNet,0,0.128629,0.0198273,0.128629,1.66843,1.54939,1.07683
19,64,multiplicative,medium,MCMC-add,0,0.128629,0.0230137,0.128629,1.66843,2.24351,0.743668
19,64,multiplicative,medium,MCMC-comb,0,0.128629,0.0221544,0.0295734,1.66843,1.20839,1.3807
19,64,combined,medium,OLS,0.0857239,0.128629,0.0241155,0.128629,2.9575,22.8174,0.129616
19,64,combined,medium,ISD-1,0.0857239,0.128629,0.0527654,0.128629,2.9575,1.47248,2.00852
19,64,combined,medium,ISD-3,0.0857239,0.128629,0.0552661,0.128629,2.9575,1.30009,2.27484
19,64,combined,medium,ElasticNet,0.0857239,0.128629,0.0243597,0.128629,2.9575,21.8119,0.135591
19,64,combined,medium,MCMC-add,0.0857239,0.128629,0.024092,0.128629,2.9575,1.06683,2.77222
19,64,combined,medium,MCMC-comb,0.0857239,0.128629,0.0240678,0.0251871,2.9575,0.201309,14.6913
19,64,additive,high,OLS,0.171448,0,0.0713808,0,7.95494,1.10707,7.18555
19,64,additive,high,ISD-1,0.171448,0,0.106526,0,7.95494,1.10707,7.18557
19,64,additive,high,ISD-3,0.171448,0,0.109993,0,7.95494,0.908057,8.7604
19,64,additive,high,ElasticNet,0.171448,0,0.0722078,0,7.95494,1,7.95494
19,64,additive,high,MCMC-add,0.171448,0,0.071358,0,7.95494,1.15536,6.88522
19,64,additive,high,MCMC-comb,0.171448,0,0.0727183,0.028991,7.95494,0.656405,12.119
19,64,multiplicative,high,OLS,0,0.257259,0.0244334,0.257259,3.72903,3.67848,1.01374
19,64,multiplicative,high,ISD-1,0,0.257259,0,0.257259,3.72903,3.72903,1
19,64,multiplicative,high,ISD-3,0,0.257259,0.000814813,0.257259,3.72903,3.81046,0.978629
19,64,multiplicative,high,ElasticNet,0,0.257259,0.022276,0.257259,3.72903,3.67862,1.0137
19,64,multiplicative,high,MCMC-add,0,0.257259,0.0244577,0.257259,3.72903,4.36773,0.853768
19,64,multiplicative,high,MCMC-comb,0,0.257259,0.0218371,0.0688815,3.72903,0.518326,7.19438
19,64,combined,high,OLS,0.171448,0.257259,0.0711416,0.257259,10.1552,41.9965,0.24181
19,64,combined,high,ISD-1,0.171448,0.257259,0.107544,0.257259,10.1552,4.0671,2.49691
19,64,combined,high,ISD-3,0.171448,0.257259,0.109227,0.257259,10.1552,3.86747,2.62579
19,64,combined,high,ElasticNet,0.171448,0.257259,0.0747369,0.257259,10.1552,41.8467,0.242676
19,64,combined,high,MCMC-add,0.171448,0.257259,0.0711178,0.257259,10.1552,2.15038,4.72252
19,64,combined,high,MCMC-comb,0.171448,0.257259,0.0685953,0.0880793,10.1552,2.60531,3.89788
19,128,additive,low,OLS,0.0349141,0,0.0807272,0,0.497514,0.501022,0.992997
19,128,additive,low,ISD-1,0.0349141,0,0.0236985,0,0.497514,0.461592,1.07782
19,128,additive,low,ISD-3,0.0349141,0,0.0260618,0,0.497514,0.466783,1.06583
19,128,additive,low,ElasticNet,0.0349141,0,0.0780626,0,0.497514,0.488374,1.01871
19,128,additive,low,MCMC-add,0.0349141,0,0.0807524,0,0.497514,2.21884,0.224222
19,128,additive,low,MCMC-comb,0.0349141,0,0.0822697,0.0242554,0.497514,1.69874,0.292872
19,128,multiplicative,low,OLS,0,0.0512429,0.102375,0.0512429,0.553459,0.545594,1.01441
19,128,multiplicative,low,ISD-1,0,0.0512429,0,0.0512429,0.553459,0.553459,1
19,128,multiplicative,low,ISD-3,0,0.0512429,0,0.0512429,0.553459,0.553459,1
19,128,multiplicative,low,ElasticNet,0,0.0512429,0.0913693,0.0512429,0.553459,0.510381,1.0844
19,128,multiplicative,low,MCMC-add,0,0.0512429,0.102401,0.0512429,0.553459,3.33375,0.166017
19,128,multiplicative,low,MCMC-comb,0,0.0512429,0.103238,0.0151568,0.553459,2.31785,0.238781
19,128,combined,low,OLS,0.0349141,0.0512429,0.0837945,0.0512429,0.232663,0.180653,1.2879
19,128,combined,low,ISD-1,0.0349141,0.0512429,0.0254905,0.0512429,0.232663,0.165429,1.40643
19,128,combined,low,ISD-3,0.0349141,0.0512429,0.0240937,0.0512429,0.232663,0.125352,1.85608
19,128,combined,low,ElasticNet,0.0349141,0.0512429,0.0803991,0.0512429,0.232663,0.243625,0.955005
19,128,combined,low,MCMC-add,0.0349141,0.0512429,0.0838198,0.0512429,0.232663,2.78978,0.0833984
19,128,combined,low,MCMC-comb,0.0349141,0.0512429,0.0847279,0.0202731,0.232663,1.69175,0.137528
19,128,additive,medium,OLS,0.0872853,0,0.0534235,0,1.07428,2.60863,0.411816
19,128,additive,medium,ISD-1,0.0872853,0,0.0559226,0,1.07428,0.805404,1.33384
19,128,additive,medium,ISD-3,0.0872853,0,0.0562585,0,1.07428,0.869766,1.23513
19,128,additive,medium,ElasticNet,0.0872853,0,0.0507082,0,1.07428,2.53664,0.423504
19,128,additive,medium,MCMC-add,0.0872853,0,0.0534483,0,1.07428,1.46894,0.731327
19,128,additive,medium,MCMC-comb,0.0872853,0,0.0549863,0.0329287,1.07428,0.657887,1.63292
19,128,multiplicative,medium,OLS,0,0.128107,0.107362,0.128107,1.48088,1.39889,1.05861
19,128,multiplicative,medium,ISD-1,0,0.128107,0,0.128107,1.48088,1.48088,1
19,128,multiplicative,medium,ISD-3,0,0.128107,0.00468484,0.128107,1.48088,1.36855,1.08208
19,128,multiplicative,medium,ElasticNet,0,0.128107,0.0917494,0.128107,1.48088,1.37129,1.07992
19,128,multiplicative,medium,MCMC-add,0,0.128107,0.107387,0.128107,1.48088,4.39789,0.336725
19,128,multiplicative,medium,MCMC-comb,0,0.128107,0.106283,0.0199898,1.48088,2.26923,0.652591
19,128,combined,medium,OLS,0.0872853,0.128107,0.0632127,0.128107,1.12305,1.24577,0.90149
19,128,combined,medium,ISD-1,0.0872853,0.128107,0.0535319,0.128107,1.12305,0.459321,2.44501
19,128,combined,medium,ISD-3,0.0872853,0.128107,0.0565149,0.128107,1.12305,0.489228,2.29555
19,128,combined,medium,ElasticNet,0.0872853,0.128107,0.0593133,0.128107,1.12305,1.06837,1.05118
19,128,combined,medium,MCMC-add,0.0872853,0.128107,0.0632367,0.128107,1.12305,2.99372,0.375134
19,128,combined,medium,MCMC-comb,0.0872853,0.128107,0.0621349,0.0370333,1.12305,0.622543,1.80397
19,128,additive,high,OLS,0.174571,0,0.028595,0,3.44715,1.83147,1.88218
19,128,additive,high,ISD-1,0.174571,0,0.112815,0,3.44715,1.03179,3.34094
19,128,additive,high,ISD-3,0.174571,0,0.113062,0,3.44715,1.1603,2.97092
19,128,additive,high,ElasticNet,0.174571,0,0.0296103,0,3.44715,1.78841,1.92749
19,128,additive,high,MCMC-add,0.174571,0,0.0286001,0,3.44715,0.476296,7.23741
19,128,additive,high,MCMC-comb,0.174571,0,0.0341767,0.0469647,3.44715,0.621987,5.54215
19,128,multiplicative,high,OLS,0,0.256214,0.117023,0.256214,3.41984,2.79369,1.22413
19,128,multiplicative,high,ISD-1,0,0.256214,0.0183999,0.256214,3.41984,2.9916,1.14315
19,128,multiplicative,high,ISD-3,0,0.256214,0.017754,0.256214,3.41984,3.02443,1.13074
19,128,multiplicative,high,ElasticNet,0,0.256214,0.116891,0.256214,3.41984,2.79083,1.22539
19,128,multiplicative,high,MCMC-add,0,0.256214,0.117049,0.256214,3.41984,6.32595,0.540605
19,128,multiplicative,high,MCMC-comb,0,0.256214,0.111737,0.0716072,3.41984,1.15863,2.95163
19,128,combined,high,OLS,0.174571,0.256214,0.0555993,0.256214,3.97203,42.0315,0.0945012
19,128,combined,high,ISD-1,0.174571,0.256214,0.109007,0.256214,3.97203,1.80845,2.19638
19,128,combined,high,ISD-3,0.174571,0.256214,0.111105,0.256214,3.97203,1.80739,2.19766
19,128,combined,high,ElasticNet,0.174571,0.256214,0.0554247,0.256214,3.97203,41.4425,0.0958444
19,128,combined,high,MCMC-add,0.174571,0.256214,0.055608,0.256214,3.97203,3.5174,1.12925
19,128,combined,high,MCMC-comb,0.174571,0.256214,0.0490801,0.0917415,3.97203,1.47049,2.70117
20,32,additive,low,OLS,0.0509808,0,0.0236483,0,0.659444,0.166164,3.96863
20,32,additive,low,ISD-1,0.0509808,0,0.0253446,0,0.659444,0.211491,3.11807
20,32,additive,low,ISD-3,0.0509808,0,0.0263501,0,0.659444,0.225449,2.92502
20,32,additive,low,ElasticNet,0.0509808,0,0.0218791,0,0.659444,0.207479,3.17837
20,32,additive,low,MCMC-add,0.0509808,0,0.0236368,0,0.659444,0.187431,3.51832
20,32,additive,low,MCMC-comb,0.0509808,0,0.0237333,0.0164476,0.659444,0.21259,3.10195
20,32,multiplicative,low,OLS,0,0.0459605,0.00987628,0.0459605,0.119583,0.198068,0.603748
20,32,multiplicative,low,ISD-1,0,0.0459605,0,0.0459605,0.119583,0.119583,1
20,32,multiplicative,low,ISD-3,0,0.0459605,0.00820795,0.0459605,0.119583,0.158891,0.752614
20,32,multiplicative,low,ElasticNet,0,0.0459605,0.00562414,0.0459605,0.119583,0.140299,0.852346
20,32,multiplicative,low,MCMC-add,0,0.0459605,0.00987843,0.0459605,0.119583,0.214175,0.558344
20,32,multiplicative,low,MCMC-comb,0,0.0459605,0.00970553,0.0151968,0.119583,0.136405,0.87668
20,32,combined,low,OLS,0.0509808,0.0459605,0.0237443,0.0459605,0.723688,0.213474,3.39006
20,32,combined,low,ISD-1,0.0509808,0.0459605,0.0254138,0.0459605,0.723688,0.295827,2.44632
20,32,combined,low,ISD-3,0.0509808,0.0459605,0.0264614,0.0459605,0.723688,0.296528,2.44054
20,32,combined,low,ElasticNet,0.0509808,0.0459605,0.0221375,0.0459605,0.723688,0.27679,2.61458
20,32,combined,low,MCMC-add,0.0509808,0.0459605,0.0237328,0.0459605,0.723688,0.231017,3.13261
20,32,combined,low,MCMC-comb,0.0509808,0.0459605,0.0237558,0.0187966,0.723688,0.230649,3.13762
20,32,additive,medium,OLS,0.127452,0,0.0489967,0,3.63875,0.617866,5.88922
20,32,additive,medium,ISD-1,0.127452,0,0.0533675,0,3.63875,0.99688,3.65014
20,32,additive,medium,ISD-3,0.127452,0,0.0467293,0,3.63875,0.892043,4.07912
20,32,additive,medium,ElasticNet,0.127452,0,0.0486425,0,3.63875,0.592647,6.13983
20,32,additive,medium,MCMC-add,0.127452,0,0.0489819,0,3.63875,0.398628,9.1282
20,32,additive,medium,MCMC-comb,0.127452,0,0.0490367,0.0227775,3.63875,0.488414,7.45014
20,32,multiplicative,medium,OLS,0,0.114901,0.0101183,0.114901,0.332832,0.316601,1.05127
20,32,multiplicative,medium,ISD-1,0,0.114901,0.00781192,0.114901,0.332832,0.316181,1.05266
20,32,multiplicative,medium,ISD-3,0,0.114901,0.00841878,0.114901,0.332832,0.275504,1.20809
20,32,multiplicative,medium,ElasticNet,0,0.114901,0.00668143,0.114901,0.332832,0.342596,0.971502
20,32,multiplicative,medium,MCMC-add,0,0.114901,0.0101207,0.114901,0.332832,0.349382,0.952631
20,32,multiplicative,medium,MCMC-comb,0,0.114901,0.00921605,0.0210023,0.332832,0.137251,2.42498
20,32,combined,medium,OLS,0.127452,0.114901,0.049232,0.114901,3.89924,0.692095,5.63398
20,32,combined,medium,ISD-1,0.127452,0.114901,0.0533767,0.114901,3.89924,1.16508,3.34676
20,32,combined,medium,ISD-3,0.127452,0.114901,0.0463967,0.114901,3.89924,1.08529,3.59283
20,32,combined,medium,ElasticNet,0.127452,0.114901,0.0490109,0.114901,3.89924,0.710866,5.48521
20,32,combined,medium,MCMC-add,0.127452,0.114901,0.049217,0.114901,3.89924,0.618931,6.29997
20,32,combined,medium,MCMC-comb,0.127452,0.114901,0.0488499,0.026804,3.89924,0.413125,9.43841
20,32,additive,high,OLS,0.254904,0,0.09213,0,13.876,3.68567,3.76486
20,32,additive,high,ISD-1,0.254904,0,0.0979266,0,13.876,3.49529,3.96992
20,32,additive,high,ISD-3,0.254904,0,0.0719329,0,13.876,3.45338,4.01811
20,32,additive,high,ElasticNet,0.254904,0,0.096021,0,13.876,3.44144,4.03205
20,32,additive,high,MCMC-add,0.254904,0,0.0921135,0,13.876,1.23014,11.2801
20,32,additive,high,MCMC-comb,0.254904,0,0.0905993,0.0470586,13.876,1.35735,10.2229
20,32,multiplicative,high,OLS,0,0.229802,0.0106051,0.229802,0.742024,0.709865,1.0453
20,32,multiplicative,high,ISD-1,0,0.229802,0.00841442,0.229802,0.742024,0.713779,1.03957
20,32,multiplicative,high,ISD-3,0,0.229802,0.00875362,0.229802,0.742024,0.730478,1.01581
20,32,multiplicative,high,ElasticNet,0,0.229802,0.00659355,0.229802,0.742024,0.761381,0.974577
20,32,multiplicative,high,MCMC-add,0,0.229802,0.0106079,0.229802,0.742024,0.786001,0.94405
20,32,multiplicative,high,MCMC-comb,0,0.229802,0.0103696,0.076673,0.742024,0.192445,3.85577
20,32,combined,high,OLS,0.254904,0.229802,0.0924281,0.229802,14.7131,2.52625,5.8241
20,32,combined,high,ISD-1,0.254904,0.229802,0.100072,0.229802,14.7131,4.05105,3.63193
20,32,combined,high,ISD-3,0.254904,0.229802,0.070161,0.229802,14.7131,3.91271,3.76035
20,32,combined,high,ElasticNet,0.254904,0.229802,0.0963724,0.229802,14.7131,2.54164,5.78885
20,32,combined,high,MCMC-add,0.254904,0.229802,0.0924108,0.229802,14.7131,1.90395,7.72768
20,32,combined,high,MCMC-comb,0.254904,0.229802,0.0903809,0.120449,14.7131,1.3526,10.8777
20,64,additive,low,OLS,0.0502574,0,0.0399447,0,0.567743,0.298313,1.90318
20,64,additive,low,ISD-1,0.0502574,0,0.0238534,0,0.567743,0.361952,1.56856
20,64,additive,low,ISD-3,0.0502574,0,0.0304088,0,0.567743,0.379483,1.4961
20,64,additive,low,ElasticNet,0.0502574,0,0.0397666,0,0.567743,0.292661,1.93993
20,64,additive,low,MCMC-add,0.0502574,0,0.0399685,0,0.567743,0.53592,1.05938
20,64,additive,low,MCMC-comb,0.0502574,0,0.0399569,0.0405987,0.567743,1.0751,0.528084
20,64,multiplicative,low,OLS,0,0.0462388,0.0220694,0.0462388,0.246915,0.267092,0.924454
20,64,multiplicative,low,ISD-1,0,0.0462388,0,0.0462388,0.246915,0.246915,1
20,64,multiplicative,low,ISD-3,0,0.0462388,0,0.0462388,0.246915,0.246915,1
20,64,multiplicative,low,ElasticNet,0,0.0462388,0.0203749,0.0462388,0.246915,0.2906,0.849673
20,64,multiplicative,low,MCMC-add,0,0.0462388,0.0220932,0.0462388,0.246915,0.590227,0.418339
20,64,multiplicative,low,MCMC-comb,0,0.0462388,0.0226202,0.0195141,0.246915,0.560646,0.440411
20,64,combined,low,OLS,0.0502574,0.0462388,0.040134,0.0462388,0.853018,0.574523,1.48474
20,64,combined,low,ISD-1,0.0502574,0.0462388,0.025369,0.0462388,0.853018,0.592319,1.44013
20,64,combined,low,ISD-3,0.0502574,0.0462388,0.0278193,0.0462388,0.853018,0.580028,1.47065
20,64,combined,low,ElasticNet,0.0502574,0.0462388,0.0399567,0.0462388,0.853018,0.583646,1.46153
20,64,combined,low,MCMC-add,0.0502574,0.0462388,0.0401581,0.0462388,0.853018,0.847224,1.00684
20,64,combined,low,MCMC-comb,0.0502574,0.0462388,0.0403628,0.0516785,0.853018,1.25099,0.681877
20,64,additive,medium,OLS,0.125644,0,0.0667673,0,3.10025,1.5,2.06684
20,64,additive,medium,ISD-1,0.125644,0,0.0545308,0,3.10025,1.47604,2.10039
20,64,additive,medium,ISD-3,0.125644,0,0.0490547,0,3.10025,1.43821,2.15563
20,64,additive,medium,ElasticNet,0.125644,0,0.066181,0,3.10025,1.48254,2.09117
20,64,additive,medium,MCMC-add,0.125644,0,0.0667911,0,3.10025,0.957441,3.23806
20,64,additive,medium,MCMC-comb,0.125644,0,0.0663126,0.0346142,3.10025,1.39582,2.2211
20,64,multiplicative,medium,OLS,0,0.115597,0.0223929,0.115597,0.803889,0.747353,1.07565
20,64,multiplicative,medium,ISD-1,0,0.115597,0,0.115597,0.803889,0.803889,1
20,64,multiplicative,medium,ISD-3,0,0.115597,0,0.115597,0.803889,0.803889,1
20,64,multiplicative,medium,ElasticNet,0,0.115597,0.01942,0.115597,0.803889,0.761686,1.05541
20,64,multiplicative,medium,MCMC-add,0,0.115597,0.0224172,0.115597,0.803889,1.08119,0.74352
20,64,multiplicative,medium,MCMC-comb,0,0.115597,0.0195282,0.081101,0.803889,1.37599,0.584224
20,64,combined,medium,OLS,0.125644,0.115597,0.0673815,0.115597,3.93903,1.86244,2.11499
20,64,combined,medium,ISD-1,0.125644,0.115597,0.0543196,0.115597,3.93903,2.25606,1.74598
20,64,combined,medium,ISD-3,0.125644,0.115597,0.050003,0.115597,3.93903,2.16485,1.81954
20,64,combined,medium,ElasticNet,0.125644,0.115597,0.0669247,0.115597,3.93903,1.8701,2.10632
20,64,combined,medium,MCMC-add,0.125644,0.115597,0.0674062,0.115597,3.93903,1.84364,2.13655
20,64,combined,medium,MCMC-comb,0.125644,0.115597,0.065065,0.0637869,3.93903,1.8527,2.12611
20,64,additive,high,OLS,0.251287,0,0.112625,0,11.3628,6.84014,1.66119
20,64,additive,high,ISD-1,0.251287,0,0.10849,0,11.3628,4.78416,2.37508
20,64,additive,high,ISD-3,0.251287,0,0.0893774,0,11.3628,4.67122,2.4325
20,64,additive,high,ElasticNet,0.251287,0,0.110558,0,11.3628,6.77367,1.67749
20,64,additive,high,MCMC-add,0.251287,0,0.112648,0,11.3628,2.47459,4.59178
20,64,additive,high,MCMC-comb,0.251287,0,0.111408,0.0725385,11.3628,3.57657,3.177
20,64,multiplicative,high,OLS,0,0.231194,0.023072,0.231194,1.8986,1.87646,1.01179
20,64,multiplicative,high,ISD-1,0,0.231194,0,0.231194,1.8986,1.8986,1
20,64,multiplicative,high,ISD-3,0,0.231194,0,0.231194,1.8986,1.8986,1
20,64,multiplicative,high,ElasticNet,0,0.231194,0.0196489,0.231194,1.8986,1.90026,0.999126
20,64,multiplicative,high,MCMC-add,0,0.231194,0.0230972,0.231194,1.8986,2.26083,0.839778
20,64,multiplicative,high,MCMC-comb,0,0.231194,0.0210644,0.195392,1.8986,2.70212,0.702633
20,64,combined,high,OLS,0.251287,0.231194,0.113244,0.231194,13.4541,7.53964,1.78445
20,64,combined,high,ISD-1,0.251287,0.231194,0.106209,0.231194,13.4541,6.60455,2.0371
20,64,combined,high,ISD-3,0.251287,0.231194,0.0928757,0.231194,13.4541,6.55149,2.0536
20,64,combined,high,ElasticNet,0.251287,0.231194,0.11107,0.231194,13.4541,7.49936,1.79404
20,64,combined,high,MCMC-add,0.251287,0.231194,0.113269,0.231194,13.4541,4.4909,2.99586
20,64,combined,high,MCMC-comb,0.251287,0.231194,0.111165,0.179387,13.4541,4.73888,2.83909
20,128,additive,low,OLS,0.0499086,0,0.122504,0,1.43652,1.38401,1.03794
20,128,additive,low,ISD-1,0.0499086,0,0.0258792,0,1.43652,1.09566,1.3111
20,128,additive,low,ISD-3,0.0499086,0,0.0278005,0,1.43652,1.12061,1.2819
20,128,additive,low,ElasticNet,0.0499086,0,0.122287,0,1.43652,1.35722,1.05843
20,128,additive,low,MCMC-add,0.0499086,0,0.12253,0,1.43652,5.99311,0.239695
20,128,additive,low,MCMC-comb,0.0499086,0,0.121302,0.0841773,1.43652,10.3049,0.139401
20,128,multiplicative,low,OLS,0,0.0462295,0.104767,0.0462295,1.02898,0.936547,1.0987
20,128,multiplicative,low,ISD-1,0,0.0462295,0.00508177,0.0462295,1.02898,0.87717,1.17307
20,128,multiplicative,low,ISD-3,0,0.0462295,0.00730979,0.0462295,1.02898,1.01566,1.01312
20,128,multiplicative,low,ElasticNet,0,0.0462295,0.104653,0.0462295,1.02898,0.932845,1.10306
20,128,multiplicative,low,MCMC-add,0,0.0462295,0.104793,0.0462295,1.02898,6.10326,0.168596
20,128,multiplicative,low,MCMC-comb,0,0.0462295,0.103132,0.0822883,1.02898,9.26221,0.111095
20,128,combined,low,OLS,0.0499086,0.0462295,0.124306,0.0462295,2.46562,2.11371,1.16649
20,128,combined,low,ISD-1,0.0499086,0.0462295,0.0269522,0.0462295,2.46562,2.04203,1.20744
20,128,combined,low,ISD-3,0.0499086,0.0462295,0.0281021,0.0462295,2.46562,2.05167,1.20176
20,128,combined,low,ElasticNet,0.0499086,0.0462295,0.124068,0.0462295,2.46562,2.17303,1.13464
20,128,combined,low,MCMC-add,0.0499086,0.0462295,0.124332,0.0462295,2.46562,7.08143,0.348181
20,128,combined,low,MCMC-comb,0.0499086,0.0462295,0.122775,0.0886999,2.46562,10.4398,0.236174
20,128,additive,medium,OLS,0.124771,0,0.151845,0,5.64836,11.7993,0.478705
20,128,additive,medium,ISD-1,0.124771,0,0.0641119,0,5.64836,3.80128,1.48591
20,128,additive,medium,ISD-3,0.124771,0,0.0625413,0,5.64836,3.85283,1.46603
20,128,additive,medium,ElasticNet,0.124771,0,0.15138,0,5.64836,11.7584,0.480369
20,128,additive,medium,MCMC-add,0.124771,0,0.151871,0,5.64836,7.62662,0.740611
20,128,additive,medium,MCMC-comb,0.124771,0,0.150798,0.0953088,5.64836,12.3152,0.45865
20,128,multiplicative,medium,OLS,0,0.115574,0.107904,0.115574,2.77251,2.50458,1.10698
20,128,multiplicative,medium,ISD-1,0,0.115574,0.00718059,0.115574,2.77251,2.56666,1.0802
20,128,multiplicative,medium,ISD-3,0,0.115574,0.0109853,0.115574,2.77251,2.49068,1.11316
20,128,multiplicative,medium,ElasticNet,0,0.115574,0.104867,0.115574,2.77251,2.47825,1.11874
20,128,multiplicative,medium,MCMC-add,0,0.115574,0.107931,0.115574,2.77251,7.93795,0.349273
20,128,multiplicative,medium,MCMC-comb,0,0.115574,0.105346,0.0927474,2.77251,9.32739,0.297244
20,128,combined,medium,OLS,0.124771,0.115574,0.156452,0.115574,8.42632,6.89748,1.22165
20,128,combined,medium,ISD-1,0.124771,0.115574,0.0638093,0.115574,8.42632,6.3725,1.32229
20,128,combined,medium,ISD-3,0.124771,0.115574,0.0657827,0.115574,8.42632,6.22836,1.3529
20,128,combined,medium,ElasticNet,0.124771,0.115574,0.155923,0.115574,8.42632,6.87362,1.22589
20,128,combined,medium,MCMC-add,0.124771,0.115574,0.156479,0.115574,8.42632,10.6466,0.791455
20,128,combined,medium,MCMC-comb,0.124771,0.115574,0.151992,0.10408,8.42632,12.4342,0.677671
20,128,additive,high,OLS,0.249543,0,0.202075,0,17.046,27.1532,0.627773
20,128,additive,high,ISD-1,0.249543,0,0.120275,0,17.046,10.0847,1.69029
20,128,additive,high,ISD-3,0.249543,0,0.11383,0,17.046,10.1677,1.67649
20,128,additive,high,ElasticNet,0.249543,0,0.200306,0,17.046,26.8559,0.634722
20,128,additive,high,MCMC-add,0.249543,0,0.2021,0,17.046,11.4393,1.49013
20,128,additive,high,MCMC-comb,0.249543,0,0.203958,0.112442,17.046,16.3854,1.04032
20,128,multiplicative,high,OLS,0,0.231147,0.113881,0.231147,6.2496,5.09763,1.22598
20,128,multiplicative,high,ISD-1,0,0.231147,0.019122,0.231147,6.2496,5.32115,1.17448
20,128,multiplicative,high,ISD-3,0,0.231147,0.0192323,0.231147,6.2496,5.10346,1.22458
20,128,multiplicative,high,ElasticNet,0,0.231147,0.113736,0.231147,6.2496,5.10384,1.22449
20,128,multiplicative,high,MCMC-add,0,0.231147,0.113909,0.231147,6.2496,11.6748,0.535307
20,128,multiplicative,high,MCMC-comb,0,0.231147,0.111417,0.148638,6.2496,9.42753,0.66291
20,128,combined,high,OLS,0.249543,0.231147,0.210056,0.231147,23.5327,15.6986,1.49903
20,128,combined,high,ISD-1,0.249543,0.231147,0.125443,0.231147,23.5327,16.4263,1.43262
20,128,combined,high,ISD-3,0.249543,0.231147,0.109622,0.231147,23.5327,16.1861,1.45389
20,128,combined,high,ElasticNet,0.249543,0.231147,0.207504,0.231147,23.5327,15.6908,1.49978
20,128,combined,high,MCMC-add,0.249543,0.231147,0.210084,0.231147,23.5327,18.5876,1.26604
20,128,combined,high,MCMC-comb,0.249543,0.231147,0.209593,0.158641,23.5327,17.4107,1.35163
21,32,additive,low,OLS,0.0638857,0,0.012452,0,0.858297,0.137633,6.23613
21,32,additive,low,ISD-1,0.0638857,0,0.0286026,0,0.858297,0.155468,5.52075
21,32,additive,low,ISD-3,0.0638857,0,0.0285416,0,0.858297,0.151987,5.64718
21,32,additive,low,ElasticNet,0.0638857,0,0.0235037,0,0.858297,0.208165,4.12316
21,32,additive,low,MCMC-add,0.0638857,0,0.0124662,0,0.858297,0.26043,3.2957
21,32,additive,low,MCMC-comb,0.0638857,0,0.0121204,0.0579405,0.858297,0.457134,1.87756
21,32,multiplicative,low,OLS,0,0.0509808,0.00837147,0.0509808,0.238359,0.232983,1.02308
21,32,multiplicative,low,ISD-1,0,0.0509808,0,0.0509808,0.238359,0.238359,1
21,32,multiplicative,low,ISD-3,0,0.0509808,0.00579681,0.0509808,0.238359,0.277518,0.858895
21,32,multiplicative,low,ElasticNet,0,0.0509808,0.00167813,0.0509808,0.238359,0.233754,1.0197
21,32,multiplicative,low,MCMC-add,0,0.0509808,0.0083583,0.0509808,0.238359,0.194397,1.22615
21,32,multiplicative,low,MCMC-comb,0,0.0509808,0.00789351,0.0555587,0.238359,0.326087,0.730969
21,32,combined,low,OLS,0.0638857,0.0509808,0.0124761,0.0509808,0.776585,0.256672,3.0256
21,32,combined,low,ISD-1,0.0638857,0.0509808,0.0285856,0.0509808,0.776585,0.222133,3.49603
21,32,combined,low,ISD-3,0.0638857,0.0509808,0.0284902,0.0509808,0.776585,0.287415,2.70196
21,32,combined,low,ElasticNet,0.0638857,0.0509808,0.0234276,0.0509808,0.776585,0.269642,2.88006
21,32,combined,low,MCMC-add,0.0638857,0.0509808,0.0124902,0.0509808,0.776585,0.278349,2.78997
21,32,combined,low,MCMC-comb,0.0638857,0.0509808,0.0120925,0.0565925,0.776585,0.533445,1.45579
21,32,additive,medium,OLS,0.159714,0,0.0394114,0,6.73139,0.139092,48.3953
21,32,additive,medium,ISD-1,0.159714,0,0.0591941,0,6.73139,0.488453,13.7811
21,32,additive,medium,ISD-3,0.159714,0,0.0516908,0,6.73139,0.37364,18.0157
21,32,additive,medium,ElasticNet,0.159714,0,0.0527852,0,6.73139,0.154491,43.5715
21,32,additive,medium,MCMC-add,0.159714,0,0.0394269,0,6.73139,0.306908,21.9329
21,32,additive,medium,MCMC-comb,0.159714,0,0.039324,0.0480124,6.73139,0.531205,12.6719
21,32,multiplicative,medium,OLS,0,0.127452,0.00827587,0.127452,0.235506,0.374064,0.629586
21,32,multiplicative,medium,ISD-1,0,0.127452,0,0.127452,0.235506,0.235506,1
21,32,multiplicative,medium,ISD-3,0,0.127452,0.00567912,0.127452,0.235506,0.384138,0.613076
21,32,multiplicative,medium,ElasticNet,0,0.127452,0.0017645,0.127452,0.235506,0.281636,0.836205
21,32,multiplicative,medium,MCMC-add,0,0.127452,0.00826263,0.127452,0.235506,0.330125,0.713384
21,32,multiplicative,medium,MCMC-comb,0,0.127452,0.00677977,0.0360523,0.235506,0.312221,0.754292
21,32,combined,medium,OLS,0.159714,0.127452,0.0395302,0.127452,6.60653,0.115245,57.326
21,32,combined,medium,ISD-1,0.159714,0.127452,0.0550132,0.127452,6.60653,0.51724,12.7727
21,32,combined,medium,ISD-3,0.159714,0.127452,0.0516055,0.127452,6.60653,0.345729,19.109
21,32,combined,medium,ElasticNet,0.159714,0.127452,0.0524484,0.127452,6.60653,0.124186,53.1987
21,32,combined,medium,MCMC-add,0.159714,0.127452,0.0395454,0.127452,6.60653,0.471507,14.0115
21,32,combined,medium,MCMC-comb,0.159714,0.127452,0.039675,0.0143308,6.60653,0.444422,14.8654
21,32,additive,high,OLS,0.319428,0,0.0872633,0,27.7377,1.33815,20.7284
21,32,additive,high,ISD-1,0.319428,0,0.119013,0,27.7377,2.81907,9.83931
21,32,additive,high,ISD-3,0.319428,0,0.0993595,0,27.7377,2.3669,11.719
21,32,additive,high,ElasticNet,0.319428,0,0.104146,0,27.7377,1.37367,20.1924
21,32,additive,high,MCMC-add,0.319428,0,0.0872786,0,27.7377,0.450629,61.5533
21,32,additive,high,MCMC-comb,0.319428,0,0.0871702,0.0193228,27.7377,0.524399,52.8942
21,32,multiplicative,high,OLS,0,0.254904,0.00816002,0.254904,0.375511,0.441586,0.850369
21,32,multiplicative,high,ISD-1,0,0.254904,0,0.254904,0.375511,0.375511,1
21,32,multiplicative,high,ISD-3,0,0.254904,0.00548393,0.254904,0.375511,0.397624,0.944387
21,32,multiplicative,high,ElasticNet,0,0.254904,0.0019408,0.254904,0.375511,0.428825,0.875675
21,32,multiplicative,high,MCMC-add,0,0.254904,0.0081466,0.254904,0.375511,0.420555,0.892895
21,32,multiplicative,high,MCMC-comb,0,0.254904,0.00543883,0.0652376,0.375511,0.149726,2.50799
21,32,combined,high,OLS,0.319428,0.254904,0.0875544,0.254904,27.7554,1.76675,15.7098
21,32,combined,high,ISD-1,0.319428,0.254904,0.0990246,0.254904,27.7554,3.59307,7.72472
21,32,combined,high,ISD-3,0.319428,0.254904,0.101187,0.254904,27.7554,2.90833,9.5434
21,32,combined,high,ElasticNet,0.319428,0.254904,0.103353,0.254904,27.7554,1.79804,15.4365
21,32,combined,high,MCMC-add,0.319428,0.254904,0.0875694,0.254904,27.7554,0.727826,38.1347
21,32,combined,high,MCMC-comb,0.319428,0.254904,0.0879183,0.0826591,27.7554,0.16423,169.004
21,64,additive,low,OLS,0.0619049,0,0.00632194,0,0.602429,0.247611,2.43296
21,64,additive,low,ISD-1,0.0619049,0,0.0280969,0,0.602429,0.186781,3.22532
21,64,additive,low,ISD-3,0.0619049,0,0.0262096,0,0.602429,0.207606,2.90178
21,64,additive,low,ElasticNet,0.0619049,0,0.00615838,0,0.602429,0.278327,2.16446
21,64,additive,low,MCMC-add,0.0619049,0,0.00633961,0,0.602429,0.171605,3.51056
21,64,additive,low,MCMC-comb,0.0619049,0,0.00660306,0.0151633,0.602429,0.335444,1.79591
21,64,multiplicative,low,OLS,0,0.0502574,0.0234429,0.0502574,0.311593,0.32766,0.950965
21,64,multiplicative,low,ISD-1,0,0.0502574,0,0.0502574,0.311593,0.311593,1
21,64,multiplicative,low,ISD-3,0,0.0502574,0,0.0502574,0.311593,0.311593,1
21,64,multiplicative,low,ElasticNet,0,0.0502574,0.0220609,0.0502574,0.311593,0.326654,0.953894
21,64,multiplicative,low,MCMC-add,0,0.0502574,0.0234659,0.0502574,0.311593,0.184161,1.69197
21,64,multiplicative,low,MCMC-comb,0,0.0502574,0.0236425,0.011652,0.311593,0.4815,0.64713
21,64,combined,low,OLS,0.0619049,0.0502574,0.00603886,0.0502574,0.501922,0.415839,1.20701
21,64,combined,low,ISD-1,0.0619049,0.0502574,0.0281592,0.0502574,0.501922,0.352094,1.42553
21,64,combined,low,ISD-3,0.0619049,0.0502574,0.0291077,0.0502574,0.501922,0.352274,1.4248
21,64,combined,low,ElasticNet,0.0619049,0.0502574,0.00588491,0.0502574,0.501922,0.401076,1.25144
21,64,combined,low,MCMC-add,0.0619049,0.0502574,0.00605669,0.0502574,0.501922,0.228169,2.19978
21,64,combined,low,MCMC-comb,0.0619049,0.0502574,0.00620425,0.0113691,0.501922,0.161644,3.1051
21,64,additive,medium,OLS,0.154762,0,0.0233856,0,4.9408,0.23826,20.737
21,64,additive,medium,ISD-1,0.154762,0,0.0658037,0,4.9408,0.425446,11.6132
21,64,additive,medium,ISD-3,0.154762,0,0.0584313,0,4.9408,0.329321,15.003
21,64,additive,medium,ElasticNet,0.154762,0,0.0239691,0,4.9408,0.280176,17.6346
21,64,additive,medium,MCMC-add,0.154762,0,0.0233625,0,4.9408,0.311382,15.8673
21,64,additive,medium,MCMC-comb,0.154762,0,0.0234536,0.0165931,4.9408,0.205272,24.0695
21,64,multiplicative,medium,OLS,0,0.125644,0.0230379,0.125644,0.547544,0.538046,1.01765
21,64,multiplicative,medium,ISD-1,0,0.125644,0,0.125644,0.547544,0.547544,1
21,64,multiplicative,medium,ISD-3,0,0.125644,0,0.125644,0.547544,0.547544,1
21,64,multiplicative,medium,ElasticNet,0,0.125644,0.0215825,0.125644,0.547544,0.542242,1.00978
21,64,multiplicative,medium,MCMC-add,0,0.125644,0.023061,0.125644,0.547544,0.182844,2.99459
21,64,multiplicative,medium,MCMC-comb,0,0.125644,0.0213697,0.0216166,0.547544,0.233345,2.3465
21,64,combined,medium,OLS,0.154762,0.125644,0.0241866,0.125644,4.5248,0.12796,35.3611
21,64,combined,medium,ISD-1,0.154762,0.125644,0.0658311,0.125644,4.5248,0.271223,16.6829
21,64,combined,medium,ISD-3,0.154762,0.125644,0.0590665,0.125644,4.5248,0.24915,18.1609
21,64,combined,medium,ElasticNet,0.154762,0.125644,0.0248012,0.125644,4.5248,0.132215,34.2231
21,64,combined,medium,MCMC-add,0.154762,0.125644,0.0241641,0.125644,4.5248,0.872719,5.18471
21,64,combined,medium,MCMC-comb,0.154762,0.125644,0.0233035,0.0432933,4.5248,0.955203,4.737
21,64,additive,high,OLS,0.309524,0,0.0722537,0,20.6544,2.118,9.75185
21,64,additive,high,ISD-1,0.309524,0,0.118938,0,20.6544,2.96616,6.96336
21,64,additive,high,ISD-3,0.309524,0,0.116738,0,20.6544,2.64783,7.80051
21,64,additive,high,ElasticNet,0.309524,0,0.0734075,0,20.6544,2.09604,9.85399
21,64,additive,high,MCMC-add,0.309524,0,0.0722311,0,20.6544,0.787862,26.2158
21,64,additive,high,MCMC-comb,0.309524,0,0.0720764,0.0157958,20.6544,0.620493,33.2871
21,64,multiplicative,high,OLS,0,0.251287,0.022513,0.251287,0.769756,0.782987,0.983102
21,64,multiplicative,high,ISD-1,0,0.251287,0,0.251287,0.769756,0.769756,1
21,64,multiplicative,high,ISD-3,0,0.251287,0,0.251287,0.769756,0.769756,1
21,64,multiplicative,high,ElasticNet,0,0.251287,0.0194056,0.251287,0.769756,0.768234,1.00198
21,64,multiplicative,high,MCMC-add,0,0.251287,0.0225362,0.251287,0.769756,0.395633,1.94563
21,64,multiplicative,high,MCMC-comb,0,0.251287,0.0218983,0.108327,0.769756,0.643421,1.19635
21,64,combined,high,OLS,0.309524,0.251287,0.0742067,0.251287,19.9092,2.79679,7.11859
21,64,combined,high,ISD-1,0.309524,0.251287,0.125017,0.251287,19.9092,3.87317,5.14027
21,64,combined,high,ISD-3,0.309524,0.251287,0.10976,0.251287,19.9092,3.46512,5.74558
21,64,combined,high,ElasticNet,0.309524,0.251287,0.0760456,0.251287,19.9092,2.86257,6.955
21,64,combined,high,MCMC-add,0.309524,0.251287,0.0741846,0.251287,19.9092,1.44587,13.7697
21,64,combined,high,MCMC-comb,0.309524,0.251287,0.0765876,0.120081,19.9092,1.33088,14.9594
21,128,additive,low,OLS,0.0608519,0,0.0831961,0,0.591483,0.492017,1.20216
21,128,additive,low,ISD-1,0.0608519,0,0.0322451,0,0.591483,0.420259,1.40742
21,128,additive,low,ISD-3,0.0608519,0,0.0282277,0,0.591483,0.408156,1.44916
21,128,additive,low,ElasticNet,0.0608519,0,0.0825498,0,0.591483,0.523544,1.12977
21,128,additive,low,MCMC-add,0.0608519,0,0.0832213,0,0.591483,3.16238,0.187037
21,128,additive,low,MCMC-comb,0.0608519,0,0.0807211,0.0257136,0.591483,2.28562,0.258784
21,128,multiplicative,low,OLS,0,0.0499086,0.101633,0.0499086,0.627601,0.6884,0.91168
21,128,multiplicative,low,ISD-1,0,0.0499086,0.00666666,0.0499086,0.627601,0.663069,0.94651
21,128,multiplicative,low,ISD-3,0,0.0499086,0.00756213,0.0499086,0.627601,0.730288,0.859388
21,128,multiplicative,low,ElasticNet,0,0.0499086,0.10152,0.0499086,0.627601,0.71446,0.878427
21,128,multiplicative,low,MCMC-add,0,0.0499086,0.101658,0.0499086,0.627601,3.09766,0.202605
21,128,multiplicative,low,MCMC-comb,0,0.0499086,0.0990035,0.0160472,0.627601,3.27135,0.191848
21,128,combined,low,OLS,0.0608519,0.0499086,0.0818064,0.0499086,1.067,1.01158,1.05478
21,128,combined,low,ISD-1,0.0608519,0.0499086,0.0348978,0.0499086,1.067,1.0375,1.02843
21,128,combined,low,ISD-3,0.0608519,0.0499086,0.0322316,0.0499086,1.067,0.896287,1.19046
21,128,combined,low,ElasticNet,0.0608519,0.0499086,0.0811337,0.0499086,1.067,0.990435,1.0773
21,128,combined,low,MCMC-add,0.0608519,0.0499086,0.0818311,0.0499086,1.067,2.41582,0.441671
21,128,combined,low,MCMC-comb,0.0608519,0.0499086,0.0791817,0.0289908,1.067,2.35208,0.45364
21,128,additive,medium,OLS,0.15213,0,0.0540814,0,3.7136,0.281568,13.189
21,128,additive,medium,ISD-1,0.15213,0,0.0739474,0,3.7136,0.300639,12.3524
21,128,additive,medium,ISD-3,0.15213,0,0.0691341,0,3.7136,0.244405,15.1944
21,128,additive,medium,ElasticNet,0.15213,0,0.0534516,0,3.7136,0.276835,13.4145
21,128,additive,medium,MCMC-add,0.15213,0,0.0541055,0,3.7136,2.12971,1.74371
21,128,additive,medium,MCMC-comb,0.15213,0,0.051632,0.0458083,3.7136,1.05606,3.51646
21,128,multiplicative,medium,OLS,0,0.124771,0.0996761,0.124771,1.2779,1.50959,0.84652
21,128,multiplicative,medium,ISD-1,0,0.124771,0.00989573,0.124771,1.2779,1.48464,0.860747
21,128,multiplicative,medium,ISD-3,0,0.124771,0.0109787,0.124771,1.2779,1.42162,0.898906
21,128,multiplicative,medium,ElasticNet,0,0.124771,0.0995648,0.124771,1.2779,1.50635,0.848343
21,128,multiplicative,medium,MCMC-add,0,0.124771,0.0997007,0.124771,1.2779,2.39156,0.534337
21,128,multiplicative,medium,MCMC-comb,0,0.124771,0.0960928,0.033399,1.2779,2.7513,0.464471
21,128,combined,medium,OLS,0.15213,0.124771,0.0532071,0.124771,3.32784,1.05711,3.14806
21,128,combined,medium,ISD-1,0.15213,0.124771,0.0791033,0.124771,3.32784,0.868533,3.83156
21,128,combined,medium,ISD-3,0.15213,0.124771,0.0732901,0.124771,3.32784,1.02296,3.25315
21,128,combined,medium,ElasticNet,0.15213,0.124771,0.0526392,0.124771,3.32784,1.05093,3.16657
21,128,combined,medium,MCMC-add,0.15213,0.124771,0.0532288,0.124771,3.32784,0.641345,5.18884
21,128,combined,medium,MCMC-comb,0.15213,0.124771,0.0493958,0.0667086,3.32784,0.565211,5.88778
21,128,additive,high,OLS,0.304259,0,0.0319379,0,16.0817,2.2003,7.30887
21,128,additive,high,ISD-1,0.304259,0,0.142844,0,16.0817,2.85004,5.64262
21,128,additive,high,ISD-3,0.304259,0,0.131418,0,16.0817,2.38785,6.73479
21,128,additive,high,ElasticNet,0.304259,0,0.0322616,0,16.0817,2.21564,7.25825
21,128,additive,high,MCMC-add,0.304259,0,0.0319368,0,16.0817,1.21506,13.2353
21,128,additive,high,MCMC-comb,0.304259,0,0.0318891,0.0847814,16.0817,0.725113,22.1782
21,128,multiplicative,high,OLS,0,0.249543,0.0976143,0.249543,1.7792,2.70697,0.657268
21,128,multiplicative,high,ISD-1,0,0.249543,0.0214519,0.249543,1.7792,2.63454,0.675338
21,128,multiplicative,high,ISD-3,0,0.249543,0.0203133,0.249543,1.7792,2.49838,0.712143
21,128,multiplicative,high,ElasticNet,0,0.249543,0.0972615,0.249543,1.7792,2.74286,0.648666
21,128,multiplicative,high,MCMC-add,0,0.249543,0.0976379,0.249543,1.7792,1.52629,1.16571
21,128,multiplicative,high,MCMC-comb,0,0.249543,0.0950692,0.136573,1.7792,0.93762,1.89757
21,128,combined,high,OLS,0.304259,0.249543,0.0507684,0.249543,13.5839,1.56138,8.69992
21,128,combined,high,ISD-1,0.304259,0.249543,0.154002,0.249543,13.5839,1.96815,6.90187
21,128,combined,high,ISD-3,0.304259,0.249543,0.1485,0.249543,13.5839,1.67667,8.10173
21,128,combined,high,ElasticNet,0.304259,0.249543,0.0512125,0.249543,13.5839,1.55965,8.70959
21,128,combined,high,MCMC-add,0.304259,0.249543,0.0507617,0.249543,13.5839,1.19738,11.3447
21,128,combined,high,MCMC-comb,0.304259,0.249543,0.050544,0.188627,13.5839,2.31439,5.86933
22,32,additive,low,OLS,0.0638857,0,0.0239109,0,0.946161,0.168188,5.62563
22,32,additive,low,ISD-1,0.0638857,0,0.0238792,0,0.946161,0.2561,3.69449
22,32,additive,low,ISD-3,0.0638857,0,0.0273103,0,0.946161,0.216999,4.3602
22,32,additive,low,ElasticNet,0.0638857,0,0.0214919,0,0.946161,0.203596,4.64725
22,32,additive,low,MCMC-add,0.0638857,0,0.0238942,0,0.946161,0.145039,6.52349
22,32,additive,low,MCMC-comb,0.0638857,0,0.0238739,0.0974411,0.946161,0.585819,1.61511
22,32,multiplicative,low,OLS,0,0.0459605,0.00680891,0.0459605,0.115857,0.149979,0.772486
22,32,multiplicative,low,ISD-1,0,0.0459605,0,0.0459605,0.115857,0.115857,1
22,32,multiplicative,low,ISD-3,0,0.0459605,0,0.0459605,0.115857,0.115857,1
22,32,multiplicative,low,ElasticNet,0,0.0459605,0,0.0459605,0.115857,0.115857,1
22,32,multiplicative,low,MCMC-add,0,0.0459605,0.00679259,0.0459605,0.115857,0.14944,0.775273
22,32,multiplicative,low,MCMC-comb,0,0.0459605,0.00677348,0.093309,0.115857,0.446916,0.259237
22,32,combined,low,OLS,0.0638857,0.0459605,0.0240774,0.0459605,1.05662,0.228791,4.61829
22,32,combined,low,ISD-1,0.0638857,0.0459605,0.0237791,0.0459605,1.05662,0.270118,3.91171
22,32,combined,low,ISD-3,0.0638857,0.0459605,0.027416,0.0459605,1.05662,0.311414,3.39298
22,32,combined,low,ElasticNet,0.0638857,0.0459605,0.0214592,0.0459605,1.05662,0.211686,4.99147
22,32,combined,low,MCMC-add,0.0638857,0.0459605,0.0240605,0.0459605,1.05662,0.246198,4.29176
22,32,combined,low,MCMC-comb,0.0638857,0.0459605,0.0238731,0.0956378,1.05662,0.564609,1.87142
22,32,additive,medium,OLS,0.159714,0,0.0498197,0,6.43256,0.833511,7.71742
22,32,additive,medium,ISD-1,0.159714,0,0.056862,0,6.43256,1.08333,5.93779
22,32,additive,medium,ISD-3,0.159714,0,0.0420571,0,6.43256,1.0293,6.24947
22,32,additive,medium,ElasticNet,0.159714,0,0.0491444,0,6.43256,0.807067,7.97029
22,32,additive,medium,MCMC-add,0.159714,0,0.0498029,0,6.43256,0.341684,18.826
22,32,additive,medium,MCMC-comb,0.159714,0,0.0498759,0.106761,6.43256,0.834486,7.70841
22,32,multiplicative,medium,OLS,0,0.114901,0.00707997,0.114901,0.328582,0.286282,1.14776
22,32,multiplicative,medium,ISD-1,0,0.114901,0,0.114901,0.328582,0.328582,1
22,32,multiplicative,medium,ISD-3,0,0.114901,0,0.114901,0.328582,0.328582,1
22,32,multiplicative,medium,ElasticNet,0,0.114901,0,0.114901,0.328582,0.328582,1
22,32,multiplicative,medium,MCMC-add,0,0.114901,0.00706367,0.114901,0.328582,0.322757,1.01805
22,32,multiplicative,medium,MCMC-comb,0,0.114901,0.00644204,0.0944952,0.328582,0.421988,0.778653
22,32,combined,medium,OLS,0.159714,0.114901,0.0502991,0.114901,6.65514,0.70923,9.38361
22,32,combined,medium,ISD-1,0.159714,0.114901,0.0565384,0.114901,6.65514,1.14603,5.8071
22,32,combined,medium,ISD-3,0.159714,0.114901,0.0481692,0.114901,6.65514,1.1504,5.78504
22,32,combined,medium,ElasticNet,0.159714,0.114901,0.0491848,0.114901,6.65514,0.727333,9.15005
22,32,combined,medium,MCMC-add,0.159714,0.114901,0.050282,0.114901,6.65514,0.63272,10.5183
22,32,combined,medium,MCMC-comb,0.159714,0.114901,0.0493225,0.118261,6.65514,0.883545,7.53231
22,32,additive,high,OLS,0.319428,0,0.0928318,0,25.87,4.78001,5.41213
22,32,additive,high,ISD-1,0.319428,0,0.101455,0,25.87,4.90248,5.27693
22,32,additive,high,ISD-3,0.319428,0,0.0660565,0,25.87,4.69748,5.50722
22,32,additive,high,ElasticNet,0.319428,0,0.0964541,0,25.87,4.60596,5.61665
22,32,additive,high,MCMC-add,0.319428,0,0.092815,0,25.87,1.3801,18.745
22,32,additive,high,MCMC-comb,0.319428,0,0.0900928,0.152902,25.87,2.21132,11.6989
22,32,multiplicative,high,OLS,0,0.229802,0.00790625,0.229802,0.750719,0.70515,1.06462
22,32,multiplicative,high,ISD-1,0,0.229802,0,0.229802,0.750719,0.750719,1
22,32,multiplicative,high,ISD-3,0,0.229802,0,0.229802,0.750719,0.750719,1
22,32,multiplicative,high,ElasticNet,0,0.229802,0,0.229802,0.750719,0.750719,1
22,32,multiplicative,high,MCMC-add,0,0.229802,0.00789061,0.229802,0.750719,0.736645,1.01911
22,32,multiplicative,high,MCMC-comb,0,0.229802,0.00723702,0.163371,0.750719,0.642102,1.16916
22,32,combined,high,OLS,0.319428,0.229802,0.0936583,0.229802,26.4948,3.0638,8.64768
22,32,combined,high,ISD-1,0.319428,0.229802,0.100563,0.229802,26.4948,4.88906,5.4192
22,32,combined,high,ISD-3,0.319428,0.229802,0.083699,0.229802,26.4948,4.75785,5.56865
22,32,combined,high,ElasticNet,0.319428,0.229802,0.0962933,0.229802,26.4948,3.08066,8.60037
22,32,combined,high,MCMC-add,0.319428,0.229802,0.0936404,0.229802,26.4948,2.0316,13.0414
22,32,combined,high,MCMC-comb,0.319428,0.229802,0.0891028,0.209669,26.4948,2.15284,12.3069
22,64,additive,low,OLS,0.0619049,0,0.0426853,0,0.710395,0.340287,2.08764
22,64,additive,low,ISD-1,0.0619049,0,0.0274503,0,0.710395,0.340961,2.08351
22,64,additive,low,ISD-3,0.0619049,0,0.0263136,0,0.710395,0.322142,2.20523
22,64,additive,low,ElasticNet,0.0619049,0,0.0408283,0,0.710395,0.345801,2.05435
22,64,additive,low,MCMC-add,0.0619049,0,0.0427106,0,0.710395,0.405824,1.7505
22,64,additive,low,MCMC-comb,0.0619049,0,0.0430561,0.0858286,0.710395,1.3627,0.521313
22,64,multiplicative,low,OLS,0,0.0462388,0.025487,0.0462388,0.226925,0.216715,1.04711
22,64,multiplicative,low,ISD-1,0,0.0462388,0.00625032,0.0462388,0.226925,0.202193,1.12232
22,64,multiplicative,low,ISD-3,0,0.0462388,0.00642877,0.0462388,0.226925,0.190827,1.18917
22,64,multiplicative,low,ElasticNet,0,0.0462388,0.0192446,0.0462388,0.226925,0.190229,1.1929
22,64,multiplicative,low,MCMC-add,0,0.0462388,0.0255131,0.0462388,0.226925,0.431552,0.525834
22,64,multiplicative,low,MCMC-comb,0,0.0462388,0.0255036,0.0810932,0.226925,1.04037,0.218119
22,64,combined,low,OLS,0.0619049,0.0462388,0.0431656,0.0462388,0.917421,0.460468,1.99237
22,64,combined,low,ISD-1,0.0619049,0.0462388,0.0273672,0.0462388,0.917421,0.492303,1.86353
22,64,combined,low,ISD-3,0.0619049,0.0462388,0.0262525,0.0462388,0.917421,0.484995,1.89161
22,64,combined,low,ElasticNet,0.0619049,0.0462388,0.0412839,0.0462388,0.917421,0.454649,2.01787
22,64,combined,low,MCMC-add,0.0619049,0.0462388,0.0431913,0.0462388,0.917421,0.646224,1.41967
22,64,combined,low,MCMC-comb,0.0619049,0.0462388,0.0430288,0.0827204,0.917421,1.28445,0.714251
22,64,additive,medium,OLS,0.154762,0,0.0690592,0,3.92131,2.55977,1.5319
22,64,additive,medium,ISD-1,0.154762,0,0.0582879,0,3.92131,1.41128,2.77855
22,64,additive,medium,ISD-3,0.154762,0,0.0576622,0,3.92131,1.37803,2.84559
22,64,additive,medium,ElasticNet,0.154762,0,0.0665145,0,3.92131,2.53905,1.5444
22,64,additive,medium,MCMC-add,0.154762,0,0.0690841,0,3.92131,0.795558,4.92901
22,64,additive,medium,MCMC-comb,0.154762,0,0.0684378,0.0711149,3.92131,1.57984,2.48209
22,64,multiplicative,medium,OLS,0,0.115597,0.0262977,0.115597,0.613834,0.602864,1.0182
22,64,multiplicative,medium,ISD-1,0,0.115597,0.00665932,0.115597,0.613834,0.600703,1.02186
22,64,multiplicative,medium,ISD-3,0,0.115597,0.00695155,0.115597,0.613834,0.553138,1.10973
22,64,multiplicative,medium,ElasticNet,0,0.115597,0.020893,0.115597,0.613834,0.603458,1.0172
22,64,multiplicative,medium,MCMC-add,0,0.115597,0.0263243,0.115597,0.613834,0.860654,0.713218
22,64,multiplicative,medium,MCMC-comb,0,0.115597,0.0214036,0.0743248,0.613834,0.957924,0.640797
22,64,combined,medium,OLS,0.154762,0.115597,0.0702576,0.115597,4.53047,1.48139,3.05826
22,64,combined,medium,ISD-1,0.154762,0.115597,0.0577452,0.115597,4.53047,1.79235,2.52767
22,64,combined,medium,ISD-3,0.154762,0.115597,0.0602868,0.115597,4.53047,1.77488,2.55255
22,64,combined,medium,ElasticNet,0.154762,0.115597,0.0677789,0.115597,4.53047,1.49085,3.03885
22,64,combined,medium,MCMC-add,0.154762,0.115597,0.0702834,0.115597,4.53047,1.40003,3.23599
22,64,combined,medium,MCMC-comb,0.154762,0.115597,0.0668248,0.0777112,4.53047,1.538,2.94569
22,64,additive,high,OLS,0.309524,0,0.114037,0,14.6982,8.77056,1.67586
22,64,additive,high,ISD-1,0.309524,0,0.107208,0,14.6982,4.93702,2.97715
22,64,additive,high,ISD-3,0.309524,0,0.0995549,0,14.6982,4.88301,3.01008
22,64,additive,high,ElasticNet,0.309524,0,0.102217,0,14.6982,7.88251,1.86467
22,64,additive,high,MCMC-add,0.309524,0,0.114061,0,14.6982,1.989,7.38977
22,64,additive,high,MCMC-comb,0.309524,0,0.1111,0.076927,14.6982,2.82181,5.2088
22,64,multiplicative,high,OLS,0,0.231194,0.0277437,0.231194,1.48774,1.3922,1.06862
22,64,multiplicative,high,ISD-1,0,0.231194,0.00731877,0.231194,1.48774,1.46105,1.01827
22,64,multiplicative,high,ISD-3,0,0.231194,0.00784393,0.231194,1.48774,1.37807,1.07958
22,64,multiplicative,high,ElasticNet,0,0.231194,0.025332,0.231194,1.48774,1.37369,1.08302
22,64,multiplicative,high,MCMC-add,0,0.231194,0.0277711,0.231194,1.48774,1.69477,0.877842
22,64,multiplicative,high,MCMC-comb,0,0.231194,0.0232093,0.168863,1.48774,1.58418,0.939122
22,64,combined,high,OLS,0.309524,0.231194,0.115531,0.231194,16.353,4.60335,3.55242
22,64,combined,high,ISD-1,0.309524,0.231194,0.105099,0.231194,16.353,5.69626,2.87084
22,64,combined,high,ISD-3,0.309524,0.231194,0.100448,0.231194,16.353,5.31322,3.0778
22,64,combined,high,ElasticNet,0.309524,0.231194,0.101824,0.231194,16.353,4.6113,3.5463
22,64,combined,high,MCMC-add,0.309524,0.231194,0.115557,0.231194,16.353,3.53929,4.62043
22,64,combined,high,MCMC-comb,0.309524,0.231194,0.111191,0.21024,16.353,3.9796,4.10922
22,128,additive,low,OLS,0.0608519,0,0.124246,0,0.9131,0.685371,1.33227
22,128,additive,low,ISD-1,0.0608519,0,0.0281128,0,0.9131,0.629237,1.45112
22,128,additive,low,ISD-3,0.0608519,0,0.029001,0,0.9131,0.61793,1.47768
22,128,additive,low,ElasticNet,0.0608519,0,0.121471,0,0.9131,0.707976,1.28973
22,128,additive,low,MCMC-add,0.0608519,0,0.124271,0,0.9131,3.31167,0.275722
22,128,additive,low,MCMC-comb,0.0608519,0,0.12466,0.0430662,0.9131,4.46284,0.204601
22,128,multiplicative,low,OLS,0,0.0462295,0.104932,0.0462295,0.564343,0.565659,0.997673
22,128,multiplicative,low,ISD-1,0,0.0462295,0,0.0462295,0.564343,0.564343,1
22,128,multiplicative,low,ISD-3,0,0.0462295,0.00290885,0.0462295,0.564343,0.556554,1.01399
22,128,multiplicative,low,ElasticNet,0,0.0462295,0.0980207,0.0462295,0.564343,0.573535,0.983973
22,128,multiplicative,low,MCMC-add,0,0.0462295,0.104957,0.0462295,0.564343,3.32905,0.169521
22,128,multiplicative,low,MCMC-comb,0,0.0462295,0.104134,0.043864,0.564343,3.89331,0.144952
22,128,combined,low,OLS,0.0608519,0.0462295,0.125211,0.0462295,1.46307,1.1691,1.25145
22,128,combined,low,ISD-1,0.0608519,0.0462295,0.0276054,0.0462295,1.46307,1.18943,1.23006
22,128,combined,low,ISD-3,0.0608519,0.0462295,0.0279761,0.0462295,1.46307,1.1119,1.31583
22,128,combined,low,ElasticNet,0.0608519,0.0462295,0.122594,0.0462295,1.46307,1.15013,1.27209
22,128,combined,low,MCMC-add,0.0608519,0.0462295,0.125237,0.0462295,1.46307,3.87941,0.377138
22,128,combined,low,MCMC-comb,0.0608519,0.0462295,0.124428,0.0489224,1.46307,4.5425,0.322086
22,128,additive,medium,OLS,0.15213,0,0.154622,0,4.27044,3.96312,1.07754
22,128,additive,medium,ISD-1,0.15213,0,0.0673286,0,4.27044,2.39815,1.78072
22,128,additive,medium,ISD-3,0.15213,0,0.0639411,0,4.27044,2.33618,1.82796
22,128,additive,medium,ElasticNet,0.15213,0,0.151728,0,4.27044,3.90788,1.09278
22,128,additive,medium,MCMC-add,0.15213,0,0.154647,0,4.27044,4.16173,1.02612
22,128,additive,medium,MCMC-comb,0.15213,0,0.154587,0.0542873,4.27044,5.58275,0.764935
22,128,multiplicative,medium,OLS,0,0.115574,0.107165,0.115574,1.50243,1.32525,1.1337
22,128,multiplicative,medium,ISD-1,0,0.115574,0,0.115574,1.50243,1.50243,1
22,128,multiplicative,medium,ISD-3,0,0.115574,0.00624253,0.115574,1.50243,1.4094,1.06601
22,128,multiplicative,medium,ElasticNet,0,0.115574,0.100704,0.115574,1.50243,1.38437,1.08528
22,128,multiplicative,medium,MCMC-add,0,0.115574,0.107192,0.115574,1.50243,4.31104,0.348509
22,128,multiplicative,medium,MCMC-comb,0,0.115574,0.104204,0.0570413,1.50243,3.77965,0.397506
22,128,combined,medium,OLS,0.15213,0.115574,0.157125,0.115574,5.95319,3.44201,1.72957
22,128,combined,medium,ISD-1,0.15213,0.115574,0.0648186,0.115574,5.95319,3.57011,1.66751
22,128,combined,medium,ISD-3,0.15213,0.115574,0.0633831,0.115574,5.95319,3.4963,1.70271
22,128,combined,medium,ElasticNet,0.15213,0.115574,0.154037,0.115574,5.95319,3.44727,1.72693
22,128,combined,medium,MCMC-add,0.15213,0.115574,0.157151,0.115574,5.95319,5.77871,1.03019
22,128,combined,medium,MCMC-comb,0.15213,0.115574,0.155517,0.0770986,5.95319,6.01869,0.989117
22,128,additive,high,OLS,0.304259,0,0.206909,0,14.8993,17.2588,0.863286
22,128,additive,high,ISD-1,0.304259,0,0.126446,0,14.8993,7.04696,2.11429
22,128,additive,high,ISD-3,0.304259,0,0.119873,0,14.8993,6.92362,2.15195
22,128,additive,high,ElasticNet,0.304259,0,0.203191,0,14.8993,17.0028,0.876286
22,128,additive,high,MCMC-add,0.304259,0,0.206934,0,14.8993,6.40739,2.32533
22,128,additive,high,MCMC-comb,0.304259,0,0.207652,0.079963,14.8993,7.87565,1.89182
22,128,multiplicative,high,OLS,0,0.231147,0.112351,0.231147,3.36098,2.85424,1.17754
22,128,multiplicative,high,ISD-1,0,0.231147,0.0150938,0.231147,3.36098,3.03913,1.1059
22,128,multiplicative,high,ISD-3,0,0.231147,0.0146412,0.231147,3.36098,3.01363,1.11526
22,128,multiplicative,high,ElasticNet,0,0.231147,0.108927,0.231147,3.36098,2.88015,1.16695
22,128,multiplicative,high,MCMC-add,0,0.231147,0.112379,0.231147,3.36098,6.30199,0.533321
22,128,multiplicative,high,MCMC-comb,0,0.231147,0.109729,0.138167,3.36098,4.61055,0.728976
22,128,combined,high,OLS,0.304259,0.231147,0.210778,0.231147,19.4198,8.98674,2.16093
22,128,combined,high,ISD-1,0.304259,0.231147,0.11847,0.231147,19.4198,10.0496,1.9324
22,128,combined,high,ISD-3,0.304259,0.231147,0.10551,0.231147,19.4198,9.76968,1.98776
22,128,combined,high,ElasticNet,0.304259,0.231147,0.205759,0.231147,19.4198,8.95085,2.1696
22,128,combined,high,MCMC-add,0.304259,0.231147,0.210805,0.231147,19.4198,10.5999,1.83206
22,128,combined,high,MCMC-comb,0.304259,0.231147,0.210269,0.159667,19.4198,9.70561,2.00088
23,32,additive,low,OLS,0.0638857,0,0.0185885,0,1.03535,0.237068,4.36733
23,32,additive,low,ISD-1,0.0638857,0,0.0313626,0,1.03535,0.166428,6.22103
23,32,additive,low,ISD-3,0.0638857,0,0.0305387,0,1.03535,0.152909,6.77102
23,32,additive,low,ElasticNet,0.0638857,0,0.0242984,0,1.03535,0.193157,5.36015
23,32,additive,low,MCMC-add,0.0638857,0,0.0186037,0,1.03535,0.219217,4.72295
23,32,additive,low,MCMC-comb,0.0638857,0,0.0185383,0.0468823,1.03535,0.451849,2.29137
23,32,multiplicative,low,OLS,0,0.0355293,0.00747337,0.0355293,0.235217,0.168104,1.39923
23,32,multiplicative,low,ISD-1,0,0.0355293,0,0.0355293,0.235217,0.235217,1
23,32,multiplicative,low,ISD-3,0,0.0355293,0,0.0355293,0.235217,0.235217,1
23,32,multiplicative,low,ElasticNet,0,0.0355293,0.00247877,0.0355293,0.235217,0.208416,1.12859
23,32,multiplicative,low,MCMC-add,0,0.0355293,0.00747148,0.0355293,0.235217,0.132018,1.7817
23,32,multiplicative,low,MCMC-comb,0,0.0355293,0.00644933,0.0465583,0.235217,0.368221,0.638793
23,32,combined,low,OLS,0.0638857,0.0355293,0.0187019,0.0355293,0.940487,0.360938,2.60568
23,32,combined,low,ISD-1,0.0638857,0.0355293,0.031353,0.0355293,0.940487,0.306881,3.06466
23,32,combined,low,ISD-3,0.0638857,0.0355293,0.0336199,0.0355293,0.940487,0.284518,3.30555
23,32,combined,low,ElasticNet,0.0638857,0.0355293,0.0246954,0.0355293,0.940487,0.309075,3.04291
23,32,combined,low,MCMC-add,0.0638857,0.0355293,0.0187165,0.0355293,0.940487,0.248222,3.7889
23,32,combined,low,MCMC-comb,0.0638857,0.0355293,0.0187951,0.0446641,0.940487,0.448473,2.09709
23,32,additive,medium,OLS,0.159714,0,0.045734,0,7.50348,0.102748,73.0276
23,32,additive,medium,ISD-1,0.159714,0,0.0668819,0,7.50348,0.345977,21.6878
23,32,additive,medium,ISD-3,0.159714,0,0.0612911,0,7.50348,0.283517,26.4657
23,32,additive,medium,ElasticNet,0.159714,0,0.053576,0,7.50348,0.176543,42.5023
23,32,additive,medium,MCMC-add,0.159714,0,0.0457498,0,7.50348,0.334451,22.4352
23,32,additive,medium,MCMC-comb,0.159714,0,0.0456902,0.0463951,7.50348,0.585304,12.8198
23,32,multiplicative,medium,OLS,0,0.0888233,0.00904685,0.0888233,0.269027,0.262829,1.02358
23,32,multiplicative,medium,ISD-1,0,0.0888233,0,0.0888233,0.269027,0.269027,1
23,32,multiplicative,medium,ISD-3,0,0.0888233,0,0.0888233,0.269027,0.269027,1
23,32,multiplicative,medium,ElasticNet,0,0.0888233,0.00613471,0.0888233,0.269027,0.251958,1.06774
23,32,multiplicative,medium,MCMC-add,0,0.0888233,0.00904411,0.0888233,0.269027,0.275732,0.975681
23,32,multiplicative,medium,MCMC-comb,0,0.0888233,0.00668863,0.0414494,0.269027,0.348838,0.771209
23,32,combined,medium,OLS,0.159714,0.0888233,0.0455313,0.0888233,7.2993,0.437017,16.7025
23,32,combined,medium,ISD-1,0.159714,0.0888233,0.0667138,0.0888233,7.2993,0.263013,27.7526
23,32,combined,medium,ISD-3,0.159714,0.0888233,0.0608347,0.0888233,7.2993,0.321177,22.7267
23,32,combined,medium,ElasticNet,0.159714,0.0888233,0.0538484,0.0888233,7.2993,0.50144,14.5567
23,32,combined,medium,MCMC-add,0.159714,0.0888233,0.0455466,0.0888233,7.2993,0.59164,12.3374
23,32,combined,medium,MCMC-comb,0.159714,0.0888233,0.0457714,0.0494156,7.2993,0.63011,11.5842
23,32,additive,high,OLS,0.319428,0,0.0937679,0,30.4979,1.24082,24.5788
23,32,additive,high,ISD-1,0.319428,0,0.123489,0,30.4979,2.2685,13.4441
23,32,additive,high,ISD-3,0.319428,0,0.11056,0,30.4979,1.90226,16.0325
23,32,additive,high,ElasticNet,0.319428,0,0.104748,0,30.4979,1.1824,25.7931
23,32,additive,high,MCMC-add,0.319428,0,0.0937834,0,30.4979,0.651728,46.7955
23,32,additive,high,MCMC-comb,0.319428,0,0.0937075,0.0387387,30.4979,0.819111,37.2329
23,32,multiplicative,high,OLS,0,0.177647,0.0118318,0.177647,0.298174,0.242957,1.22727
23,32,multiplicative,high,ISD-1,0,0.177647,0,0.177647,0.298174,0.298174,1
23,32,multiplicative,high,ISD-3,0,0.177647,0,0.177647,0.298174,0.298174,1
23,32,multiplicative,high,ElasticNet,0,0.177647,0.00898607,0.177647,0.298174,0.266422,1.11918
23,32,multiplicative,high,MCMC-add,0,0.177647,0.0118281,0.177647,0.298174,0.289293,1.0307
23,32,multiplicative,high,MCMC-comb,0,0.177647,0.00682614,0.118715,0.298174,0.832791,0.358042
23,32,combined,high,OLS,0.319428,0.177647,0.0930152,0.177647,30.03,0.575731,52.1598
23,32,combined,high,ISD-1,0.319428,0.177647,0.123805,0.177647,30.03,0.832062,36.091
23,32,combined,high,ISD-3,0.319428,0.177647,0.120682,0.177647,30.03,0.461259,65.1044
23,32,combined,high,ElasticNet,0.319428,0.177647,0.105092,0.177647,30.03,0.592393,50.6927
23,32,combined,high,MCMC-add,0.319428,0.177647,0.0930303,0.177647,30.03,0.906174,33.1393
23,32,combined,high,MCMC-comb,0.319428,0.177647,0.0906777,0.119136,30.03,1.35167,22.217
23,64,additive,low,OLS,0.0619049,0,0.00638629,0,1.37583,0.224908,6.1173
23,64,additive,low,ISD-1,0.0619049,0,0.0270683,0,1.37583,0.201807,6.81754
23,64,additive,low,ISD-3,0.0619049,0,0.0293636,0,1.37583,0.345224,3.98533
23,64,additive,low,ElasticNet,0.0619049,0,0.00620738,0,1.37583,0.223742,6.1492
23,64,additive,low,MCMC-add,0.0619049,0,0.00639906,0,1.37583,0.142016,9.68783
23,64,additive,low,MCMC-comb,0.0619049,0,0.00590037,0.0526712,1.37583,1.52999,0.89924
23,64,multiplicative,low,OLS,0,0.0359967,0.0232116,0.0359967,0.585674,0.602453,0.972149
23,64,multiplicative,low,ISD-1,0,0.0359967,0,0.0359967,0.585674,0.585674,1
23,64,multiplicative,low,ISD-3,0,0.0359967,0,0.0359967,0.585674,0.585674,1
23,64,multiplicative,low,ElasticNet,0,0.0359967,0,0.0359967,0.585674,0.585674,1
23,64,multiplicative,low,MCMC-add,0,0.0359967,0.0232341,0.0359967,0.585674,0.153139,3.82446
23,64,multiplicative,low,MCMC-comb,0,0.0359967,0.0228472,0.0532001,0.585674,2.03536,0.28775
23,64,combined,low,OLS,0.0619049,0.0359967,0.00600694,0.0359967,1.1367,0.895368,1.26953
23,64,combined,low,ISD-1,0.0619049,0.0359967,0.0269054,0.0359967,1.1367,0.777754,1.46152
23,64,combined,low,ISD-3,0.0619049,0.0359967,0.0291012,0.0359967,1.1367,0.702536,1.61799
23,64,combined,low,ElasticNet,0.0619049,0.0359967,0.00581766,0.0359967,1.1367,0.880709,1.29066
23,64,combined,low,MCMC-add,0.0619049,0.0359967,0.00602108,0.0359967,1.1367,0.404619,2.80931
23,64,combined,low,MCMC-comb,0.0619049,0.0359967,0.00562405,0.0202933,1.1367,0.405238,2.80502
23,64,additive,medium,OLS,0.154762,0,0.0241776,0,8.95406,0.70819,12.6436
23,64,additive,medium,ISD-1,0.154762,0,0.0665787,0,8.95406,1.16765,7.66848
23,64,additive,medium,ISD-3,0.154762,0,0.060497,0,8.95406,0.786571,11.3837
23,64,additive,medium,ElasticNet,0.154762,0,0.0247482,0,8.95406,0.644101,13.9016
23,64,additive,medium,MCMC-add,0.154762,0,0.0241535,0,8.95406,0.619301,14.4583
23,64,additive,medium,MCMC-comb,0.154762,0,0.0241066,0.0201113,8.95406,0.340156,26.3234
23,64,multiplicative,medium,OLS,0,0.0899917,0.0231633,0.0899917,1.11849,1.14716,0.975004
23,64,multiplicative,medium,ISD-1,0,0.0899917,0,0.0899917,1.11849,1.11849,1
23,64,multiplicative,medium,ISD-3,0,0.0899917,0,0.0899917,1.11849,1.11849,1
23,64,multiplicative,medium,ElasticNet,0,0.0899917,0,0.0899917,1.11849,1.11849,1
23,64,multiplicative,medium,MCMC-add,0,0.0899917,0.0231857,0.0899917,1.11849,0.556832,2.00866
23,64,multiplicative,medium,MCMC-comb,0,0.0899917,0.022351,0.05475,1.11849,2.01193,0.555926
23,64,combined,medium,OLS,0.154762,0.0899917,0.0238274,0.0899917,8.24554,1.74277,4.73129
23,64,combined,medium,ISD-1,0.154762,0.0899917,0.0661412,0.0899917,8.24554,1.20991,6.81501
23,64,combined,medium,ISD-3,0.154762,0.0899917,0.0592225,0.0899917,8.24554,1.31304,6.27972
23,64,combined,medium,ElasticNet,0.154762,0.0899917,0.0244008,0.0899917,8.24554,1.72184,4.7888
23,64,combined,medium,MCMC-add,0.154762,0.0899917,0.0238038,0.0899917,8.24554,1.81165,4.55138
23,64,combined,medium,MCMC-comb,0.154762,0.0899917,0.0242376,0.0610741,8.24554,0.947047,8.70657
23,64,additive,high,OLS,0.309524,0,0.0729959,0,35.7171,4.94413,7.22415
23,64,additive,high,ISD-1,0.309524,0,0.125553,0,35.7171,5.88784,6.06625
23,64,additive,high,ISD-3,0.309524,0,0.119363,0,35.7171,5.35424,6.67081
23,64,additive,high,ElasticNet,0.309524,0,0.0741442,0,35.7171,4.92353,7.25438
23,64,additive,high,MCMC-add,0.309524,0,0.0729727,0,35.7171,1.22007,29.2747
23,64,additive,high,MCMC-comb,0.309524,0,0.0728707,0.0523861,35.7171,0.420924,84.8542
23,64,multiplicative,high,OLS,0,0.179983,0.0233837,0.179983,1.80833,1.87186,0.966061
23,64,multiplicative,high,ISD-1,0,0.179983,0,0.179983,1.80833,1.80833,1
23,64,multiplicative,high,ISD-3,0,0.179983,0,0.179983,1.80833,1.80833,1
23,64,multiplicative,high,ElasticNet,0,0.179983,0,0.179983,1.80833,1.80833,1
23,64,multiplicative,high,MCMC-add,0,0.179983,0.0234056,0.179983,1.80833,1.19545,1.51267
23,64,multiplicative,high,MCMC-comb,0,0.179983,0.0204034,0.0621298,1.80833,1.28322,1.40921
23,64,combined,high,OLS,0.309524,0.179983,0.0722161,0.179983,34.865,2.20557,15.8077
23,64,combined,high,ISD-1,0.309524,0.179983,0.124514,0.179983,34.865,0.883559,39.4597
23,64,combined,high,ISD-3,0.309524,0.179983,0.108242,0.179983,34.865,0.960626,36.294
23,64,combined,high,ElasticNet,0.309524,0.179983,0.0733641,0.179983,34.865,2.16832,16.0792
23,64,combined,high,MCMC-add,0.309524,0.179983,0.0721936,0.179983,34.865,3.48539,10.0032
23,64,combined,high,MCMC-comb,0.309524,0.179983,0.0727393,0.0575955,34.865,2.44795,14.2425
23,128,additive,low,OLS,0.0608519,0,0.0820225,0,1.23685,0.790772,1.5641
23,128,additive,low,ISD-1,0.0608519,0,0.0286573,0,1.23685,0.728649,1.69745
23,128,additive,low,ISD-3,0.0608519,0,0.0267302,0,1.23685,0.863527,1.43232
23,128,additive,low,ElasticNet,0.0608519,0,0.0815984,0,1.23685,0.916701,1.34924
23,128,additive,low,MCMC-add,0.0608519,0,0.0820478,0,1.23685,4.63469,0.266867
23,128,additive,low,MCMC-comb,0.0608519,0,0.0802994,0.0156172,1.23685,5.43371,0.227625
23,128,multiplicative,low,OLS,0,0.0365027,0.103446,0.0365027,1.05875,1.17346,0.902244
23,128,multiplicative,low,ISD-1,0,0.0365027,0.00693815,0.0365027,1.05875,1.17848,0.898404
23,128,multiplicative,low,ISD-3,0,0.0365027,0.00720029,0.0365027,1.05875,1.267,0.835635
23,128,multiplicative,low,ElasticNet,0,0.0365027,0.0895919,0.0365027,1.05875,1.22475,0.864459
23,128,multiplicative,low,MCMC-add,0,0.0365027,0.103471,0.0365027,1.05875,4.64452,0.227956
23,128,multiplicative,low,MCMC-comb,0,0.0365027,0.101904,0.0173224,1.05875,6.47582,0.163492
23,128,combined,low,OLS,0.0608519,0.0365027,0.0829387,0.0365027,1.73535,2.0203,0.858958
23,128,combined,low,ISD-1,0.0608519,0.0365027,0.0280173,0.0365027,1.73535,1.97783,0.877401
23,128,combined,low,ISD-3,0.0608519,0.0365027,0.0257374,0.0365027,1.73535,2.06885,0.838797
23,128,combined,low,ElasticNet,0.0608519,0.0365027,0.0824525,0.0365027,1.73535,2.04164,0.849979
23,128,combined,low,MCMC-add,0.0608519,0.0365027,0.0829639,0.0365027,1.73535,3.44275,0.504058
23,128,combined,low,MCMC-comb,0.0608519,0.0365027,0.0809691,0.0137877,1.73535,5.07102,0.342209
23,128,additive,medium,OLS,0.15213,0,0.0519602,0,6.82369,0.246356,27.6985
23,128,additive,medium,ISD-1,0.15213,0,0.0686684,0,6.82369,0.457144,14.9268
23,128,additive,medium,ISD-3,0.15213,0,0.0649392,0,6.82369,0.339382,20.1062
23,128,additive,medium,ElasticNet,0.15213,0,0.0514345,0,6.82369,0.261938,26.0507
23,128,additive,medium,MCMC-add,0.15213,0,0.0519851,0,6.82369,3.14431,2.17017
23,128,additive,medium,MCMC-comb,0.15213,0,0.0497113,0.0242368,6.82369,3.65351,1.86771
23,128,multiplicative,medium,OLS,0,0.0912567,0.105308,0.0912567,2.28639,2.63611,0.867334
23,128,multiplicative,medium,ISD-1,0,0.0912567,0.0142535,0.0912567,2.28639,2.75632,0.829509
23,128,multiplicative,medium,ISD-3,0,0.0912567,0.0138188,0.0912567,2.28639,2.65171,0.86223
23,128,multiplicative,medium,ElasticNet,0,0.0912567,0.0951945,0.0912567,2.28639,2.63334,0.868246
23,128,multiplicative,medium,MCMC-add,0,0.0912567,0.105333,0.0912567,2.28639,3.21462,0.711246
23,128,multiplicative,medium,MCMC-comb,0,0.0912567,0.101488,0.0216213,2.28639,5.64546,0.404996
23,128,combined,medium,OLS,0.15213,0.0912567,0.053865,0.0912567,7.0265,4.22038,1.6649
23,128,combined,medium,ISD-1,0.15213,0.0912567,0.0676984,0.0912567,7.0265,3.98964,1.76119
23,128,combined,medium,ISD-3,0.15213,0.0912567,0.0612962,0.0912567,7.0265,4.11742,1.70653
23,128,combined,medium,ElasticNet,0.15213,0.0912567,0.0532699,0.0912567,7.0265,4.22364,1.66361
23,128,combined,medium,MCMC-add,0.15213,0.0912567,0.05389,0.0912567,7.0265,0.562913,12.4824
23,128,combined,medium,MCMC-comb,0.15213,0.0912567,0.0505863,0.0245344,7.0265,2.62945,2.67223
23,128,additive,high,OLS,0.304259,0,0.0275897,0,27.0039,4.88764,5.52494
23,128,additive,high,ISD-1,0.304259,0,0.143661,0,27.0039,4.43013,6.09551
23,128,additive,high,ISD-3,0.304259,0,0.134145,0,27.0039,3.97089,6.80046
23,128,additive,high,ElasticNet,0.304259,0,0.0279698,0,27.0039,4.86042,5.55588
23,128,additive,high,MCMC-add,0.304259,0,0.0275883,0,27.0039,1.93898,13.9269
23,128,additive,high,MCMC-comb,0.304259,0,0.0273286,0.0515046,27.0039,1.93649,13.9447
23,128,multiplicative,high,OLS,0,0.182513,0.109358,0.182513,3.72191,5.00254,0.744003
23,128,multiplicative,high,ISD-1,0,0.182513,0.0239527,0.182513,3.72191,4.83527,0.769741
23,128,multiplicative,high,ISD-3,0,0.182513,0.023211,0.182513,3.72191,4.89248,0.76074
23,128,multiplicative,high,ElasticNet,0,0.182513,0.109219,0.182513,3.72191,5.00739,0.743283
23,128,multiplicative,high,MCMC-add,0,0.182513,0.109383,0.182513,3.72191,1.31602,2.82815
23,128,multiplicative,high,MCMC-comb,0,0.182513,0.104548,0.0767442,3.72191,1.57318,2.36585
23,128,combined,high,OLS,0.304259,0.182513,0.0199783,0.182513,29.068,6.47875,4.48667
23,128,combined,high,ISD-1,0.304259,0.182513,0.134706,0.182513,29.068,5.4629,5.32098
23,128,combined,high,ISD-3,0.304259,0.182513,0.124482,0.182513,29.068,5.83069,4.98535
23,128,combined,high,ElasticNet,0.304259,0.182513,0.0200232,0.182513,29.068,6.49451,4.47578
23,128,combined,high,MCMC-add,0.304259,0.182513,0.0199845,0.182513,29.068,3.44374,8.44083
23,128,combined,high,MCMC-comb,0.304259,0.182513,0.0188038,0.086142,29.068,2.07496,14.0089
24,32,additive,low,OLS,0.0448153,0,0.0245339,0,0.915395,0.354677,2.58092
24,32,additive,low,ISD-1,0.0448153,0,0.0263599,0,0.915395,0.308487,2.96737
24,32,additive,low,ISD-3,0.0448153,0,0.0263533,0,0.915395,0.288902,3.16853
24,32,additive,low,ElasticNet,0.0448153,0,0.0210543,0,0.915395,0.223821,4.08986
24,32,additive,low,MCMC-add,0.0448153,0,0.0245201,0,0.915395,0.375882,2.43533
24,32,additive,low,MCMC-comb,0.0448153,0,0.0246803,0.0383572,0.915395,0.495844,1.84614
24,32,multiplicative,low,OLS,0,0.0638857,0.00791451,0.0638857,0.226628,0.179526,1.26236
24,32,multiplicative,low,ISD-1,0,0.0638857,0,0.0638857,0.226628,0.226628,1
24,32,multiplicative,low,ISD-3,0,0.0638857,0,0.0638857,0.226628,0.226628,1
24,32,multiplicative,low,ElasticNet,0,0.0638857,0.00140303,0.0638857,0.226628,0.187425,1.20916
24,32,multiplicative,low,MCMC-add,0,0.0638857,0.00790854,0.0638857,0.226628,0.214726,1.05543
24,32,multiplicative,low,MCMC-comb,0,0.0638857,0.00820002,0.0340123,0.226628,0.315302,0.718762
24,32,combined,low,OLS,0.0448153,0.0638857,0.0240997,0.0638857,0.873532,0.248196,3.51952
24,32,combined,low,ISD-1,0.0448153,0.0638857,0.0259095,0.0638857,0.873532,0.159243,5.48552
24,32,combined,low,ISD-3,0.0448153,0.0638857,0.027994,0.0638857,0.873532,0.222035,3.9342
24,32,combined,low,ElasticNet,0.0448153,0.0638857,0.0205551,0.0638857,0.873532,0.256443,3.40635
24,32,combined,low,MCMC-add,0.0448153,0.0638857,0.0240857,0.0638857,0.873532,0.294796,2.96317
24,32,combined,low,MCMC-comb,0.0448153,0.0638857,0.0246083,0.0404041,0.873532,0.52519,1.66327
24,32,additive,medium,OLS,0.112038,0,0.050914,0,5.75262,0.871802,6.59854
24,32,additive,medium,ISD-1,0.112038,0,0.0581243,0,5.75262,1.49132,3.8574
24,32,additive,medium,ISD-3,0.112038,0,0.0577838,0,5.75262,1.49541,3.84686
24,32,additive,medium,ElasticNet,0.112038,0,0.0490235,0,5.75262,0.862235,6.67175
24,32,additive,medium,MCMC-add,0.112038,0,0.0508987,0,5.75262,0.506244,11.3633
24,32,additive,medium,MCMC-comb,0.112038,0,0.0512219,0.0492056,5.75262,0.857523,6.70841
24,32,multiplicative,medium,OLS,0,0.159714,0.00682547,0.159714,0.26239,0.314785,0.833551
24,32,multiplicative,medium,ISD-1,0,0.159714,0,0.159714,0.26239,0.26239,1
24,32,multiplicative,medium,ISD-3,0,0.159714,0,0.159714,0.26239,0.26239,1
24,32,multiplicative,medium,ElasticNet,0,0.159714,0,0.159714,0.26239,0.26239,1
24,32,multiplicative,medium,MCMC-add,0,0.159714,0.00681878,0.159714,0.26239,0.334046,0.78549
24,32,multiplicative,medium,MCMC-comb,0,0.159714,0.00844943,0.0351045,0.26239,0.359363,0.730152
24,32,combined,medium,OLS,0.112038,0.159714,0.0501577,0.159714,5.74358,0.364598,15.7532
24,32,combined,medium,ISD-1,0.112038,0.159714,0.0620974,0.159714,5.74358,1.10216,5.21122
24,32,combined,medium,ISD-3,0.112038,0.159714,0.0547735,0.159714,5.74358,0.986951,5.81952
24,32,combined,medium,ElasticNet,0.112038,0.159714,0.0482386,0.159714,5.74358,0.269819,21.2868
24,32,combined,medium,MCMC-add,0.112038,0.159714,0.0501422,0.159714,5.74358,0.484256,11.8606
24,32,combined,medium,MCMC-comb,0.112038,0.159714,0.0519947,0.0513327,5.74358,1.04377,5.50271
24,32,additive,high,OLS,0.224076,0,0.0961479,0,22.8591,4.85901,4.70448
24,32,additive,high,ISD-1,0.224076,0,0.112553,0,22.8591,6.07207,3.76464
24,32,additive,high,ISD-3,0.224076,0,0.10006,0,22.8591,5.90699,3.86984
24,32,additive,high,ElasticNet,0.224076,0,0.0978787,0,22.8591,4.7407,4.82189
24,32,additive,high,MCMC-add,0.224076,0,0.0961321,0,22.8591,2.07599,11.0112
24,32,additive,high,MCMC-comb,0.224076,0,0.0949725,0.119668,22.8591,3.12651,7.3114
24,32,multiplicative,high,OLS,0,0.319428,0.00540496,0.319428,0.290872,0.293932,0.989587
24,32,multiplicative,high,ISD-1,0,0.319428,0,0.319428,0.290872,0.290872,1
24,32,multiplicative,high,ISD-3,0,0.319428,0,0.319428,0.290872,0.290872,1
24,32,multiplicative,high,ElasticNet,0,0.319428,0,0.319428,0.290872,0.290872,1
24,32,multiplicative,high,MCMC-add,0,0.319428,0.00539686,0.319428,0.290872,0.305389,0.952463
24,32,multiplicative,high,MCMC-comb,0,0.319428,0.00738929,0.094821,0.290872,0.682677,0.426075
24,32,combined,high,OLS,0.224076,0.319428,0.0950058,0.319428,23.4271,2.2291,10.5097
24,32,combined,high,ISD-1,0.224076,0.319428,0.116519,0.319428,23.4271,4.98319,4.70123
24,32,combined,high,ISD-3,0.224076,0.319428,0.0988221,0.319428,23.4271,4.30444,5.44255
24,32,combined,high,ElasticNet,0.224076,0.319428,0.0967024,0.319428,23.4271,2.20941,10.6033
24,32,combined,high,MCMC-add,0.224076,0.319428,0.0949895,0.319428,23.4271,2.06283,11.3568
24,32,combined,high,MCMC-comb,0.224076,0.319428,0.0945667,0.171627,23.4271,3.31509,7.06681
24,64,additive,low,OLS,0.0438785,0,0.0430756,0,0.974837,0.538123,1.81155
24,64,additive,low,ISD-1,0.0438785,0,0.0272773,0,0.974837,0.628847,1.5502
24,64,additive,low,ISD-3,0.0438785,0,0.0282032,0,0.974837,0.627424,1.55371
24,64,additive,low,ElasticNet,0.0438785,0,0.0429118,0,0.974837,0.52811,1.8459
24,64,additive,low,MCMC-add,0.0438785,0,0.0431001,0,0.974837,0.835825,1.16632
24,64,additive,low,MCMC-comb,0.0438785,0,0.0423129,0.0608228,0.974837,2.09015,0.466395
24,64,multiplicative,low,OLS,0,0.0619049,0.024566,0.0619049,0.219882,0.3864,0.569051
24,64,multiplicative,low,ISD-1,0,0.0619049,0,0.0619049,0.219882,0.219882,1
24,64,multiplicative,low,ISD-3,0,0.0619049,0,0.0619049,0.219882,0.219882,1
24,64,multiplicative,low,ElasticNet,0,0.0619049,0.0200366,0.0619049,0.219882,0.303207,0.725188
24,64,multiplicative,low,MCMC-add,0,0.0619049,0.0245905,0.0619049,0.219882,0.177189,1.24095
24,64,multiplicative,low,MCMC-comb,0,0.0619049,0.0242189,0.0632569,0.219882,1.73535,0.126708
24,64,combined,low,OLS,0.0438785,0.0619049,0.0426899,0.0619049,0.715773,0.137744,5.19639
24,64,combined,low,ISD-1,0.0438785,0.0619049,0.0267657,0.0619049,0.715773,0.223736,3.19919
24,64,combined,low,ISD-3,0.0438785,0.0619049,0.0278121,0.0619049,0.715773,0.330435,2.16615
24,64,combined,low,ElasticNet,0.0438785,0.0619049,0.0425197,0.0619049,0.715773,0.138083,5.18365
24,64,combined,low,MCMC-add,0.0438785,0.0619049,0.0427143,0.0619049,0.715773,0.4947,1.44688
24,64,combined,low,MCMC-comb,0.0438785,0.0619049,0.0426415,0.0420476,0.715773,1.68351,0.425168
24,64,additive,medium,OLS,0.109696,0,0.0705635,0,4.69136,2.28584,2.05236
24,64,additive,medium,ISD-1,0.109696,0,0.0653567,0,4.69136,2.2115,2.12134
24,64,additive,medium,ISD-3,0.109696,0,0.0599982,0,4.69136,2.12454,2.20818
24,64,additive,medium,ElasticNet,0.109696,0,0.070131,0,4.69136,2.31728,2.02451
24,64,additive,medium,MCMC-add,0.109696,0,0.070588,0,4.69136,1.51164,3.10349
24,64,additive,medium,MCMC-comb,0.109696,0,0.0703892,0.0403869,4.69136,2.26693,2.06948
24,64,multiplicative,medium,OLS,0,0.154762,0.0239863,0.154762,0.54009,0.535869,1.00788
24,64,multiplicative,medium,ISD-1,0,0.154762,0,0.154762,0.54009,0.54009,1
24,64,multiplicative,medium,ISD-3,0,0.154762,0,0.154762,0.54009,0.54009,1
24,64,multiplicative,medium,ElasticNet,0,0.154762,0.0184197,0.154762,0.54009,0.510288,1.0584
24,64,multiplicative,medium,MCMC-add,0,0.154762,0.0240109,0.154762,0.54009,0.194451,2.7775
24,64,multiplicative,medium,MCMC-comb,0,0.154762,0.0228865,0.047074,0.54009,1.3941,0.387411
24,64,combined,medium,OLS,0.109696,0.154762,0.0696691,0.154762,4.3583,0.429503,10.1473
24,64,combined,medium,ISD-1,0.109696,0.154762,0.0609999,0.154762,4.3583,1.03861,4.19627
24,64,combined,medium,ISD-3,0.109696,0.154762,0.0569371,0.154762,4.3583,0.969446,4.49566
24,64,combined,medium,ElasticNet,0.109696,0.154762,0.0691429,0.154762,4.3583,0.422106,10.3251
24,64,combined,medium,MCMC-add,0.109696,0.154762,0.0696937,0.154762,4.3583,0.901719,4.83332
24,64,combined,medium,MCMC-comb,0.109696,0.154762,0.0689507,0.0707697,4.3583,2.96258,1.47112
24,64,additive,high,OLS,0.219393,0,0.117363,0,16.4649,12.2933,1.33934
24,64,additive,high,ISD-1,0.219393,0,0.114092,0,16.4649,6.82831,2.41127
24,64,additive,high,ISD-3,0.219393,0,0.108553,0,16.4649,6.94921,2.36932
24,64,additive,high,ElasticNet,0.219393,0,0.116491,0,16.4649,12.2313,1.34612
24,64,additive,high,MCMC-add,0.219393,0,0.117388,0,16.4649,3.61785,4.55101
24,64,additive,high,MCMC-comb,0.219393,0,0.115524,0.0546551,16.4649,4.73629,3.47633
24,64,multiplicative,high,OLS,0,0.309524,0.0231659,0.309524,0.391056,0.208817,1.87272
24,64,multiplicative,high,ISD-1,0,0.309524,0,0.309524,0.391056,0.391056,1
24,64,multiplicative,high,ISD-3,0,0.309524,0,0.309524,0.391056,0.391056,1
24,64,multiplicative,high,ElasticNet,0,0.309524,0.0201703,0.309524,0.391056,0.225329,1.73549
24,64,multiplicative,high,MCMC-add,0,0.309524,0.0231912,0.309524,0.391056,0.178384,2.19221
24,64,multiplicative,high,MCMC-comb,0,0.309524,0.0223004,0.112436,0.391056,1.0514,0.371938
24,64,combined,high,OLS,0.219393,0.309524,0.115326,0.309524,17.0132,2.79911,6.07807
24,64,combined,high,ISD-1,0.219393,0.309524,0.120622,0.309524,17.0132,4.75563,3.57748
24,64,combined,high,ISD-3,0.219393,0.309524,0.102916,0.309524,17.0132,4.08922,4.1605
24,64,combined,high,ElasticNet,0.219393,0.309524,0.11346,0.309524,17.0132,2.78049,6.11876
24,64,combined,high,MCMC-add,0.219393,0.309524,0.11535,0.309524,17.0132,2.99544,5.67969
24,64,combined,high,MCMC-comb,0.219393,0.309524,0.114839,0.148558,17.0132,5.30728,3.20563
24,128,additive,low,OLS,0.0436485,0,0.12107,0,1.63677,1.35489,1.20805
24,128,additive,low,ISD-1,0.0436485,0,0.0277397,0,1.63677,1.26933,1.28947
24,128,additive,low,ISD-3,0.0436485,0,0.0276054,0,1.63677,1.39073,1.17691
24,128,additive,low,ElasticNet,0.0436485,0,0.119544,0,1.63677,1.3481,1.21413
24,128,additive,low,MCMC-add,0.0436485,0,0.121096,0,1.63677,6.50076,0.251781
24,128,additive,low,MCMC-comb,0.0436485,0,0.120446,0.0102766,1.63677,6.11017,0.267876
24,128,multiplicative,low,OLS,0,0.0608519,0.0991389,0.0608519,0.839044,0.793695,1.05714
24,128,multiplicative,low,ISD-1,0,0.0608519,0,0.0608519,0.839044,0.839044,1
24,128,multiplicative,low,ISD-3,0,0.0608519,0,0.0608519,0.839044,0.839044,1
24,128,multiplicative,low,ElasticNet,0,0.0608519,0.0971048,0.0608519,0.839044,0.690145,1.21575
24,128,multiplicative,low,MCMC-add,0,0.0608519,0.099164,0.0608519,0.839044,4.53078,0.185188
24,128,multiplicative,low,MCMC-comb,0,0.0608519,0.099154,0.0233689,0.839044,4.63793,0.180909
24,128,combined,low,OLS,0.0436485,0.0608519,0.117927,0.0608519,1.03989,0.384497,2.70454
24,128,combined,low,ISD-1,0.0436485,0.0608519,0.0244755,0.0608519,1.03989,0.390165,2.66525
24,128,combined,low,ISD-3,0.0436485,0.0608519,0.0248037,0.0608519,1.03989,0.449967,2.31103
24,128,combined,low,ElasticNet,0.0436485,0.0608519,0.116369,0.0608519,1.03989,0.360735,2.88268
24,128,combined,low,MCMC-add,0.0436485,0.0608519,0.117952,0.0608519,1.03989,5.52828,0.188103
24,128,combined,low,MCMC-comb,0.0436485,0.0608519,0.117882,0.0164244,1.03989,6.06564,0.171439
24,128,additive,medium,OLS,0.109121,0,0.149656,0,5.74274,6.72803,0.853555
24,128,additive,medium,ISD-1,0.109121,0,0.0641279,0,5.74274,4.09221,1.40333
24,128,additive,medium,ISD-3,0.109121,0,0.0599307,0,5.74274,4.13252,1.38965
24,128,additive,medium,ElasticNet,0.109121,0,0.147819,0,5.74274,6.76011,0.849505
24,128,additive,medium,MCMC-add,0.109121,0,0.149681,0,5.74274,8.2584,0.695382
24,128,additive,medium,MCMC-comb,0.109121,0,0.148737,0.0155997,5.74274,8.46951,0.678049
24,128,multiplicative,medium,OLS,0,0.15213,0.0953553,0.15213,1.56501,1.95065,0.802298
24,128,multiplicative,medium,ISD-1,0,0.15213,0.0103843,0.15213,1.56501,1.76824,0.885062
24,128,multiplicative,medium,ISD-3,0,0.15213,0.0096765,0.15213,1.56501,1.81071,0.864306
24,128,multiplicative,medium,ElasticNet,0,0.15213,0.0937555,0.15213,1.56501,1.87668,0.833925
24,128,multiplicative,medium,MCMC-add,0,0.15213,0.0953801,0.15213,1.56501,3.40155,0.460086
24,128,multiplicative,medium,MCMC-comb,0,0.15213,0.0952894,0.0467313,1.56501,3.6148,0.432944
24,128,combined,medium,OLS,0.109121,0.15213,0.141896,0.15213,5.59475,1.31049,4.2692
24,128,combined,medium,ISD-1,0.109121,0.15213,0.0577589,0.15213,5.59475,1.69144,3.30768
24,128,combined,medium,ISD-3,0.109121,0.15213,0.053793,0.15213,5.59475,1.54627,3.61822
24,128,combined,medium,ElasticNet,0.109121,0.15213,0.139959,0.15213,5.59475,1.28058,4.36891
24,128,combined,medium,MCMC-add,0.109121,0.15213,0.141921,0.15213,5.59475,6.18121,0.905122
24,128,combined,medium,MCMC-comb,0.109121,0.15213,0.14244,0.0309707,5.59475,7.46309,0.749655
24,128,additive,high,OLS,0.218242,0,0.198517,0,17.2855,21.8458,0.79125
24,128,additive,high,ISD-1,0.218242,0,0.127502,0,17.2855,10.8323,1.59573
24,128,additive,high,ISD-3,0.218242,0,0.111797,0,17.2855,10.7305,1.61088
24,128,additive,high,ElasticNet,0.218242,0,0.196619,0,17.2855,21.6744,0.797505
24,128,additive,high,MCMC-add,0.218242,0,0.198541,0,17.2855,12.1534,1.42227
24,128,additive,high,MCMC-comb,0.218242,0,0.197199,0.0409197,17.2855,12.8342,1.34683
24,128,multiplicative,high,OLS,0,0.304259,0.0910322,0.304259,1.83117,3.53888,0.517445
24,128,multiplicative,high,ISD-1,0,0.304259,0.0255379,0.304259,1.83117,3.30855,0.553468
24,128,multiplicative,high,ISD-3,0,0.304259,0.0254415,0.304259,1.83117,3.32792,0.550246
24,128,multiplicative,high,ElasticNet,0,0.304259,0.0889919,0.304259,1.83117,3.53977,0.517315
24,128,multiplicative,high,MCMC-add,0,0.304259,0.0910559,0.304259,1.83117,2.61998,0.698927
24,128,multiplicative,high,MCMC-comb,0,0.304259,0.0916058,0.143601,1.83117,1.96621,0.931322
24,128,combined,high,OLS,0.218242,0.304259,0.182274,0.304259,20.414,3.62544,5.63077
24,128,combined,high,ISD-1,0.218242,0.304259,0.103196,0.304259,20.414,5.99916,3.40281
24,128,combined,high,ISD-3,0.218242,0.304259,0.0908704,0.304259,20.414,5.14273,3.96949
24,128,combined,high,ElasticNet,0.218242,0.304259,0.178632,0.304259,20.414,3.55292,5.74569
24,128,combined,high,MCMC-add,0.218242,0.304259,0.182298,0.304259,20.414,9.63661,2.11838
24,128,combined,high,MCMC-comb,0.218242,0.304259,0.182457,0.134267,20.414,10.6004,1.92577
25,32,additive,low,OLS,0.0483807,0,0.0109494,0,1.22624,0.33059,3.70924
25,32,additive,low,ISD-1,0.0483807,0,0.0245298,0,1.22624,0.198371,6.18152
25,32,additive,low,ISD-3,0.0483807,0,0.0211414,0,1.22624,0.449326,2.72906
25,32,additive,low,ElasticNet,0.0483807,0,0.0168111,0,1.22624,0.202429,6.05763
25,32,additive,low,MCMC-add,0.0483807,0,0.010963,0,1.22624,0.210852,5.81564
25,32,additive,low,MCMC-comb,0.0483807,0,0.0108692,0.109794,1.22624,0.919765,1.33321
25,32,multiplicative,low,OLS,0,0.0518578,0.0101953,0.0518578,0.289955,0.36474,0.794964
25,32,multiplicative,low,ISD-1,0,0.0518578,0,0.0518578,0.289955,0.289955,1
25,32,multiplicative,low,ISD-3,0,0.0518578,0,0.0518578,0.289955,0.289955,1
25,32,multiplicative,low,ElasticNet,0,0.0518578,0,0.0518578,0.289955,0.289955,1
25,32,multiplicative,low,MCMC-add,0,0.0518578,0.0101814,0.0518578,0.289955,0.419244,0.691615
25,32,multiplicative,low,MCMC-comb,0,0.0518578,0.00965866,0.112534,0.289955,1.17504,0.246763
25,32,combined,low,OLS,0.0483807,0.0518578,0.0108225,0.0518578,1.38495,0.354009,3.91219
25,32,combined,low,ISD-1,0.0483807,0.0518578,0.0245229,0.0518578,1.38495,0.289768,4.77952
25,32,combined,low,ISD-3,0.0483807,0.0518578,0.0211558,0.0518578,1.38495,0.369106,3.75218
25,32,combined,low,ElasticNet,0.0483807,0.0518578,0.0167644,0.0518578,1.38495,0.221092,6.26414
25,32,combined,low,MCMC-add,0.0483807,0.0518578,0.0108359,0.0518578,1.38495,0.311133,4.45133
25,32,combined,low,MCMC-comb,0.0483807,0.0518578,0.0110316,0.111978,1.38495,0.972595,1.42398
25,32,additive,medium,OLS,0.120952,0,0.0362752,0,9.16299,0.401295,22.8336
25,32,additive,medium,ISD-1,0.120952,0,0.051844,0,9.16299,1.23716,7.40647
25,32,additive,medium,ISD-3,0.120952,0,0.045317,0,9.16299,1.03804,8.82719
25,32,additive,medium,ElasticNet,0.120952,0,0.0440074,0,9.16299,0.397088,23.0755
25,32,additive,medium,MCMC-add,0.120952,0,0.0362907,0,9.16299,0.424231,21.5991
25,32,additive,medium,MCMC-comb,0.120952,0,0.0361167,0.116177,9.16299,0.907118,10.1012
25,32,multiplicative,medium,OLS,0,0.129645,0.0106471,0.129645,0.660874,0.572466,1.15443
25,32,multiplicative,medium,ISD-1,0,0.129645,0,0.129645,0.660874,0.660874,1
25,32,multiplicative,medium,ISD-3,0,0.129645,0.00387448,0.129645,0.660874,0.512244,1.29015
25,32,multiplicative,medium,ElasticNet,0,0.129645,0,0.129645,0.660874,0.660874,1
25,32,multiplicative,medium,MCMC-add,0,0.129645,0.0106331,0.129645,0.660874,0.634867,1.04096
25,32,multiplicative,medium,MCMC-comb,0,0.129645,0.00924973,0.111621,0.660874,1.15799,0.570706
25,32,combined,medium,OLS,0.120952,0.129645,0.0357661,0.129645,9.49414,1.28216,7.4048
25,32,combined,medium,ISD-1,0.120952,0.129645,0.0520775,0.129645,9.49414,2.03813,4.65826
25,32,combined,medium,ISD-3,0.120952,0.129645,0.0452904,0.129645,9.49414,1.77927,5.33598
25,32,combined,medium,ElasticNet,0.120952,0.129645,0.0437339,0.129645,9.49414,1.27733,7.43277
25,32,combined,medium,MCMC-add,0.120952,0.129645,0.0357818,0.129645,9.49414,0.410126,23.1493
25,32,combined,medium,MCMC-comb,0.120952,0.129645,0.0361449,0.113174,9.49414,0.803776,11.8119
25,32,additive,high,OLS,0.241904,0,0.0807683,0,36.4286,3.99396,9.12092
25,32,additive,high,ISD-1,0.241904,0,0.0960656,0,36.4286,5.96694,6.10507
25,32,additive,high,ISD-3,0.241904,0,0.0931646,0,36.4286,5.33696,6.82573
25,32,additive,high,ElasticNet,0.241904,0,0.0876821,0,36.4286,4.02837,9.04301
25,32,additive,high,MCMC-add,0.241904,0,0.0807833,0,36.4286,0.961598,37.8834
25,32,additive,high,MCMC-comb,0.241904,0,0.0816283,0.105816,36.4286,1.96361,18.5519
25,32,multiplicative,high,OLS,0,0.259289,0.0114274,0.259289,1.34667,1.21226,1.11087
25,32,multiplicative,high,ISD-1,0,0.259289,0,0.259289,1.34667,1.34667,1
25,32,multiplicative,high,ISD-3,0,0.259289,0.00410348,0.259289,1.34667,1.22874,1.09598
25,32,multiplicative,high,ElasticNet,0,0.259289,0,0.259289,1.34667,1.34667,1
25,32,multiplicative,high,MCMC-add,0,0.259289,0.0114129,0.259289,1.34667,1.31614,1.0232
25,32,multiplicative,high,MCMC-comb,0,0.259289,0.00639205,0.1313,1.34667,1.06524,1.26419
25,32,combined,high,OLS,0.241904,0.259289,0.0800773,0.259289,36.831,8.57954,4.29289
25,32,combined,high,ISD-1,0.241904,0.259289,0.0963708,0.259289,36.831,8.36074,4.40523
25,32,combined,high,ISD-3,0.241904,0.259289,0.0928581,0.259289,36.831,7.97679,4.61727
25,32,combined,high,ElasticNet,0.241904,0.259289,0.0819155,0.259289,36.831,8.49763,4.33427
25,32,combined,high,MCMC-add,0.241904,0.259289,0.0800929,0.259289,36.831,2.02195,18.2156
25,32,combined,high,MCMC-comb,0.241904,0.259289,0.0793692,0.0794233,36.831,1.29294,28.4862
25,64,additive,low,OLS,0.0475325,0,0.00832709,0,0.379598,0.263217,1.44215
25,64,additive,low,ISD-1,0.0475325,0,0.0273154,0,0.379598,0.156278,2.42899
25,64,additive,low,ISD-3,0.0475325,0,0.0312893,0,0.379598,0.190921,1.98825
25,64,additive,low,ElasticNet,0.0475325,0,0.00823825,0,0.379598,0.253774,1.49581
25,64,additive,low,MCMC-add,0.0475325,0,0.00834359,0,0.379598,0.111404,3.4074
25,64,additive,low,MCMC-comb,0.0475325,0,0.00823219,0.114065,0.379598,1.63452,0.232238
25,64,multiplicative,low,OLS,0,0.0514518,0.0248593,0.0514518,0.295643,0.27533,1.07378
25,64,multiplicative,low,ISD-1,0,0.0514518,0,0.0514518,0.295643,0.295643,1
25,64,multiplicative,low,ISD-3,0,0.0514518,0.00646584,0.0514518,0.295643,0.292422,1.01101
25,64,multiplicative,low,ElasticNet,0,0.0514518,0.0248174,0.0514518,0.295643,0.275249,1.07409
25,64,multiplicative,low,MCMC-add,0,0.0514518,0.0248827,0.0514518,0.295643,0.573738,0.515293
25,64,multiplicative,low,MCMC-comb,0,0.0514518,0.0244823,0.125435,0.295643,2.1079,0.140255
25,64,combined,low,OLS,0.0475325,0.0514518,0.00904018,0.0514518,0.489746,0.218572,2.24067
25,64,combined,low,ISD-1,0.0475325,0.0514518,0.0263458,0.0514518,0.489746,0.254424,1.92493
25,64,combined,low,ISD-3,0.0475325,0.0514518,0.0313597,0.0514518,0.489746,0.183863,2.66365
25,64,combined,low,ElasticNet,0.0475325,0.0514518,0.00894987,0.0514518,0.489746,0.194407,2.51918
25,64,combined,low,MCMC-add,0.0475325,0.0514518,0.009057,0.0514518,0.489746,0.352257,1.39031
25,64,combined,low,MCMC-comb,0.0475325,0.0514518,0.00846228,0.112147,0.489746,1.64348,0.297993
25,64,additive,medium,OLS,0.118831,0,0.0236798,0,3.38627,0.575197,5.88714
25,64,additive,medium,ISD-1,0.118831,0,0.058547,0,3.38627,0.371135,9.12409
25,64,additive,medium,ISD-3,0.118831,0,0.0543917,0,3.38627,0.343087,9.86998
25,64,additive,medium,ElasticNet,0.118831,0,0.0241773,0,3.38627,0.575407,5.885
25,64,additive,medium,MCMC-add,0.118831,0,0.0236588,0,3.38627,0.305208,11.095
25,64,additive,medium,MCMC-comb,0.118831,0,0.0242319,0.107263,3.38627,1.27209,2.66197
25,64,multiplicative,medium,OLS,0,0.128629,0.0258169,0.128629,0.821311,0.747289,1.09905
25,64,multiplicative,medium,ISD-1,0,0.128629,0.00492592,0.128629,0.821311,0.720117,1.14052
25,64,multiplicative,medium,ISD-3,0,0.128629,0.00693989,0.128629,0.821311,0.782886,1.04908
25,64,multiplicative,medium,ElasticNet,0,0.128629,0.0257302,0.128629,0.821311,0.752223,1.09184
25,64,multiplicative,medium,MCMC-add,0,0.128629,0.0258407,0.128629,0.821311,1.06536,0.770925
25,64,multiplicative,medium,MCMC-comb,0,0.128629,0.0249389,0.130255,0.821311,2.16464,0.379422
25,64,combined,medium,OLS,0.118831,0.128629,0.0238374,0.128629,3.83728,3.79279,1.01173
25,64,combined,medium,ISD-1,0.118831,0.128629,0.0589081,0.128629,3.83728,1.50919,2.54261
25,64,combined,medium,ISD-3,0.118831,0.128629,0.0545971,0.128629,3.83728,1.45405,2.63903
25,64,combined,medium,ElasticNet,0.118831,0.128629,0.0243782,0.128629,3.83728,3.78945,1.01262
25,64,combined,medium,MCMC-add,0.118831,0.128629,0.0238172,0.128629,3.83728,0.554385,6.92169
25,64,combined,medium,MCMC-comb,0.118831,0.128629,0.0247074,0.0935224,3.83728,0.990969,3.87225
25,64,additive,high,OLS,0.237662,0,0.0719178,0,14.2705,2.62966,5.42676
25,64,additive,high,ISD-1,0.237662,0,0.107291,0,14.2705,2.74823,5.19262
25,64,additive,high,ISD-3,0.237662,0,0.105169,0,14.2705,2.70501,5.2756
25,64,additive,high,ElasticNet,0.237662,0,0.0733508,0,14.2705,2.61625,5.45457
25,64,additive,high,MCMC-add,0.237662,0,0.0718963,0,14.2705,0.308041,46.3268
25,64,additive,high,MCMC-comb,0.237662,0,0.0734269,0.105527,14.2705,1.23411,11.5635
25,64,multiplicative,high,OLS,0,0.257259,0.0276179,0.257259,1.95013,1.86238,1.04711
25,64,multiplicative,high,ISD-1,0,0.257259,0.00566352,0.257259,1.95013,1.82711,1.06732
25,64,multiplicative,high,ISD-3,0,0.257259,0.00782929,0.257259,1.95013,1.84934,1.0545
25,64,multiplicative,high,ElasticNet,0,0.257259,0.0275673,0.257259,1.95013,1.85676,1.05028
25,64,multiplicative,high,MCMC-add,0,0.257259,0.027642,0.257259,1.95013,2.26186,0.862179
25,64,multiplicative,high,MCMC-comb,0,0.257259,0.0254142,0.0618057,1.95013,0.575699,3.38741
25,64,combined,high,OLS,0.237662,0.257259,0.0725856,0.257259,14.9785,12.0758,1.24037
25,64,combined,high,ISD-1,0.237662,0.257259,0.110635,0.257259,14.9785,5.86324,2.55465
25,64,combined,high,ISD-3,0.237662,0.257259,0.105861,0.257259,14.9785,6.03634,2.4814
25,64,combined,high,ElasticNet,0.237662,0.257259,0.0744104,0.257259,14.9785,12.0407,1.24399
25,64,combined,high,MCMC-add,0.237662,0.257259,0.072564,0.257259,14.9785,1.48618,10.0785
25,64,combined,high,MCMC-comb,0.237662,0.257259,0.0719932,0.0822497,14.9785,0.320707,46.7048
26,32,additive,low,OLS,0.0483807,0,0.0144009,0,1.53029,0.284338,5.38194
26,32,additive,low,ISD-1,0.0483807,0,0.0182396,0,1.53029,0.124419,12.2995
26,32,additive,low,ISD-3,0.0483807,0,0.0169855,0,1.53029,0.121914,12.5522
26,32,additive,low,ElasticNet,0.0483807,0,0.0178241,0,1.53029,0.131652,11.6237
26,32,additive,low,MCMC-add,0.0483807,0,0.0144174,0,1.53029,0.212864,7.18906
26,32,additive,low,MCMC-comb,0.0483807,0,0.014619,0.0743784,1.53029,0.488979,3.12957
26,32,multiplicative,low,OLS,0,0.0352156,0.00728861,0.0352156,0.17316,0.130803,1.32382
26,32,multiplicative,low,ISD-1,0,0.0352156,0,0.0352156,0.17316,0.17316,1
26,32,multiplicative,low,ISD-3,0,0.0352156,0,0.0352156,0.17316,0.17316,1
26,32,multiplicative,low,ElasticNet,0,0.0352156,0,0.0352156,0.17316,0.17316,1
26,32,multiplicative,low,MCMC-add,0,0.0352156,0.00728158,0.0352156,0.17316,0.161654,1.07117
26,32,multiplicative,low,MCMC-comb,0,0.0352156,0.0084476,0.0857593,0.17316,0.788286,0.219666
26,32,combined,low,OLS,0.0483807,0.0352156,0.0143157,0.0352156,1.42089,0.329281,4.31514
26,32,combined,low,ISD-1,0.0483807,0.0352156,0.0182464,0.0352156,1.42089,0.224426,6.33123
26,32,combined,low,ISD-3,0.0483807,0.0352156,0.016964,0.0352156,1.42089,0.154206,9.21424
26,32,combined,low,ElasticNet,0.0483807,0.0352156,0.0177789,0.0352156,1.42089,0.224407,6.33179
26,32,combined,low,MCMC-add,0.0483807,0.0352156,0.0143321,0.0352156,1.42089,0.33251,4.27324
26,32,combined,low,MCMC-comb,0.0483807,0.0352156,0.0146115,0.079308,1.42089,0.509514,2.78873
26,32,additive,medium,OLS,0.120952,0,0.0400455,0,9.00576,0.281315,32.0131
26,32,additive,medium,ISD-1,0.120952,0,0.048822,0,9.00576,0.812095,11.0895
26,32,additive,medium,ISD-3,0.120952,0,0.0459261,0,9.00576,0.914072,9.85236
26,32,additive,medium,ElasticNet,0.120952,0,0.0452711,0,9.00576,0.333765,26.9823
26,32,additive,medium,MCMC-add,0.120952,0,0.0400618,0,9.00576,0.424415,21.2192
26,32,additive,medium,MCMC-comb,0.120952,0,0.0400867,0.0720211,9.00576,0.250776,35.9115
26,32,multiplicative,medium,OLS,0,0.0880391,0.00714913,0.0880391,0.262109,0.290833,0.901236
26,32,multiplicative,medium,ISD-1,0,0.0880391,0,0.0880391,0.262109,0.262109,1
26,32,multiplicative,medium,ISD-3,0,0.0880391,0,0.0880391,0.262109,0.262109,1
26,32,multiplicative,medium,ElasticNet,0,0.0880391,0,0.0880391,0.262109,0.262109,1
26,32,multiplicative,medium,MCMC-add,0,0.0880391,0.0071419,0.0880391,0.262109,0.275323,0.952004
26,32,multiplicative,medium,MCMC-comb,0,0.0880391,0.00765541,0.0827024,0.262109,0.758168,0.345713
26,32,combined,medium,OLS,0.120952,0.0880391,0.0399309,0.0880391,8.81614,0.308231,28.6023
26,32,combined,medium,ISD-1,0.120952,0.0880391,0.0490436,0.0880391,8.81614,0.468135,18.8325
26,32,combined,medium,ISD-3,0.120952,0.0880391,0.045936,0.0880391,8.81614,0.654188,13.4765
26,32,combined,medium,ElasticNet,0.120952,0.0880391,0.0452496,0.0880391,8.81614,0.19607,44.9642
26,32,combined,medium,MCMC-add,0.120952,0.0880391,0.0399471,0.0880391,8.81614,0.49134,17.943
26,32,combined,medium,MCMC-comb,0.120952,0.0880391,0.0397029,0.0758318,8.81614,0.446402,19.7493
26,32,additive,high,OLS,0.241904,0,0.0840466,0,33.3675,4.13219,8.07502
26,32,additive,high,ISD-1,0.241904,0,0.0937989,0,33.3675,4.73983,7.03981
26,32,additive,high,ISD-3,0.241904,0,0.0954367,0,33.3675,5.35526,6.23079
26,32,additive,high,ElasticNet,0.241904,0,0.0914343,0,33.3675,3.76733,8.85707
26,32,additive,high,MCMC-add,0.241904,0,0.0840623,0,33.3675,0.365448,91.3058
26,32,additive,high,MCMC-comb,0.241904,0,0.0849662,0.0917371,33.3675,1.03238,32.3208
26,32,multiplicative,high,OLS,0,0.176078,0.00704183,0.176078,0.347756,0.409401,0.849428
26,32,multiplicative,high,ISD-1,0,0.176078,0,0.176078,0.347756,0.347756,1
26,32,multiplicative,high,ISD-3,0,0.176078,0,0.176078,0.347756,0.347756,1
26,32,multiplicative,high,ElasticNet,0,0.176078,0,0.176078,0.347756,0.347756,1
26,32,multiplicative,high,MCMC-add,0,0.176078,0.00703432,0.176078,0.347756,0.375732,0.925544
26,32,multiplicative,high,MCMC-comb,0,0.176078,0.00697228,0.0949638,0.347756,0.870043,0.3997
26,32,combined,high,OLS,0.241904,0.176078,0.083789,0.176078,33.0369,5.32337,6.20602
26,32,combined,high,ISD-1,0.241904,0.176078,0.0945582,0.176078,33.0369,4.22439,7.82053
26,32,combined,high,ISD-3,0.241904,0.176078,0.0954615,0.176078,33.0369,5.04697,6.54589
26,32,combined,high,ElasticNet,0.241904,0.176078,0.09137,0.176078,33.0369,4.69272,7.04005
26,32,combined,high,MCMC-add,0.241904,0.176078,0.0838045,0.176078,33.0369,0.260126,127.004
26,32,combined,high,MCMC-comb,0.241904,0.176078,0.0847794,0.108696,33.0369,0.969046,34.0922
26,64,additive,low,OLS,0.0475325,0,0.00963553,0,1.09028,0.312464,3.48929
26,64,additive,low,ISD-1,0.0475325,0,0.0213418,0,1.09028,0.241694,4.51098
26,64,additive,low,ISD-3,0.0475325,0,0.0212726,0,1.09028,0.240345,4.53631
26,64,additive,low,ElasticNet,0.0475325,0,0.00943769,0,1.09028,0.328984,3.31408
26,64,additive,low,MCMC-add,0.0475325,0,0.00966017,0,1.09028,0.307879,3.54126
26,64,additive,low,MCMC-comb,0.0475325,0,0.00981986,0.0107846,1.09028,0.295311,3.69197
26,64,multiplicative,low,OLS,0,0.0360713,0.0268181,0.0360713,0.42515,0.411856,1.03228
26,64,multiplicative,low,ISD-1,0,0.0360713,0,0.0360713,0.42515,0.42515,1
26,64,multiplicative,low,ISD-3,0,0.0360713,0.00592668,0.0360713,0.42515,0.48188,0.882273
26,64,multiplicative,low,ElasticNet,0,0.0360713,0.0267901,0.0360713,0.42515,0.411814,1.03238
26,64,multiplicative,low,MCMC-add,0,0.0360713,0.0268429,0.0360713,0.42515,0.319392,1.33112
26,64,multiplicative,low,MCMC-comb,0,0.0360713,0.0268583,0.0103037,0.42515,0.643297,0.660892
26,64,combined,low,OLS,0.0475325,0.0360713,0.00937281,0.0360713,0.900888,0.726265,1.24044
26,64,combined,low,ISD-1,0.0475325,0.0360713,0.0213316,0.0360713,0.900888,0.638229,1.41154
26,64,combined,low,ISD-3,0.0475325,0.0360713,0.0212374,0.0360713,0.900888,0.628871,1.43255
26,64,combined,low,ElasticNet,0.0475325,0.0360713,0.00917936,0.0360713,0.900888,0.730966,1.23246
26,64,combined,low,MCMC-add,0.0475325,0.0360713,0.00939727,0.0360713,0.900888,0.259603,3.47025
26,64,combined,low,MCMC-comb,0.0475325,0.0360713,0.00931758,0.00978467,0.900888,0.239131,3.76733
26,64,additive,medium,OLS,0.118831,0,0.0196905,0,7.08053,0.966877,7.3231
26,64,additive,medium,ISD-1,0.118831,0,0.0514727,0,7.08053,0.749104,9.452
26,64,additive,medium,ISD-3,0.118831,0,0.0477848,0,7.08053,0.712358,9.93957
26,64,additive,medium,ElasticNet,0.118831,0,0.0202422,0,7.08053,0.9309,7.60612
26,64,additive,medium,MCMC-add,0.118831,0,0.0196692,0,7.08053,0.292603,24.1984
26,64,additive,medium,MCMC-comb,0.118831,0,0.0203443,0.0282453,7.08053,1.03784,6.8224
26,64,multiplicative,medium,OLS,0,0.0901784,0.0265139,0.0901784,0.900676,0.883385,1.01957
26,64,multiplicative,medium,ISD-1,0,0.0901784,0,0.0901784,0.900676,0.900676,1
26,64,multiplicative,medium,ISD-3,0,0.0901784,0.00573271,0.0901784,0.900676,0.933616,0.964717
26,64,multiplicative,medium,ElasticNet,0,0.0901784,0.0264229,0.0901784,0.900676,0.880557,1.02285
26,64,multiplicative,medium,MCMC-add,0,0.0901784,0.0265384,0.0901784,0.900676,0.3084,2.92048
26,64,multiplicative,medium,MCMC-comb,0,0.0901784,0.0262092,0.0120153,0.900676,0.387318,2.32542
26,64,combined,medium,OLS,0.118831,0.0901784,0.0205035,0.0901784,6.50489,0.533871,12.1844
26,64,combined,medium,ISD-1,0.118831,0.0901784,0.0492718,0.0901784,6.50489,0.454,14.328
26,64,combined,medium,ISD-3,0.118831,0.0901784,0.047623,0.0901784,6.50489,0.431405,15.0784
26,64,combined,medium,ElasticNet,0.118831,0.0901784,0.0210523,0.0901784,6.50489,0.556383,11.6914
26,64,combined,medium,MCMC-add,0.118831,0.0901784,0.0204831,0.0901784,6.50489,1.29951,5.00564
26,64,combined,medium,MCMC-comb,0.118831,0.0901784,0.0207166,0.0228908,6.50489,0.674602,9.64257
26,64,additive,high,OLS,0.237662,0,0.0677107,0,27.2787,13.1858,2.0688
26,64,additive,high,ISD-1,0.237662,0,0.101499,0,27.2787,4.71932,5.78022
26,64,additive,high,ISD-3,0.237662,0,0.0970383,0,27.2787,5.00886,5.44609
26,64,additive,high,ElasticNet,0.237662,0,0.0686948,0,27.2787,13.1412,2.07582
26,64,additive,high,MCMC-add,0.237662,0,0.0676884,0,27.2787,0.414521,65.8077
26,64,additive,high,MCMC-comb,0.237662,0,0.0691949,0.014247,27.2787,0.593511,45.9615
26,64,multiplicative,high,OLS,0,0.180357,0.0261083,0.180357,1.49763,1.53133,0.977989
26,64,multiplicative,high,ISD-1,0,0.180357,0,0.180357,1.49763,1.49763,1
26,64,multiplicative,high,ISD-3,0,0.180357,0.00250793,0.180357,1.49763,1.60773,0.931518
26,64,multiplicative,high,ElasticNet,0,0.180357,0.0239021,0.180357,1.49763,1.46183,1.02448
26,64,multiplicative,high,MCMC-add,0,0.180357,0.0261324,0.180357,1.49763,0.848537,1.76495
26,64,multiplicative,high,MCMC-comb,0,0.180357,0.0247228,0.0737635,1.49763,1.52258,0.983614
26,64,combined,high,OLS,0.237662,0.180357,0.0685906,0.180357,26.2876,40.9177,0.64245
26,64,combined,high,ISD-1,0.237662,0.180357,0.100149,0.180357,26.2876,3.58405,7.33462
26,64,combined,high,ISD-3,0.237662,0.180357,0.096641,0.180357,26.2876,3.47195,7.57142
26,64,combined,high,ElasticNet,0.237662,0.180357,0.0695554,0.180357,26.2876,40.7295,0.645419
26,64,combined,high,MCMC-add,0.237662,0.180357,0.068569,0.180357,26.2876,1.68886,15.5653
26,64,combined,high,MCMC-comb,0.237662,0.180357,0.0694492,0.0923434,26.2876,1.09304,24.0501
26,128,additive,low,OLS,0.0471346,0,0.0911332,0,1.48872,1.01415,1.46795
26,128,additive,low,ISD-1,0.0471346,0,0.0222022,0,1.48872,0.838466,1.77553
26,128,additive,low,ISD-3,0.0471346,0,0.0225426,0,1.48872,0.93586,1.59075
26,128,additive,low,ElasticNet,0.0471346,0,0.0909152,0,1.48872,1.03885,1.43304
26,128,additive,low,MCMC-add,0.0471346,0,0.0911588,0,1.48872,6.77762,0.219652
26,128,additive,low,MCMC-comb,0.0471346,0,0.0902816,0.00915107,1.48872,6.42942,0.231548
26,128,multiplicative,low,OLS,0,0.036567,0.108549,0.036567,1.56825,1.69764,0.923779
26,128,multiplicative,low,ISD-1,0,0.036567,0.00672431,0.036567,1.56825,1.50831,1.03974
26,128,multiplicative,low,ISD-3,0,0.036567,0.108315,0.036567,1.56825,1.58249,0.991001
26,128,multiplicative,low,ElasticNet,0,0.036567,0.108426,0.036567,1.56825,1.68153,0.932631
26,128,multiplicative,low,MCMC-add,0,0.036567,0.108575,0.036567,1.56825,6.78045,0.23129
26,128,multiplicative,low,MCMC-comb,0,0.036567,0.107296,0.0133659,1.56825,7.90312,0.198434
26,128,combined,low,OLS,0.0471346,0.036567,0.0908485,0.036567,2.32082,2.4769,0.936983
26,128,combined,low,ISD-1,0.0471346,0.036567,0.0215896,0.036567,2.32082,2.28411,1.01607
26,128,combined,low,ISD-3,0.0471346,0.036567,0.0226777,0.036567,2.32082,2.40135,0.966461
26,128,combined,low,ElasticNet,0.0471346,0.036567,0.0906221,0.036567,2.32082,2.51011,0.924588
26,128,combined,low,MCMC-add,0.0471346,0.036567,0.0908742,0.036567,2.32082,5.16679,0.44918
26,128,combined,low,MCMC-comb,0.0471346,0.036567,0.0897191,0.0130001,2.32082,5.92598,0.391634
26,128,additive,medium,OLS,0.117837,0,0.0661173,0,8.01057,0.559166,14.3259
26,128,additive,medium,ISD-1,0.117837,0,0.054295,0,8.01057,0.588749,13.6061
26,128,additive,medium,ISD-3,0.117837,0,0.0489675,0,8.01057,0.64599,12.4005
26,128,additive,medium,ElasticNet,0.117837,0,0.065649,0,8.01057,0.622845,12.8613
26,128,additive,medium,MCMC-add,0.117837,0,0.066142,0,8.01057,5.00525,1.60044
26,128,additive,medium,MCMC-comb,0.117837,0,0.0659465,0.0364305,8.01057,2.31533,3.4598
26,128,multiplicative,medium,OLS,0,0.0914174,0.108344,0.0914174,3.21349,3.82543,0.840035
26,128,multiplicative,medium,ISD-1,0,0.0914174,0.0098933,0.0914174,3.21349,3.55305,0.904433
26,128,multiplicative,medium,ISD-3,0,0.0914174,0.0107154,0.0914174,3.21349,3.77936,0.850276
26,128,multiplicative,medium,ElasticNet,0,0.0914174,0.108221,0.0914174,3.21349,3.83583,0.837756
26,128,multiplicative,medium,MCMC-add,0,0.0914174,0.10837,0.0914174,3.21349,4.7041,0.683126
26,128,multiplicative,medium,MCMC-comb,0,0.0914174,0.107853,0.0343163,3.21349,6.00533,0.535107
26,128,combined,medium,OLS,0.117837,0.0914174,0.065809,0.0914174,8.17217,3.71615,2.1991
26,128,combined,medium,ISD-1,0.117837,0.0914174,0.0518674,0.0914174,8.17217,3.687,2.21648
26,128,combined,medium,ISD-3,0.117837,0.0914174,0.0506199,0.0914174,8.17217,3.73295,2.1892
26,128,combined,medium,ElasticNet,0.117837,0.0914174,0.065315,0.0914174,8.17217,3.74564,2.18178
26,128,combined,medium,MCMC-add,0.117837,0.0914174,0.0658343,0.0914174,8.17217,1.36469,5.98831
26,128,combined,medium,MCMC-comb,0.117837,0.0914174,0.0661256,0.0348415,8.17217,2.66572,3.06565
26,128,additive,high,OLS,0.235673,0,0.0503867,0,30.5994,19.5493,1.56524
26,128,additive,high,ISD-1,0.235673,0,0.109292,0,30.5994,4.4218,6.92012
26,128,additive,high,ISD-3,0.235673,0,0.114708,0,30.5994,4.55699,6.71484
26,128,additive,high,ElasticNet,0.235673,0,0.0501776,0,30.5994,19.4511,1.57315
26,128,additive,high,MCMC-add,0.235673,0,0.0503953,0,30.5994,3.51832,8.69717
26,128,additive,high,MCMC-comb,0.235673,0,0.0567266,0.046462,30.5994,1.2835,23.8406
26,128,multiplicative,high,OLS,0,0.182835,0.108739,0.182835,5.71257,7.17282,0.796418
26,128,multiplicative,high,ISD-1,0,0.182835,0.0153524,0.182835,5.71257,6.37084,0.896674
26,128,multiplicative,high,ISD-3,0,0.182835,0.0157981,0.182835,5.71257,6.55015,0.872127
26,128,multiplicative,high,ElasticNet,0,0.182835,0.108617,0.182835,5.71257,7.22548,0.790614
26,128,multiplicative,high,MCMC-add,0,0.182835,0.108766,0.182835,5.71257,1.38091,4.13682
26,128,multiplicative,high,MCMC-comb,0,0.182835,0.107249,0.0744948,5.71257,7.25702,0.787178
26,128,combined,high,OLS,0.235673,0.182835,0.0521328,0.182835,29.2792,14.0571,2.08289
26,128,combined,high,ISD-1,0.235673,0.182835,0.107251,0.182835,29.2792,3.07248,9.52951
26,128,combined,high,ISD-3,0.235673,0.182835,0.106563,0.182835,29.2792,2.0202,14.4932
26,128,combined,high,ElasticNet,0.235673,0.182835,0.0519652,0.182835,29.2792,13.7887,2.12343
26,128,combined,high,MCMC-add,0.235673,0.182835,0.0521431,0.182835,29.2792,3.58135,8.17547
26,128,combined,high,MCMC-comb,0.235673,0.182835,0.0601748,0.0880247,29.2792,2.42851,12.0565
27,32,additive,low,OLS,0.0355293,0,0.0221806,0,0.703734,0.371159,1.89605
27,32,additive,low,ISD-1,0.0355293,0,0.0270315,0,0.703734,0.464905,1.51371
27,32,additive,low,ISD-3,0.0355293,0,0.0269708,0,0.703734,0.454471,1.54847
27,32,additive,low,ElasticNet,0.0355293,0,0.0220657,0,0.703734,0.387976,1.81386
27,32,additive,low,MCMC-add,0.0355293,0,0.022168,0,0.703734,0.35499,1.98241
27,32,additive,low,MCMC-comb,0.0355293,0,0.0222666,0.0133743,0.703734,0.483676,1.45497
27,32,multiplicative,low,OLS,0,0.0355293,0.00790165,0.0355293,0.143778,0.198558,0.724111
27,32,multiplicative,low,ISD-1,0,0.0355293,0,0.0355293,0.143778,0.143778,1
27,32,multiplicative,low,ISD-3,0,0.0355293,0.00427848,0.0355293,0.143778,0.137074,1.04891
27,32,multiplicative,low,ElasticNet,0,0.0355293,0.00457506,0.0355293,0.143778,0.240995,0.5966
27,32,multiplicative,low,MCMC-add,0,0.0355293,0.00790259,0.0355293,0.143778,0.221203,0.649981
27,32,multiplicative,low,MCMC-comb,0,0.0355293,0.00843526,0.0122559,0.143778,0.240293,0.598343
27,32,combined,low,OLS,0.0355293,0.0355293,0.0219373,0.0355293,0.640791,0.237962,2.69283
27,32,combined,low,ISD-1,0.0355293,0.0355293,0.0270347,0.0355293,0.640791,0.235437,2.72171
27,32,combined,low,ISD-3,0.0355293,0.0355293,0.0269632,0.0355293,0.640791,0.337185,1.90041
27,32,combined,low,ElasticNet,0.0355293,0.0355293,0.0218204,0.0355293,0.640791,0.241619,2.65207
27,32,combined,low,MCMC-add,0.0355293,0.0355293,0.0219243,0.0355293,0.640791,0.301068,2.12839
27,32,combined,low,MCMC-comb,0.0355293,0.0355293,0.0223325,0.0122202,0.640791,0.391273,1.63771
27,32,additive,medium,OLS,0.0888233,0,0.0483756,0,4.94059,0.777077,6.35792
27,32,additive,medium,ISD-1,0.0888233,0,0.0523337,0,4.94059,1.32572,3.72673
27,32,additive,medium,ISD-3,0.0888233,0,0.0501369,0,4.94059,1.15422,4.28046
27,32,additive,medium,ElasticNet,0.0888233,0,0.0476385,0,4.94059,0.763949,6.46718
27,32,additive,medium,MCMC-add,0.0888233,0,0.0483604,0,4.94059,0.505559,9.77253
27,32,additive,medium,MCMC-comb,0.0888233,0,0.0484171,0.0152388,4.94059,0.605911,8.15398
27,32,multiplicative,medium,OLS,0,0.0888233,0.00723703,0.0888233,0.297413,0.257894,1.15324
27,32,multiplicative,medium,ISD-1,0,0.0888233,0,0.0888233,0.297413,0.297413,1
27,32,multiplicative,medium,ISD-3,0,0.0888233,0.00419311,0.0888233,0.297413,0.260163,1.14318
27,32,multiplicative,medium,ElasticNet,0,0.0888233,0.00411047,0.0888233,0.297413,0.344361,0.863666
27,32,multiplicative,medium,MCMC-add,0,0.0888233,0.00723701,0.0888233,0.297413,0.258973,1.14843
27,32,multiplicative,medium,MCMC-comb,0,0.0888233,0.00814109,0.00863986,0.297413,0.249632,1.1914
27,32,combined,medium,OLS,0.0888233,0.0888233,0.0480434,0.0888233,4.76607,0.247959,19.2212
27,32,combined,medium,ISD-1,0.0888233,0.0888233,0.0515762,0.0888233,4.76607,0.800335,5.95509
27,32,combined,medium,ISD-3,0.0888233,0.0888233,0.0498463,0.0888233,4.76607,0.684156,6.96635
27,32,combined,medium,ElasticNet,0.0888233,0.0888233,0.0476675,0.0888233,4.76607,0.214846,22.1837
27,32,combined,medium,MCMC-add,0.0888233,0.0888233,0.0480279,0.0888233,4.76607,0.268383,17.7585
27,32,combined,medium,MCMC-comb,0.0888233,0.0888233,0.048387,0.0126878,4.76607,0.610343,7.80884
27,32,additive,high,OLS,0.177647,0,0.0942243,0,21.6309,5.43721,3.97831
27,32,additive,high,ISD-1,0.177647,0,0.0996412,0,21.6309,4.87371,4.43829
27,32,additive,high,ISD-3,0.177647,0,0.104966,0,21.6309,4.61498,4.68711
27,32,additive,high,ElasticNet,0.177647,0,0.0956248,0,21.6309,5.40456,4.00235
27,32,additive,high,MCMC-add,0.177647,0,0.0942079,0,21.6309,1.24845,17.3263
27,32,additive,high,MCMC-comb,0.177647,0,0.0941679,0.0324498,21.6309,1.57619,13.7235
27,32,multiplicative,high,OLS,0,0.177647,0.006336,0.177647,0.204878,0.325418,0.629582
27,32,multiplicative,high,ISD-1,0,0.177647,0,0.177647,0.204878,0.204878,1
27,32,multiplicative,high,ISD-3,0,0.177647,0,0.177647,0.204878,0.204878,1
27,32,multiplicative,high,ElasticNet,0,0.177647,0.00293485,0.177647,0.204878,0.308105,0.664959
27,32,multiplicative,high,MCMC-add,0,0.177647,0.00633402,0.177647,0.204878,0.361574,0.566626
27,32,multiplicative,high,MCMC-comb,0,0.177647,0.00634999,0.0720824,0.204878,0.484281,0.423055
27,32,combined,high,OLS,0.177647,0.177647,0.0938888,0.177647,21.5707,0.476324,45.2858
27,32,combined,high,ISD-1,0.177647,0.177647,0.0993167,0.177647,21.5707,3.09832,6.96206
27,32,combined,high,ISD-3,0.177647,0.177647,0.103996,0.177647,21.5707,2.64509,8.155
27,32,combined,high,ElasticNet,0.177647,0.177647,0.0957918,0.177647,21.5707,0.444489,48.5292
27,32,combined,high,MCMC-add,0.177647,0.177647,0.0938723,0.177647,21.5707,0.963996,22.3763
27,32,combined,high,MCMC-comb,0.177647,0.177647,0.0921808,0.0693905,21.5707,1.19212,18.0944
27,64,additive,low,OLS,0.0359967,0,0.0374209,0,0.725675,0.511165,1.41965
27,64,additive,low,ISD-1,0.0359967,0,0.02122,0,0.725675,0.543214,1.33589
27,64,additive,low,ISD-3,0.0359967,0,0.0222126,0,0.725675,0.529845,1.3696
27,64,additive,low,ElasticNet,0.0359967,0,0.0350681,0,0.725675,0.545257,1.33089
27,64,additive,low,MCMC-add,0.0359967,0,0.0374432,0,0.725675,0.844547,0.859248
27,64,additive,low,MCMC-comb,0.0359967,0,0.0371126,0.106615,0.725675,3.04279,0.23849
27,64,multiplicative,low,OLS,0,0.0359967,0.0196091,0.0359967,0.374424,0.326155,1.14799
27,64,multiplicative,low,ISD-1,0,0.0359967,0.018492,0.0359967,0.374424,0.354853,1.05515
27,64,multiplicative,low,ISD-3,0,0.0359967,0.0184828,0.0359967,0.374424,0.382312,0.979367
27,64,multiplicative,low,ElasticNet,0,0.0359967,0.015813,0.0359967,0.374424,0.335428,1.11626
27,64,multiplicative,low,MCMC-add,0,0.0359967,0.0196293,0.0359967,0.374424,0.235725,1.58839
27,64,multiplicative,low,MCMC-comb,0,0.0359967,0.0193245,0.0881724,0.374424,2.1559,0.173674
27,64,combined,low,OLS,0.0359967,0.0359967,0.0372341,0.0359967,0.457945,0.163834,2.79517
27,64,combined,low,ISD-1,0.0359967,0.0359967,0.0211176,0.0359967,0.457945,0.154912,2.95616
27,64,combined,low,ISD-3,0.0359967,0.0359967,0.0221688,0.0359967,0.457945,0.177373,2.58182
27,64,combined,low,ElasticNet,0.0359967,0.0359967,0.0342331,0.0359967,0.457945,0.160599,2.85149
27,64,combined,low,MCMC-add,0.0359967,0.0359967,0.0372564,0.0359967,0.457945,0.475375,0.963334
27,64,combined,low,MCMC-comb,0.0359967,0.0359967,0.0368844,0.095846,0.457945,2.74886,0.166595
27,64,additive,medium,OLS,0.0899917,0,0.0646951,0,3.98883,1.7578,2.26922
27,64,additive,medium,ISD-1,0.0899917,0,0.0467843,0,3.98883,1.92856,2.06829
27,64,additive,medium,ISD-3,0.0899917,0,0.0510843,0,3.98883,1.84825,2.15816
27,64,additive,medium,ElasticNet,0.0899917,0,0.0622691,0,3.98883,1.77749,2.24408
27,64,additive,medium,MCMC-add,0.0899917,0,0.0647184,0,3.98883,1.39606,2.85721
27,64,additive,medium,MCMC-comb,0.0899917,0,0.0643912,0.107368,3.98883,3.64017,1.09578
27,64,multiplicative,medium,OLS,0,0.0899917,0.0192484,0.0899917,0.765373,0.682609,1.12125
27,64,multiplicative,medium,ISD-1,0,0.0899917,0.0187922,0.0899917,0.765373,0.720447,1.06236
27,64,multiplicative,medium,ISD-3,0,0.0899917,0.0184216,0.0899917,0.765373,0.774973,0.987612
27,64,multiplicative,medium,ElasticNet,0,0.0899917,0.0161821,0.0899917,0.765373,0.686945,1.11417
27,64,multiplicative,medium,MCMC-add,0,0.0899917,0.0192686,0.0899917,0.765373,0.34081,2.24574
27,64,multiplicative,medium,MCMC-comb,0,0.0899917,0.0190784,0.0703832,0.765373,1.73266,0.441733
27,64,combined,medium,OLS,0.0899917,0.0899917,0.064516,0.0899917,3.45178,0.317156,10.8836
27,64,combined,medium,ISD-1,0.0899917,0.0899917,0.0432621,0.0899917,3.45178,0.44227,7.80469
27,64,combined,medium,ISD-3,0.0899917,0.0899917,0.0494472,0.0899917,3.45178,0.379707,9.09065
27,64,combined,medium,ElasticNet,0.0899917,0.0899917,0.0607022,0.0899917,3.45178,0.265172,13.0171
27,64,combined,medium,MCMC-add,0.0899917,0.0899917,0.0645391,0.0899917,3.45178,0.640427,5.38981
27,64,combined,medium,MCMC-comb,0.0899917,0.0899917,0.0634195,0.0806655,3.45178,2.94761,1.17104
27,64,additive,high,OLS,0.179983,0,0.111537,0,15.385,13.6697,1.12549
27,64,additive,high,ISD-1,0.179983,0,0.101619,0,15.385,6.00956,2.56009
27,64,additive,high,ISD-3,0.179983,0,0.0982394,0,15.385,5.69956,2.69933
27,64,additive,high,ElasticNet,0.179983,0,0.110576,0,15.385,13.5574,1.1348
27,64,additive,high,MCMC-add,0.179983,0,0.111561,0,15.385,2.83659,5.42377
27,64,additive,high,MCMC-comb,0.179983,0,0.11103,0.106999,15.385,5.22598,2.94395
27,64,multiplicative,high,OLS,0,0.179983,0.0190893,0.179983,1.07497,0.990217,1.08559
27,64,multiplicative,high,ISD-1,0,0.179983,0,0.179983,1.07497,1.07497,1
27,64,multiplicative,high,ISD-3,0,0.179983,0.0183173,0.179983,1.07497,1.10209,0.97539
27,64,multiplicative,high,ElasticNet,0,0.179983,0.0122592,0.179983,1.07497,1.04043,1.0332
27,64,multiplicative,high,MCMC-add,0,0.179983,0.0191093,0.179983,1.07497,0.673123,1.59699
27,64,multiplicative,high,MCMC-comb,0,0.179983,0.0186807,0.0599908,1.07497,0.771872,1.39268
27,64,combined,high,OLS,0.179983,0.179983,0.11179,0.179983,14.9531,0.447636,33.4047
27,64,combined,high,ISD-1,0.179983,0.179983,0.102242,0.179983,14.9531,2.02183,7.39585
27,64,combined,high,ISD-3,0.179983,0.179983,0.0986825,0.179983,14.9531,1.83567,8.14588
27,64,combined,high,ElasticNet,0.179983,0.179983,0.108027,0.179983,14.9531,0.447738,33.397
27,64,combined,high,MCMC-add,0.179983,0.179983,0.111814,0.179983,14.9531,1.54199,9.69731
27,64,combined,high,MCMC-comb,0.179983,0.179983,0.108106,0.0785255,14.9531,3.21014,4.6581
27,128,additive,low,OLS,0.0365027,0,0.117893,0,0.927011,0.759041,1.22129
27,128,additive,low,ISD-1,0.0365027,0,0.0230514,0,0.927011,0.72154,1.28477
27,128,additive,low,ISD-3,0.0365027,0,0.0244454,0,0.927011,0.702906,1.31883
27,128,additive,low,ElasticNet,0.0365027,0,0.117765,0,0.927011,0.755742,1.22662
27,128,additive,low,MCMC-add,0.0365027,0,0.117917,0,0.927011,4.05387,0.228673
27,128,additive,low,MCMC-comb,0.0365027,0,0.118143,0.0196232,0.927011,4.80938,0.19275
27,128,multiplicative,low,OLS,0,0.0365027,0.100664,0.0365027,0.466081,0.493518,0.944406
27,128,multiplicative,low,ISD-1,0,0.0365027,0,0.0365027,0.466081,0.466081,1
27,128,multiplicative,low,ISD-3,0,0.0365027,0.00447881,0.0365027,0.466081,0.486099,0.958819
27,128,multiplicative,low,ElasticNet,0,0.0365027,0.100553,0.0365027,0.466081,0.505811,0.921453
27,128,multiplicative,low,MCMC-add,0,0.0365027,0.100689,0.0365027,0.466081,2.89024,0.16126
27,128,multiplicative,low,MCMC-comb,0,0.0365027,0.102989,0.0213404,0.466081,3.91871,0.118937
27,128,combined,low,OLS,0.0365027,0.0365027,0.118554,0.0365027,0.491773,0.201049,2.44604
27,128,combined,low,ISD-1,0.0365027,0.0365027,0.0226745,0.0365027,0.491773,0.140249,3.50643
27,128,combined,low,ISD-3,0.0365027,0.0365027,0.0216531,0.0365027,0.491773,0.104188,4.72004
27,128,combined,low,ElasticNet,0.0365027,0.0365027,0.118404,0.0365027,0.491773,0.194423,2.5294
27,128,combined,low,MCMC-add,0.0365027,0.0365027,0.118579,0.0365027,0.491773,3.4773,0.141424
27,128,combined,low,MCMC-comb,0.0365027,0.0365027,0.118943,0.0201938,0.491773,4.66427,0.105434
27,128,additive,medium,OLS,0.0912567,0,0.145115,0,3.31483,2.44522,1.35564
27,128,additive,medium,ISD-1,0.0912567,0,0.0522315,0,3.31483,2.56003,1.29484
27,128,additive,medium,ISD-3,0.0912567,0,0.0521792,0,3.31483,2.36556,1.40129
27,128,additive,medium,ElasticNet,0.0912567,0,0.144743,0,3.31483,2.434,1.36188
27,128,additive,medium,MCMC-add,0.0912567,0,0.14514,0,3.31483,5.1346,0.645586
27,128,additive,medium,MCMC-comb,0.0912567,0,0.145368,0.025513,3.31483,6.04387,0.548461
27,128,multiplicative,medium,OLS,0,0.0912567,0.102179,0.0912567,1.0962,1.2595,0.870342
27,128,multiplicative,medium,ISD-1,0,0.0912567,0,0.0912567,1.0962,1.0962,1
27,128,multiplicative,medium,ISD-3,0,0.0912567,0.00449707,0.0912567,1.0962,1.23282,0.889177
27,128,multiplicative,medium,ElasticNet,0,0.0912567,0.100235,0.0912567,1.0962,1.2868,0.85188
27,128,multiplicative,medium,MCMC-add,0,0.0912567,0.102204,0.0912567,1.0962,2.06,0.532133
27,128,multiplicative,medium,MCMC-comb,0,0.0912567,0.104509,0.0263957,1.0962,3.56568,0.30743
27,128,combined,medium,OLS,0.0912567,0.0912567,0.14698,0.0912567,2.94144,0.120569,24.3962
27,128,combined,medium,ISD-1,0.0912567,0.0912567,0.0505045,0.0912567,2.94144,0.58707,5.01037
27,128,combined,medium,ISD-3,0.0912567,0.0912567,0.0515738,0.0912567,2.94144,0.333593,8.81744
27,128,combined,medium,ElasticNet,0.0912567,0.0912567,0.146541,0.0912567,2.94144,0.124313,23.6616
27,128,combined,medium,MCMC-add,0.0912567,0.0912567,0.147005,0.0912567,2.94144,3.66893,0.801716
27,128,combined,medium,MCMC-comb,0.0912567,0.0912567,0.147231,0.0202742,2.94144,5.65844,0.519832
27,128,additive,high,OLS,0.182513,0,0.190562,0,11.0713,11.8935,0.930875
27,128,additive,high,ISD-1,0.182513,0,0.102572,0,11.0713,6.59277,1.67931
27,128,additive,high,ISD-3,0.182513,0,0.106925,0,11.0713,6.53371,1.69449
27,128,additive,high,ElasticNet,0.182513,0,0.189784,0,11.0713,11.8547,0.933915
27,128,additive,high,MCMC-add,0.182513,0,0.190588,0,11.0713,7.42885,1.49031
27,128,additive,high,MCMC-comb,0.182513,0,0.187979,0.0422373,11.0713,8.67677,1.27597
27,128,multiplicative,high,OLS,0,0.182513,0.105821,0.182513,1.85879,2.46786,0.753199
27,128,multiplicative,high,ISD-1,0,0.182513,0.0149457,0.182513,1.85879,2.24217,0.829013
27,128,multiplicative,high,ISD-3,0,0.182513,0.0121854,0.182513,1.85879,2.25289,0.82507
27,128,multiplicative,high,ElasticNet,0,0.182513,0.105702,0.182513,1.85879,2.46492,0.754097
27,128,multiplicative,high,MCMC-add,0,0.182513,0.105845,0.182513,1.85879,1.05933,1.75468
27,128,multiplicative,high,MCMC-comb,0,0.182513,0.107948,0.0709053,1.85879,1.48553,1.25127
27,128,combined,high,OLS,0.182513,0.182513,0.195591,0.182513,12.6463,0.474148,26.6717
27,128,combined,high,ISD-1,0.182513,0.182513,0.104663,0.182513,12.6463,2.05699,6.14798
27,128,combined,high,ISD-3,0.182513,0.182513,0.104226,0.182513,12.6463,1.69233,7.47272
27,128,combined,high,ElasticNet,0.182513,0.182513,0.194644,0.182513,12.6463,0.478511,26.4285
27,128,combined,high,MCMC-add,0.182513,0.182513,0.195616,0.182513,12.6463,4.7196,2.67953
27,128,combined,high,MCMC-comb,0.182513,0.182513,0.194185,0.0658694,12.6463,5.75325,2.19812
28,32,additive,low,OLS,0.0459605,0,0.0236112,0,0.471221,0.111648,4.22061
28,32,additive,low,ISD-1,0.0459605,0,0.0227852,0,0.471221,0.138317,3.40683
28,32,additive,low,ISD-3,0.0459605,0,0.0261815,0,0.471221,0.137693,3.42225
28,32,additive,low,ElasticNet,0.0459605,0,0.0219335,0,0.471221,0.112352,4.19415
28,32,additive,low,MCMC-add,0.0459605,0,0.0235934,0,0.471221,0.139141,3.38664
28,32,additive,low,MCMC-comb,0.0459605,0,0.0236904,0.0516463,0.471221,0.142994,3.29538
28,32,multiplicative,low,OLS,0,0.0352156,0.00718622,0.0352156,0.088987,0.0829819,1.07237
28,32,multiplicative,low,ISD-1,0,0.0352156,0,0.0352156,0.088987,0.088987,1
28,32,multiplicative,low,ISD-3,0,0.0352156,0,0.0352156,0.088987,0.088987,1
28,32,multiplicative,low,ElasticNet,0,0.0352156,0.00254513,0.0352156,0.088987,0.0950106,0.9366
28,32,multiplicative,low,MCMC-add,0,0.0352156,0.00716886,0.0352156,0.088987,0.113801,0.781954
28,32,multiplicative,low,MCMC-comb,0,0.0352156,0.00702279,0.0522719,0.088987,0.168837,0.527059
28,32,combined,low,OLS,0.0459605,0.0352156,0.023706,0.0352156,0.542745,0.163655,3.3164
28,32,combined,low,ISD-1,0.0459605,0.0352156,0.0228165,0.0352156,0.542745,0.236379,2.29608
28,32,combined,low,ISD-3,0.0459605,0.0352156,0.0261527,0.0352156,0.542745,0.243758,2.22657
28,32,combined,low,ElasticNet,0.0459605,0.0352156,0.0220313,0.0352156,0.542745,0.190226,2.85316
28,32,combined,low,MCMC-add,0.0459605,0.0352156,0.0236881,0.0352156,0.542745,0.213999,2.53621
28,32,combined,low,MCMC-comb,0.0459605,0.0352156,0.0235291,0.0490412,0.542745,0.112499,4.82447
28,32,additive,medium,OLS,0.114901,0,0.0502692,0,2.72325,0.338312,8.04954
28,32,additive,medium,ISD-1,0.114901,0,0.0520712,0,2.72325,0.538227,5.05968
28,32,additive,medium,ISD-3,0.114901,0,0.0519766,0,2.72325,0.470739,5.78505
28,32,additive,medium,ElasticNet,0.114901,0,0.0476296,0,2.72325,0.351947,7.73768
28,32,additive,medium,MCMC-add,0.114901,0,0.0502518,0,2.72325,0.23597,11.5407
28,32,additive,medium,MCMC-comb,0.114901,0,0.0503045,0.0443509,2.72325,0.128707,21.1585
28,32,multiplicative,medium,OLS,0,0.0880391,0.00762453,0.0880391,0.210728,0.227326,0.926986
28,32,multiplicative,medium,ISD-1,0,0.0880391,0,0.0880391,0.210728,0.210728,1
28,32,multiplicative,medium,ISD-3,0,0.0880391,0,0.0880391,0.210728,0.210728,1
28,32,multiplicative,medium,ElasticNet,0,0.0880391,0.00345876,0.0880391,0.210728,0.225871,0.932957
28,32,multiplicative,medium,MCMC-add,0,0.0880391,0.00760778,0.0880391,0.210728,0.251958,0.836361
28,32,multiplicative,medium,MCMC-comb,0,0.0880391,0.00723152,0.0455391,0.210728,0.14191,1.48494
28,32,combined,medium,OLS,0.114901,0.0880391,0.0504141,0.0880391,2.91181,0.488409,5.96183
28,32,combined,medium,ISD-1,0.114901,0.0880391,0.0521452,0.0880391,2.91181,0.688696,4.22801
28,32,combined,medium,ISD-3,0.114901,0.0880391,0.0519425,0.0880391,2.91181,0.608778,4.78305
28,32,combined,medium,ElasticNet,0.114901,0.0880391,0.0475314,0.0880391,2.91181,0.521185,5.58691
28,32,combined,medium,MCMC-add,0.114901,0.0880391,0.0503963,0.0880391,2.91181,0.431878,6.74222
28,32,combined,medium,MCMC-comb,0.114901,0.0880391,0.0502998,0.0376905,2.91181,0.129616,22.4649
28,32,additive,high,OLS,0.229802,0,0.0949828,0,10.8528,1.15915,9.36273
28,32,additive,high,ISD-1,0.229802,0,0.0994904,0,10.8528,1.80557,6.01073
28,32,additive,high,ISD-3,0.229802,0,0.0943891,0,10.8528,1.6386,6.62324
28,32,additive,high,ElasticNet,0.229802,0,0.0953488,0,10.8528,1.13615,9.55226
28,32,additive,high,MCMC-add,0.229802,0,0.0949653,0,10.8528,0.40602,26.7297
28,32,additive,high,MCMC-comb,0.229802,0,0.0949902,0.025823,10.8528,0.342012,31.7323
28,32,multiplicative,high,OLS,0,0.176078,0.00845431,0.176078,0.483517,0.488031,0.99075
28,32,multiplicative,high,ISD-1,0,0.176078,0,0.176078,0.483517,0.483517,1
28,32,multiplicative,high,ISD-3,0,0.176078,0,0.176078,0.483517,0.483517,1
28,32,multiplicative,high,ElasticNet,0,0.176078,0.00442998,0.176078,0.483517,0.508942,0.950044
28,32,multiplicative,high,MCMC-add,0,0.176078,0.00843853,0.176078,0.483517,0.529712,0.912792
28,32,multiplicative,high,MCMC-comb,0,0.176078,0.0067388,0.0570002,0.483517,0.197731,2.44532
28,32,combined,high,OLS,0.229802,0.176078,0.0951779,0.176078,11.3269,1.265,8.95411
28,32,combined,high,ISD-1,0.229802,0.176078,0.101369,0.176078,11.3269,2.1015,5.38994
28,32,combined,high,ISD-3,0.229802,0.176078,0.0926722,0.176078,11.3269,1.83423,6.17531
28,32,combined,high,ElasticNet,0.229802,0.176078,0.0949652,0.176078,11.3269,1.30819,8.6585
28,32,combined,high,MCMC-add,0.229802,0.176078,0.0951595,0.176078,11.3269,0.980789,11.5488
28,32,combined,high,MCMC-comb,0.229802,0.176078,0.0936011,0.026974,11.3269,0.375631,30.1544
28,64,additive,low,OLS,0.0462388,0,0.0453205,0,1.14882,0.587864,1.95423
28,64,additive,low,ISD-1,0.0462388,0,0.0237492,0,1.14882,0.666178,1.7245
28,64,additive,low,ISD-3,0.0462388,0,0.0285153,0,1.14882,0.737859,1.55697
28,64,additive,low,ElasticNet,0.0462388,0,0.0451442,0,1.14882,0.579983,1.98079
28,64,additive,low,MCMC-add,0.0462388,0,0.0453442,0,1.14882,1.10995,1.03502
28,64,additive,low,MCMC-comb,0.0462388,0,0.0451772,0.0561019,1.14882,0.317993,3.61273
28,64,multiplicative,low,OLS,0,0.0360713,0.0271729,0.0360713,0.502189,0.455231,1.10315
28,64,multiplicative,low,ISD-1,0,0.0360713,0,0.0360713,0.502189,0.502189,1
28,64,multiplicative,low,ISD-3,0,0.0360713,0,0.0360713,0.502189,0.502189,1
28,64,multiplicative,low,ElasticNet,0,0.0360713,0.0187893,0.0360713,0.502189,0.476271,1.05442
28,64,multiplicative,low,MCMC-add,0,0.0360713,0.0271964,0.0360713,0.502189,1.16333,0.43168
28,64,multiplicative,low,MCMC-comb,0,0.0360713,0.0268633,0.0384827,0.502189,0.2913,1.72396
28,64,combined,low,OLS,0.0462388,0.0360713,0.0456014,0.0360713,1.60456,0.979555,1.63805
28,64,combined,low,ISD-1,0.0462388,0.0360713,0.0237588,0.0360713,1.60456,1.11662,1.43698
28,64,combined,low,ISD-3,0.0462388,0.0360713,0.028488,0.0360713,1.60456,1.17675,1.36355
28,64,combined,low,ElasticNet,0.0462388,0.0360713,0.0454241,0.0360713,1.60456,1.01513,1.58064
28,64,combined,low,MCMC-add,0.0462388,0.0360713,0.0456252,0.0360713,1.60456,1.63758,0.979835
28,64,combined,low,MCMC-comb,0.0462388,0.0360713,0.0452523,0.0573292,1.60456,0.285319,5.62374
28,64,additive,medium,OLS,0.115597,0,0.0728895,0,5.81085,2.09232,2.77722
28,64,additive,medium,ISD-1,0.115597,0,0.0553596,0,5.81085,2.37653,2.4451
28,64,additive,medium,ISD-3,0.115597,0,0.0584906,0,5.81085,2.44352,2.37806
28,64,additive,medium,ElasticNet,0.115597,0,0.0724438,0,5.81085,2.09426,2.77466
28,64,additive,medium,MCMC-add,0.115597,0,0.0729134,0,5.81085,1.83046,3.17452
28,64,additive,medium,MCMC-comb,0.115597,0,0.0727496,0.054669,5.81085,0.531575,10.9314
28,64,multiplicative,medium,OLS,0,0.0901784,0.0276194,0.0901784,1.34693,1.29668,1.03875
28,64,multiplicative,medium,ISD-1,0,0.0901784,0,0.0901784,1.34693,1.34693,1
28,64,multiplicative,medium,ISD-3,0,0.0901784,0,0.0901784,1.34693,1.34693,1
28,64,multiplicative,medium,ElasticNet,0,0.0901784,0.019618,0.0901784,1.34693,1.30505,1.03209
28,64,multiplicative,medium,MCMC-add,0,0.0901784,0.027643,0.0901784,1.34693,2.03131,0.663083
28,64,multiplicative,medium,MCMC-comb,0,0.0901784,0.0265781,0.0436928,1.34693,0.455959,2.95406
28,64,combined,medium,OLS,0.115597,0.0901784,0.0736035,0.0901784,7.08978,3.0575,2.31881
28,64,combined,medium,ISD-1,0.115597,0.0901784,0.055365,0.0901784,7.08978,3.48001,2.03729
28,64,combined,medium,ISD-3,0.115597,0.0901784,0.0583324,0.0901784,7.08978,3.52318,2.01233
28,64,combined,medium,ElasticNet,0.115597,0.0901784,0.073155,0.0901784,7.08978,3.03,2.33986
28,64,combined,medium,MCMC-add,0.115597,0.0901784,0.0736278,0.0901784,7.08978,3.30329,2.14628
28,64,combined,medium,MCMC-comb,0.115597,0.0901784,0.0738278,0.0794697,7.08978,0.262616,26.9968
28,64,additive,high,OLS,0.231194,0,0.118703,0,22.0273,6.66334,3.30575
28,64,additive,high,ISD-1,0.231194,0,0.104661,0,22.0273,7.57961,2.90613
28,64,additive,high,ISD-3,0.231194,0,0.108275,0,22.0273,7.394,2.97908
28,64,additive,high,ElasticNet,0.231194,0,0.117791,0,22.0273,6.61103,3.33191
28,64,additive,high,MCMC-add,0.231194,0,0.118727,0,22.0273,3.28654,6.70228
28,64,additive,high,MCMC-comb,0.231194,0,0.118594,0.0505376,22.0273,2.05275,10.7307
28,64,multiplicative,high,OLS,0,0.180357,0.0284226,0.180357,3.03311,2.97885,1.01821
28,64,multiplicative,high,ISD-1,0,0.180357,0,0.180357,3.03311,3.03311,1
28,64,multiplicative,high,ISD-3,0,0.180357,0,0.180357,3.03311,3.03311,1
28,64,multiplicative,high,ElasticNet,0,0.180357,0.0200831,0.180357,3.03311,3.05264,0.993602
28,64,multiplicative,high,MCMC-add,0,0.180357,0.0284464,0.180357,3.03311,3.86323,0.785123
28,64,multiplicative,high,MCMC-comb,0,0.180357,0.028214,0.102772,3.03311,1.53171,1.98021
28,64,combined,high,OLS,0.231194,0.180357,0.120182,0.180357,24.9253,7.7116,3.23219
28,64,combined,high,ISD-1,0.231194,0.180357,0.104681,0.180357,24.9253,9.60933,2.59387
28,64,combined,high,ISD-3,0.231194,0.180357,0.103485,0.180357,24.9253,9.14838,2.72456
28,64,combined,high,ElasticNet,0.231194,0.180357,0.119262,0.180357,24.9253,7.68439,3.24363
28,64,combined,high,MCMC-add,0.231194,0.180357,0.120207,0.180357,24.9253,6.68677,3.72756
28,64,combined,high,MCMC-comb,0.231194,0.180357,0.119615,0.126263,24.9253,0.355449,70.1234
28,128,additive,low,OLS,0.0462295,0,0.120718,0,1.37282,1.10906,1.23782
28,128,additive,low,ISD-1,0.0462295,0,0.0252518,0,1.37282,0.944479,1.45352
28,128,additive,low,ISD-3,0.0462295,0,0.0256031,0,1.37282,1.01431,1.35344
28,128,additive,low,ElasticNet,0.0462295,0,0.120509,0,1.37282,1.11904,1.22678
28,128,additive,low,MCMC-add,0.0462295,0,0.120743,0,1.37282,5.60421,0.244962
28,128,additive,low,MCMC-comb,0.0462295,0,0.12149,0.0276614,1.37282,4.56237,0.3009
28,128,multiplicative,low,OLS,0,0.036567,0.101912,0.036567,0.914261,0.893379,1.02338
28,128,multiplicative,low,ISD-1,0,0.036567,0,0.036567,0.914261,0.914261,1
28,128,multiplicative,low,ISD-3,0,0.036567,0.00594398,0.036567,0.914261,0.757721,1.20659
28,128,multiplicative,low,ElasticNet,0,0.036567,0.0999512,0.036567,0.914261,0.858796,1.06459
28,128,multiplicative,low,MCMC-add,0,0.036567,0.101936,0.036567,0.914261,5.59566,0.163388
28,128,multiplicative,low,MCMC-comb,0,0.036567,0.104094,0.0273226,0.914261,3.44058,0.265729
28,128,combined,low,OLS,0.0462295,0.036567,0.121095,0.036567,2.29533,1.98048,1.15897
28,128,combined,low,ISD-1,0.0462295,0.036567,0.02535,0.036567,2.29533,1.75605,1.3071
28,128,combined,low,ISD-3,0.0462295,0.036567,0.0259402,0.036567,2.29533,1.85798,1.23539
28,128,combined,low,ElasticNet,0.0462295,0.036567,0.120902,0.036567,2.29533,1.94528,1.17995
28,128,combined,low,MCMC-add,0.0462295,0.036567,0.12112,0.036567,2.29533,6.58114,0.348773
28,128,combined,low,MCMC-comb,0.0462295,0.036567,0.121112,0.0254918,2.29533,4.54179,0.505379
28,128,additive,medium,OLS,0.115574,0,0.149649,0,5.61655,3.54319,1.58517
28,128,additive,medium,ISD-1,0.115574,0,0.0606036,0,5.61655,3.52513,1.59329
28,128,additive,medium,ISD-3,0.115574,0,0.0615637,0,5.61655,3.49638,1.60639
28,128,additive,medium,ElasticNet,0.115574,0,0.149188,0,5.61655,3.55722,1.57891
28,128,additive,medium,MCMC-add,0.115574,0,0.149674,0,5.61655,7.04877,0.796812
28,128,additive,medium,MCMC-comb,0.115574,0,0.150409,0.0300719,5.61655,6.37443,0.881105
28,128,multiplicative,medium,OLS,0,0.0914174,0.102974,0.0914174,2.3602,2.13476,1.1056
28,128,multiplicative,medium,ISD-1,0,0.0914174,0.00854772,0.0914174,2.3602,2.10828,1.11949
28,128,multiplicative,medium,ISD-3,0,0.0914174,0.00857767,0.0914174,2.3602,2.18357,1.08089
28,128,multiplicative,medium,ElasticNet,0,0.0914174,0.102859,0.0914174,2.3602,2.12753,1.10936
28,128,multiplicative,medium,MCMC-add,0,0.0914174,0.102999,0.0914174,2.3602,7.15938,0.329665
28,128,multiplicative,medium,MCMC-comb,0,0.0914174,0.101569,0.025782,2.3602,3.49766,0.674795
28,128,combined,medium,OLS,0.115574,0.0914174,0.150766,0.0914174,7.98797,5.16475,1.54663
28,128,combined,medium,ISD-1,0.115574,0.0914174,0.063383,0.0914174,7.98797,5.36608,1.4886
28,128,combined,medium,ISD-3,0.115574,0.0914174,0.0622504,0.0914174,7.98797,5.47775,1.45826
28,128,combined,medium,ElasticNet,0.115574,0.0914174,0.150313,0.0914174,7.98797,5.17592,1.5433
28,128,combined,medium,MCMC-add,0.115574,0.0914174,0.150792,0.0914174,7.98797,9.53029,0.838166
28,128,combined,medium,MCMC-comb,0.115574,0.0914174,0.150293,0.0284907,7.98797,6.34281,1.25937
28,128,additive,high,OLS,0.231147,0,0.197592,0,18.1444,13.0056,1.39513
28,128,additive,high,ISD-1,0.231147,0,0.116552,0,18.1444,9.98744,1.81672
28,128,additive,high,ISD-3,0.231147,0,0.119001,0,18.1444,9.56399,1.89716
28,128,additive,high,ElasticNet,0.231147,0,0.196704,0,18.1444,13.0077,1.3949
28,128,additive,high,MCMC-add,0.231147,0,0.197618,0,18.1444,9.91835,1.82938
28,128,additive,high,MCMC-comb,0.231147,0,0.194766,0.045192,18.1444,9.94279,1.82488
28,128,multiplicative,high,OLS,0,0.182835,0.105972,0.182835,5.16448,4.3903,1.17634
28,128,multiplicative,high,ISD-1,0,0.182835,0.0141746,0.182835,5.16448,4.68424,1.10252
28,128,multiplicative,high,ISD-3,0,0.182835,0.0140253,0.182835,5.16448,4.72653,1.09266
28,128,multiplicative,high,ElasticNet,0,0.182835,0.105853,0.182835,5.16448,4.39537,1.17498
28,128,multiplicative,high,MCMC-add,0,0.182835,0.105995,0.182835,5.16448,10.0319,0.514807
28,128,multiplicative,high,MCMC-comb,0,0.182835,0.102822,0.0894712,5.16448,1.13089,4.56673
28,128,combined,high,OLS,0.231147,0.182835,0.200411,0.182835,24.1844,12.399,1.95051
28,128,combined,high,ISD-1,0.231147,0.182835,0.111918,0.182835,24.1844,13.5492,1.78493
28,128,combined,high,ISD-3,0.231147,0.182835,0.113802,0.182835,24.1844,13.1787,1.83512
28,128,combined,high,ElasticNet,0.231147,0.182835,0.19949,0.182835,24.1844,12.3939,1.95132
28,128,combined,high,MCMC-add,0.231147,0.182835,0.200438,0.182835,24.1844,15.2864,1.58209
28,128,combined,high,MCMC-comb,0.231147,0.182835,0.198376,0.0874777,24.1844,6.7551,3.58017
29,32,additive,low,OLS,0.0355293,0,0.0148522,0,0.380165,0.0838697,4.53281
29,32,additive,low,ISD-1,0.0355293,0,0.0326873,0,0.380165,0.0687755,5.52763
29,32,additive,low,ISD-3,0.0355293,0,0.0311534,0,0.380165,0.1148,3.31155
29,32,additive,low,ElasticNet,0.0355293,0,0.0217648,0,0.380165,0.090752,4.18906
29,32,additive,low,MCMC-add,0.0355293,0,0.0148643,0,0.380165,0.0938805,4.04946
29,32,additive,low,MCMC-comb,0.0355293,0,0.0149507,0.00747355,0.380165,0.0995457,3.819
29,32,multiplicative,low,OLS,0,0.0448153,0.00704462,0.0448153,0.10114,0.140188,0.721462
29,32,multiplicative,low,ISD-1,0,0.0448153,0,0.0448153,0.10114,0.10114,1
29,32,multiplicative,low,ISD-3,0,0.0448153,0,0.0448153,0.10114,0.10114,1
29,32,multiplicative,low,ElasticNet,0,0.0448153,0,0.0448153,0.10114,0.10114,1
29,32,multiplicative,low,MCMC-add,0,0.0448153,0.00702872,0.0448153,0.10114,0.153659,0.658211
29,32,multiplicative,low,MCMC-comb,0,0.0448153,0.00705424,0.011832,0.10114,0.0964814,1.04829
29,32,combined,low,OLS,0.0355293,0.0448153,0.0148587,0.0448153,0.47421,0.0779595,6.08277
29,32,combined,low,ISD-1,0.0355293,0.0448153,0.0326959,0.0448153,0.47421,0.151403,3.1321
29,32,combined,low,ISD-3,0.0355293,0.0448153,0.0312131,0.0448153,0.47421,0.097311,4.87314
29,32,combined,low,ElasticNet,0.0355293,0.0448153,0.0218228,0.0448153,0.47421,0.103631,4.57597
29,32,combined,low,MCMC-add,0.0355293,0.0448153,0.0148705,0.0448153,0.47421,0.100829,4.70312
29,32,combined,low,MCMC-comb,0.0355293,0.0448153,0.0151209,0.0101182,0.47421,0.0949542,4.99409
29,32,additive,medium,OLS,0.0888233,0,0.0405442,0,2.41149,0.131848,18.2899
29,32,additive,medium,ISD-1,0.0888233,0,0.0543499,0,2.41149,0.26503,9.09893
29,32,additive,medium,ISD-3,0.0888233,0,0.0552451,0,2.41149,0.189172,12.7476
29,32,additive,medium,ElasticNet,0.0888233,0,0.0493789,0,2.41149,0.107551,22.4219
29,32,additive,medium,MCMC-add,0.0888233,0,0.0405587,0,2.41149,0.167369,14.4083
29,32,additive,medium,MCMC-comb,0.0888233,0,0.0404635,0.00489554,2.41149,0.159504,15.1187
29,32,multiplicative,medium,OLS,0,0.112038,0.00743253,0.112038,0.278039,0.275412,1.00954
29,32,multiplicative,medium,ISD-1,0,0.112038,0,0.112038,0.278039,0.278039,1
29,32,multiplicative,medium,ISD-3,0,0.112038,0,0.112038,0.278039,0.278039,1
29,32,multiplicative,medium,ElasticNet,0,0.112038,0,0.112038,0.278039,0.278039,1
29,32,multiplicative,medium,MCMC-add,0,0.112038,0.00741619,0.112038,0.278039,0.292114,0.951815
29,32,multiplicative,medium,MCMC-comb,0,0.112038,0.00724815,0.0164178,0.278039,0.0768794,3.61655
29,32,combined,medium,OLS,0.0888233,0.112038,0.0404364,0.112038,2.63556,1.23845,2.12812
29,32,combined,medium,ISD-1,0.0888233,0.112038,0.0553646,0.112038,2.63556,0.556852,4.73296
29,32,combined,medium,ISD-3,0.0888233,0.112038,0.0553953,0.112038,2.63556,0.491403,5.36333
29,32,combined,medium,ElasticNet,0.0888233,0.112038,0.0493869,0.112038,2.63556,1.25728,2.09624
29,32,combined,medium,MCMC-add,0.0888233,0.112038,0.040451,0.112038,2.63556,0.13744,19.1761
29,32,combined,medium,MCMC-comb,0.0888233,0.112038,0.0399863,0.0128939,2.63556,0.157313,16.7536
29,32,additive,high,OLS,0.177647,0,0.0839878,0,8.97709,0.386987,23.1974
29,32,additive,high,ISD-1,0.177647,0,0.102618,0,8.97709,1.11038,8.08468
29,32,additive,high,ISD-3,0.177647,0,0.10575,0,8.97709,0.951924,9.43047
29,32,additive,high,ElasticNet,0.177647,0,0.0953648,0,8.97709,0.408253,21.989
29,32,additive,high,MCMC-add,0.177647,0,0.0840023,0,8.97709,0.0878006,102.244
29,32,additive,high,MCMC-comb,0.177647,0,0.0850388,0.0537787,8.97709,0.122398,73.3435
29,32,multiplicative,high,OLS,0,0.224076,0.00817869,0.224076,0.63019,0.662794,0.950809
29,32,multiplicative,high,ISD-1,0,0.224076,0,0.224076,0.63019,0.63019,1
29,32,multiplicative,high,ISD-3,0,0.224076,0,0.224076,0.63019,0.63019,1
29,32,multiplicative,high,ElasticNet,0,0.224076,0,0.224076,0.63019,0.63019,1
29,32,multiplicative,high,MCMC-add,0,0.224076,0.00816175,0.224076,0.63019,0.682108,0.923886
29,32,multiplicative,high,MCMC-comb,0,0.224076,0.00788614,0.0261928,0.63019,0.0500331,12.5955
29,32,combined,high,OLS,0.177647,0.224076,0.083809,0.224076,9.36559,1.13772,8.23192
29,32,combined,high,ISD-1,0.177647,0.224076,0.10334,0.224076,9.36559,1.80934,5.17624
29,32,combined,high,ISD-3,0.177647,0.224076,0.105838,0.224076,9.36559,1.67714,5.58425
29,32,combined,high,ElasticNet,0.177647,0.224076,0.0953608,0.224076,9.36559,1.08778,8.60978
29,32,combined,high,MCMC-add,0.177647,0.224076,0.083824,0.224076,9.36559,0.490063,19.111
29,32,combined,high,MCMC-comb,0.177647,0.224076,0.0829114,0.0320304,9.36559,0.110959,84.4061
29,64,additive,low,OLS,0.0359967,0,0.00907928,0,0.203095,0.259753,0.781877
29,64,additive,low,ISD-1,0.0359967,0,0.0288828,0,0.203095,0.201033,1.01026
29,64,additive,low,ISD-3,0.0359967,0,0.0287103,0,0.203095,0.263164,0.771743
29,64,additive,low,ElasticNet,0.0359967,0,0.00799563,0,0.203095,0.252687,0.80374
29,64,additive,low,MCMC-add,0.0359967,0,0.00909762,0,0.203095,0.219918,0.923502
29,64,additive,low,MCMC-comb,0.0359967,0,0.00939955,0.00986379,0.203095,0.162132,1.25265
29,64,multiplicative,low,OLS,0,0.0438785,0.0265975,0.0438785,0.324453,0.333958,0.971538
29,64,multiplicative,low,ISD-1,0,0.0438785,0,0.0438785,0.324453,0.324453,1
29,64,multiplicative,low,ISD-3,0,0.0438785,0,0.0438785,0.324453,0.324453,1
29,64,multiplicative,low,ElasticNet,0,0.0438785,0.0211993,0.0438785,0.324453,0.332488,0.975836
29,64,multiplicative,low,MCMC-add,0,0.0438785,0.0266202,0.0438785,0.324453,0.714971,0.453799
29,64,multiplicative,low,MCMC-comb,0,0.0438785,0.0266721,0.0129042,0.324453,0.314618,1.03126
29,64,combined,low,OLS,0.0359967,0.0438785,0.00956945,0.0438785,0.387522,0.196151,1.97563
29,64,combined,low,ISD-1,0.0359967,0.0438785,0.0288356,0.0438785,0.387522,0.147623,2.62507
29,64,combined,low,ISD-3,0.0359967,0.0438785,0.0286673,0.0438785,0.387522,0.226849,1.70828
29,64,combined,low,ElasticNet,0.0359967,0.0438785,0.00843647,0.0438785,0.387522,0.17907,2.16408
29,64,combined,low,MCMC-add,0.0359967,0.0438785,0.00958678,0.0438785,0.387522,0.468387,0.827353
29,64,combined,low,MCMC-comb,0.0359967,0.0438785,0.010379,0.0114881,0.387522,0.219613,1.76457
29,64,additive,medium,OLS,0.0899917,0,0.020806,0,1.83288,0.240695,7.61495
29,64,additive,medium,ISD-1,0.0899917,0,0.0558546,0,1.83288,0.170277,10.7641
29,64,additive,medium,ISD-3,0.0899917,0,0.055489,0,1.83288,0.294962,6.21397
29,64,additive,medium,ElasticNet,0.0899917,0,0.0229244,0,1.83288,0.249346,7.35076
29,64,additive,medium,MCMC-add,0.0899917,0,0.0207834,0,1.83288,0.30788,5.95324
29,64,additive,medium,MCMC-comb,0.0899917,0,0.0209668,0.0159548,1.83288,0.200123,9.15878
29,64,multiplicative,medium,OLS,0,0.109696,0.0270974,0.109696,0.936473,0.899014,1.04167
29,64,multiplicative,medium,ISD-1,0,0.109696,0,0.109696,0.936473,0.936473,1
29,64,multiplicative,medium,ISD-3,0,0.109696,0,0.109696,0.936473,0.936473,1
29,64,multiplicative,medium,ElasticNet,0,0.109696,0.0207972,0.109696,0.936473,0.92076,1.01706
29,64,multiplicative,medium,MCMC-add,0,0.109696,0.02712,0.109696,0.936473,1.29102,0.725374
29,64,multiplicative,medium,MCMC-comb,0,0.109696,0.0272391,0.0152598,0.936473,0.293057,3.19554
29,64,combined,medium,OLS,0.0899917,0.109696,0.0217251,0.109696,2.35365,0.954664,2.46543
29,64,combined,medium,ISD-1,0.0899917,0.109696,0.0564721,0.109696,2.35365,0.803936,2.92766
29,64,combined,medium,ISD-3,0.0899917,0.109696,0.0544392,0.109696,2.35365,0.786141,2.99393
29,64,combined,medium,ElasticNet,0.0899917,0.109696,0.0242099,0.109696,2.35365,0.919777,2.55894
29,64,combined,medium,MCMC-add,0.0899917,0.109696,0.0217022,0.109696,2.35365,0.617217,3.81333
29,64,combined,medium,MCMC-comb,0.0899917,0.109696,0.0220399,0.0185229,2.35365,0.0798194,29.4872
29,64,additive,high,OLS,0.179983,0,0.0671604,0,7.95681,0.407995,19.5022
29,64,additive,high,ISD-1,0.179983,0,0.104881,0,7.95681,0.900786,8.83318
29,64,additive,high,ISD-3,0.179983,0,0.111948,0,7.95681,0.63364,12.5573
29,64,additive,high,ElasticNet,0.179983,0,0.0712671,0,7.95681,0.437572,18.184
29,64,additive,high,MCMC-add,0.179983,0,0.0671377,0,7.95681,0.715758,11.1166
29,64,additive,high,MCMC-comb,0.179983,0,0.0684315,0.0199283,7.95681,0.549527,14.4794
29,64,multiplicative,high,OLS,0,0.219393,0.0282158,0.219393,2.14916,2.00734,1.07065
29,64,multiplicative,high,ISD-1,0,0.219393,0,0.219393,2.14916,2.14916,1
29,64,multiplicative,high,ISD-3,0,0.219393,0,0.219393,2.14916,2.14916,1
29,64,multiplicative,high,ElasticNet,0,0.219393,0.0281651,0.219393,2.14916,2.00649,1.0711
29,64,multiplicative,high,MCMC-add,0,0.219393,0.0282379,0.219393,2.14916,2.4563,0.874957
29,64,multiplicative,high,MCMC-comb,0,0.219393,0.0280843,0.0248318,2.14916,0.752255,2.85695
29,64,combined,high,OLS,0.179983,0.219393,0.0691749,0.219393,8.8897,7.11012,1.25029
29,64,combined,high,ISD-1,0.179983,0.219393,0.106904,0.219393,8.8897,2.72418,3.26325
29,64,combined,high,ISD-3,0.179983,0.219393,0.110214,0.219393,8.8897,2.59684,3.42328
29,64,combined,high,ElasticNet,0.179983,0.219393,0.0736907,0.219393,8.8897,6.73205,1.3205
29,64,combined,high,MCMC-add,0.179983,0.219393,0.0691513,0.219393,8.8897,1.20009,7.40755
29,64,combined,high,MCMC-comb,0.179983,0.219393,0.0687988,0.0239538,8.8897,0.39073,22.7515
30,32,additive,low,OLS,0.0459605,0,0.0112231,0,0.686022,0.35699,1.92168
30,32,additive,low,ISD-1,0.0459605,0,0.0264022,0,0.686022,0.25573,2.6826
30,32,additive,low,ISD-3,0.0459605,0,0.0268021,0,0.686022,0.304209,2.2551
30,32,additive,low,ElasticNet,0.0459605,0,0.0168039,0,0.686022,0.328785,2.08654
30,32,additive,low,MCMC-add,0.0459605,0,0.0112366,0,0.686022,0.307102,2.23386
30,32,additive,low,MCMC-comb,0.0459605,0,0.0115007,0.184331,0.686022,1.93619,0.354315
30,32,multiplicative,low,OLS,0,0.0334116,0.00926744,0.0334116,0.245091,0.332874,0.736288
30,32,multiplicative,low,ISD-1,0,0.0334116,0,0.0334116,0.245091,0.245091,1
30,32,multiplicative,low,ISD-3,0,0.0334116,0,0.0334116,0.245091,0.245091,1
30,32,multiplicative,low,ElasticNet,0,0.0334116,0,0.0334116,0.245091,0.245091,1
30,32,multiplicative,low,MCMC-add,0,0.0334116,0.00925254,0.0334116,0.245091,0.371502,0.65973
30,32,multiplicative,low,MCMC-comb,0,0.0334116,0.00923797,0.180449,0.245091,1.59282,0.153872
30,32,combined,low,OLS,0.0459605,0.0334116,0.0113101,0.0334116,0.52145,0.480699,1.08478
30,32,combined,low,ISD-1,0.0459605,0.0334116,0.0263998,0.0334116,0.52145,0.306848,1.69938
30,32,combined,low,ISD-3,0.0459605,0.0334116,0.0268008,0.0334116,0.52145,0.401463,1.29888
30,32,combined,low,ElasticNet,0.0459605,0.0334116,0.0164727,0.0334116,0.52145,0.452929,1.15128
30,32,combined,low,MCMC-add,0.0459605,0.0334116,0.0113235,0.0334116,0.52145,0.492807,1.05812
30,32,combined,low,MCMC-comb,0.0459605,0.0334116,0.0117517,0.186011,0.52145,1.85482,0.281132
30,32,additive,medium,OLS,0.114901,0,0.0375896,0,5.26107,0.383295,13.7259
30,32,additive,medium,ISD-1,0.114901,0,0.0511613,0,5.26107,0.551156,9.54551
30,32,additive,medium,ISD-3,0.114901,0,0.0487856,0,5.26107,0.598909,8.78443
30,32,additive,medium,ElasticNet,0.114901,0,0.0426451,0,5.26107,0.41523,12.6703
30,32,additive,medium,MCMC-add,0.114901,0,0.037605,0,5.26107,0.530855,9.91057
30,32,additive,medium,MCMC-comb,0.114901,0,0.0378249,0.186599,5.26107,2.11768,2.48436
30,32,multiplicative,medium,OLS,0,0.0835289,0.00933159,0.0835289,0.483292,0.522855,0.924332
30,32,multiplicative,medium,ISD-1,0,0.0835289,0,0.0835289,0.483292,0.483292,1
30,32,multiplicative,medium,ISD-3,0,0.0835289,0,0.0835289,0.483292,0.483292,1
30,32,multiplicative,medium,ElasticNet,0,0.0835289,0,0.0835289,0.483292,0.483292,1
30,32,multiplicative,medium,MCMC-add,0,0.0835289,0.00931714,0.0835289,0.483292,0.477368,1.01241
30,32,multiplicative,medium,MCMC-comb,0,0.0835289,0.00927858,0.178091,0.483292,1.614,0.299438
30,32,combined,medium,OLS,0.114901,0.0835289,0.0377301,0.0835289,4.89077,0.750208,6.51922
30,32,combined,medium,ISD-1,0.114901,0.0835289,0.0512645,0.0835289,4.89077,0.187869,26.0329
30,32,combined,medium,ISD-3,0.114901,0.0835289,0.0485713,0.0835289,4.89077,0.278992,17.5301
30,32,combined,medium,ElasticNet,0.114901,0.0835289,0.0389764,0.0835289,4.89077,0.697588,7.01097
30,32,combined,medium,MCMC-add,0.114901,0.0835289,0.0377453,0.0835289,4.89077,0.981807,4.9814
30,32,combined,medium,MCMC-comb,0.114901,0.0835289,0.0380969,0.19382,4.89077,2.22806,2.19508
30,32,additive,high,OLS,0.229802,0,0.0842588,0,21.7755,2.52052,8.63929
30,32,additive,high,ISD-1,0.229802,0,0.0973479,0,21.7755,4.31099,5.05117
30,32,additive,high,ISD-3,0.229802,0,0.114542,0,21.7755,3.75691,5.79613
30,32,additive,high,ElasticNet,0.229802,0,0.0851219,0,21.7755,2.59352,8.39613
30,32,additive,high,MCMC-add,0.229802,0,0.084274,0,21.7755,0.285941,76.1538
30,32,additive,high,MCMC-comb,0.229802,0,0.0851839,0.14813,21.7755,1.19439,18.2316
30,32,multiplicative,high,OLS,0,0.167058,0.0094576,0.167058,0.826298,0.908075,0.909945
30,32,multiplicative,high,ISD-1,0,0.167058,0,0.167058,0.826298,0.826298,1
30,32,multiplicative,high,ISD-3,0,0.167058,0,0.167058,0.826298,0.826298,1
30,32,multiplicative,high,ElasticNet,0,0.167058,0,0.167058,0.826298,0.826298,1
30,32,multiplicative,high,MCMC-add,0,0.167058,0.00944385,0.167058,0.826298,0.825488,1.00098
30,32,multiplicative,high,MCMC-comb,0,0.167058,0.00844849,0.247806,0.826298,2.29483,0.36007
30,32,combined,high,OLS,0.229802,0.167058,0.084632,0.167058,20.9072,0.319845,65.3667
30,32,combined,high,ISD-1,0.229802,0.167058,0.0979335,0.167058,20.9072,2.57583,8.11668
30,32,combined,high,ISD-3,0.229802,0.167058,0.0910825,0.167058,20.9072,2.03629,10.2673
30,32,combined,high,ElasticNet,0.229802,0.167058,0.0854914,0.167058,20.9072,0.373092,56.0376
30,32,combined,high,MCMC-add,0.229802,0.167058,0.0846467,0.167058,20.9072,0.675519,30.9499
30,32,combined,high,MCMC-comb,0.229802,0.167058,0.0838197,0.17826,20.9072,1.57475,13.2766
30,64,additive,low,OLS,0.0462388,0,0.0103684,0,0.271767,0.27532,0.987095
30,64,additive,low,ISD-1,0.0462388,0,0.0265766,0,0.271767,0.246383,1.10303
30,64,additive,low,ISD-3,0.0462388,0,0.0249456,0,0.271767,0.269521,1.00833
30,64,additive,low,ElasticNet,0.0462388,0,0.00984219,0,0.271767,0.241772,1.12406
30,64,additive,low,MCMC-add,0.0462388,0,0.0103828,0,0.271767,0.161031,1.68767
30,64,additive,low,MCMC-comb,0.0462388,0,0.0105923,0.0287337,0.271767,0.563756,0.482065
30,64,multiplicative,low,OLS,0,0.0342896,0.024961,0.0342896,0.356133,0.398399,0.893912
30,64,multiplicative,low,ISD-1,0,0.0342896,0,0.0342896,0.356133,0.356133,1
30,64,multiplicative,low,ISD-3,0,0.0342896,0.00506595,0.0342896,0.356133,0.333604,1.06753
30,64,multiplicative,low,ElasticNet,0,0.0342896,0.0240776,0.0342896,0.356133,0.415287,0.857559
30,64,multiplicative,low,MCMC-add,0,0.0342896,0.0249843,0.0342896,0.356133,0.169552,2.10044
30,64,multiplicative,low,MCMC-comb,0,0.0342896,0.0250782,0.0182564,0.356133,0.150987,2.35871
30,64,combined,low,OLS,0.0462388,0.0342896,0.00962814,0.0342896,0.346867,0.65012,0.533543
30,64,combined,low,ISD-1,0.0462388,0.0342896,0.0258635,0.0342896,0.346867,0.539129,0.643384
30,64,combined,low,ISD-3,0.0462388,0.0342896,0.0248414,0.0342896,0.346867,0.605779,0.572596
30,64,combined,low,ElasticNet,0.0462388,0.0342896,0.00911971,0.0342896,0.346867,0.61984,0.559608
30,64,combined,low,MCMC-add,0.0462388,0.0342896,0.00964325,0.0342896,0.346867,0.285925,1.21314
30,64,combined,low,MCMC-comb,0.0462388,0.0342896,0.00967534,0.018105,0.346867,0.329306,1.05333
30,64,additive,medium,OLS,0.115597,0,0.0242948,0,2.49834,0.277111,9.01566
30,64,additive,medium,ISD-1,0.115597,0,0.0624454,0,2.49834,0.35923,6.95471
30,64,additive,medium,ISD-3,0.115597,0,0.058376,0,2.49834,0.196335,12.7249
30,64,additive,medium,ElasticNet,0.115597,0,0.0254579,0,2.49834,0.229134,10.9034
30,64,additive,medium,MCMC-add,0.115597,0,0.0242736,0,2.49834,0.370392,6.74513
30,64,additive,medium,MCMC-comb,0.115597,0,0.0245387,0.0316722,2.49834,0.972013,2.57028
30,64,multiplicative,medium,OLS,0,0.0857239,0.0244268,0.0857239,0.798727,0.823606,0.969792
30,64,multiplicative,medium,ISD-1,0,0.0857239,0,0.0857239,0.798727,0.798727,1
30,64,multiplicative,medium,ISD-3,0,0.0857239,0,0.0857239,0.798727,0.798727,1
30,64,multiplicative,medium,ElasticNet,0,0.0857239,0.0241071,0.0857239,0.798727,0.789649,1.0115
30,64,multiplicative,medium,MCMC-add,0,0.0857239,0.0244502,0.0857239,0.798727,0.431173,1.85245
30,64,multiplicative,medium,MCMC-comb,0,0.0857239,0.0248268,0.00807517,0.798727,0.340178,2.34797
30,64,combined,medium,OLS,0.115597,0.0857239,0.0240573,0.0857239,2.01917,0.854433,2.36318
30,64,combined,medium,ISD-1,0.115597,0.0857239,0.0621651,0.0857239,2.01917,0.870056,2.32074
30,64,combined,medium,ISD-3,0.115597,0.0857239,0.0583157,0.0857239,2.01917,1.00123,2.01669
30,64,combined,medium,ElasticNet,0.115597,0.0857239,0.0250538,0.0857239,2.01917,0.846929,2.38411
30,64,combined,medium,MCMC-add,0.115597,0.0857239,0.0240357,0.0857239,2.01917,1.02853,1.96316
30,64,combined,medium,MCMC-comb,0.115597,0.0857239,0.0237853,0.0141693,2.01917,0.612877,3.29458
30,64,additive,high,OLS,0.231194,0,0.0733215,0,10.6247,3.48089,3.05228
30,64,additive,high,ISD-1,0.231194,0,0.121254,0,10.6247,2.29737,4.62471
30,64,additive,high,ISD-3,0.231194,0,0.100851,0,10.6247,2.0911,5.0809
30,64,additive,high,ElasticNet,0.231194,0,0.0744922,0,10.6247,3.50089,3.03485
30,64,additive,high,MCMC-add,0.231194,0,0.0732985,0,10.6247,0.501372,21.1912
30,64,additive,high,MCMC-comb,0.231194,0,0.0750222,0.0130562,10.6247,0.676334,15.7092
30,64,multiplicative,high,OLS,0,0.171448,0.023662,0.171448,1.18146,1.28821,0.917132
30,64,multiplicative,high,ISD-1,0,0.171448,0,0.171448,1.18146,1.18146,1
30,64,multiplicative,high,ISD-3,0,0.171448,0,0.171448,1.18146,1.18146,1
30,64,multiplicative,high,ElasticNet,0,0.171448,0.0236339,0.171448,1.18146,1.27636,0.925648
30,64,multiplicative,high,MCMC-add,0,0.171448,0.0236857,0.171448,1.18146,0.873017,1.35331
30,64,multiplicative,high,MCMC-comb,0,0.171448,0.0236122,0.0763009,1.18146,0.371882,3.17698
30,64,combined,high,OLS,0.231194,0.171448,0.0746781,0.171448,9.62911,9.41252,1.02301
30,64,combined,high,ISD-1,0.231194,0.171448,0.111366,0.171448,9.62911,0.958214,10.049
30,64,combined,high,ISD-3,0.231194,0.171448,0.12003,0.171448,9.62911,0.785999,12.2508
30,64,combined,high,ElasticNet,0.231194,0.171448,0.0762421,0.171448,9.62911,9.17538,1.04945
30,64,combined,high,MCMC-add,0.231194,0.171448,0.0746559,0.171448,9.62911,1.79373,5.36821
30,64,combined,high,MCMC-comb,0.231194,0.171448,0.074907,0.079717,9.62911,1.13992,8.44718
30,128,additive,low,OLS,0.0462295,0,0.088688,0,0.7378,0.765999,0.963188
30,128,additive,low,ISD-1,0.0462295,0,0.028788,0,0.7378,0.758846,0.972266
30,128,additive,low,ISD-3,0.0462295,0,0.0290522,0,0.7378,0.918289,0.803451
30,128,additive,low,ElasticNet,0.0462295,0,0.0875293,0,0.7378,0.873909,0.844253
30,128,additive,low,MCMC-add,0.0462295,0,0.0887126,0,0.7378,5.02703,0.146767
30,128,additive,low,MCMC-comb,0.0462295,0,0.0875274,0.0782387,0.7378,0.948378,0.77796
30,128,multiplicative,low,OLS,0,0.0349141,0.107547,0.0349141,1.04464,1.05906,0.98638
30,128,multiplicative,low,ISD-1,0,0.0349141,0,0.0349141,1.04464,1.04464,1
30,128,multiplicative,low,ISD-3,0,0.0349141,0.00563148,0.0349141,1.04464,1.04543,0.999241
30,128,multiplicative,low,ElasticNet,0,0.0349141,0.103389,0.0349141,1.04464,1.07178,0.974674
30,128,multiplicative,low,MCMC-add,0,0.0349141,0.107572,0.0349141,1.04464,4.97924,0.209799
30,128,multiplicative,low,MCMC-comb,0,0.0349141,0.105843,0.0731489,1.04464,1.8655,0.559979
30,128,combined,low,OLS,0.0462295,0.0349141,0.0884287,0.0349141,1.66793,1.9258,0.866096
30,128,combined,low,ISD-1,0.0462295,0.0349141,0.0277956,0.0349141,1.66793,1.91242,0.872156
30,128,combined,low,ISD-3,0.0462295,0.0349141,0.0289495,0.0349141,1.66793,1.93449,0.862209
30,128,combined,low,ElasticNet,0.0462295,0.0349141,0.0872922,0.0349141,1.66793,1.87384,0.890115
30,128,combined,low,MCMC-add,0.0462295,0.0349141,0.0884532,0.0349141,1.66793,3.9534,0.421898
30,128,combined,low,MCMC-comb,0.0462295,0.0349141,0.0868998,0.0770723,1.66793,0.74703,2.23275
30,128,additive,medium,OLS,0.115574,0,0.0613298,0,2.61913,2.21793,1.18089
30,128,additive,medium,ISD-1,0.115574,0,0.062009,0,2.61913,1.08481,2.41437
30,128,additive,medium,ISD-3,0.115574,0,0.0607127,0,2.61913,1.06316,2.46353
30,128,additive,medium,ElasticNet,0.115574,0,0.0602106,0,2.61913,2.11017,1.2412
30,128,additive,medium,MCMC-add,0.115574,0,0.0613522,0,2.61913,3.62363,0.722791
30,128,additive,medium,MCMC-comb,0.115574,0,0.0600384,0.0882626,2.61913,1.32223,1.98084
30,128,multiplicative,medium,OLS,0,0.0872853,0.107605,0.0872853,2.29333,2.51407,0.9122
30,128,multiplicative,medium,ISD-1,0,0.0872853,0.00883554,0.0872853,2.29333,2.32296,0.987246
30,128,multiplicative,medium,ISD-3,0,0.0872853,0.00903727,0.0872853,2.29333,2.47939,0.92496
30,128,multiplicative,medium,ElasticNet,0,0.0872853,0.107484,0.0872853,2.29333,2.52816,0.907116
30,128,multiplicative,medium,MCMC-add,0,0.0872853,0.10763,0.0872853,2.29333,3.57043,0.642314
30,128,multiplicative,medium,MCMC-comb,0,0.0872853,0.105537,0.0742494,2.29333,1.62299,1.41303
30,128,combined,medium,OLS,0.115574,0.0872853,0.0617581,0.0872853,3.69761,3.63805,1.01637
30,128,combined,medium,ISD-1,0.115574,0.0872853,0.0607586,0.0872853,3.69761,4.17663,0.885311
30,128,combined,medium,ISD-3,0.115574,0.0872853,0.0605567,0.0872853,3.69761,4.28302,0.86332
30,128,combined,medium,ElasticNet,0.115574,0.0872853,0.060556,0.0872853,3.69761,3.66879,1.00786
30,128,combined,medium,MCMC-add,0.115574,0.0872853,0.0617799,0.0872853,3.69761,0.844944,4.37616
30,128,combined,medium,MCMC-comb,0.115574,0.0872853,0.0593442,0.0849132,3.69761,1.60344,2.30605
30,128,additive,high,OLS,0.231147,0,0.0432221,0,10.6876,17.746,0.602256
30,128,additive,high,ISD-1,0.231147,0,0.116557,0,10.6876,1.16815,9.14918
30,128,additive,high,ISD-3,0.231147,0,0.116371,0,10.6876,0.85296,12.53
30,128,additive,high,ElasticNet,0.231147,0,0.0432952,0,10.6876,17.7994,0.600448
30,128,additive,high,MCMC-add,0.231147,0,0.0432206,0,10.6876,2.2447,4.76128
30,128,additive,high,MCMC-comb,0.231147,0,0.0488271,0.0861105,10.6876,2.30379,4.63915
30,128,multiplicative,high,OLS,0,0.174571,0.108899,0.174571,3.96923,4.86742,0.815469
30,128,multiplicative,high,ISD-1,0,0.174571,0.0129085,0.174571,3.96923,4.40174,0.90174
30,128,multiplicative,high,ISD-3,0,0.174571,0.0120817,0.174571,3.96923,4.37703,0.90683
30,128,multiplicative,high,ElasticNet,0,0.174571,0.108777,0.174571,3.96923,4.84583,0.819101
30,128,multiplicative,high,MCMC-add,0,0.174571,0.108924,0.174571,3.96923,1.42811,2.77936
30,128,multiplicative,high,MCMC-comb,0,0.174571,0.106432,0.104385,3.96923,0.510934,7.76857
30,128,combined,high,OLS,0.231147,0.174571,0.0512135,0.174571,11.2317,60.7355,0.184927
30,128,combined,high,ISD-1,0.231147,0.174571,0.118864,0.174571,11.2317,7.03864,1.59572
30,128,combined,high,ISD-3,0.231147,0.174571,0.115572,0.174571,11.2317,6.97981,1.60916
30,128,combined,high,ElasticNet,0.231147,0.174571,0.0512349,0.174571,11.2317,60.3869,0.185995
30,128,combined,high,MCMC-add,0.231147,0.174571,0.0512123,0.174571,11.2317,3.44143,3.26366
30,128,combined,high,MCMC-comb,0.231147,0.174571,0.0465816,0.133171,11.2317,4.98188,2.2545
31,32,additive,low,OLS,0.040717,0,0.0262745,0,0.636181,0.282588,2.25126
31,32,additive,low,ISD-1,0.040717,0,0.026592,0,0.636181,0.37622,1.69098
31,32,additive,low,ISD-3,0.040717,0,0.0288553,0,0.636181,0.459561,1.38432
31,32,additive,low,ElasticNet,0.040717,0,0.0259827,0,0.636181,0.284649,2.23497
31,32,additive,low,MCMC-add,0.040717,0,0.0262601,0,0.636181,0.339844,1.87198
31,32,additive,low,MCMC-comb,0.040717,0,0.026455,0.123217,0.636181,1.16506,0.546049
31,32,multiplicative,low,OLS,0,0.0509808,0.00927648,0.0509808,0.329366,0.263977,1.24771
31,32,multiplicative,low,ISD-1,0,0.0509808,0,0.0509808,0.329366,0.329366,1
31,32,multiplicative,low,ISD-3,0,0.0509808,0,0.0509808,0.329366,0.329366,1
31,32,multiplicative,low,ElasticNet,0,0.0509808,0.00132214,0.0509808,0.329366,0.195826,1.68193
31,32,multiplicative,low,MCMC-add,0,0.0509808,0.00926732,0.0509808,0.329366,0.252223,1.30585
31,32,multiplicative,low,MCMC-comb,0,0.0509808,0.00952956,0.11715,0.329366,0.989342,0.332914
31,32,combined,low,OLS,0.040717,0.0509808,0.0261922,0.0509808,0.455794,0.175961,2.59031
31,32,combined,low,ISD-1,0.040717,0.0509808,0.0270661,0.0509808,0.455794,0.266131,1.71267
31,32,combined,low,ISD-3,0.040717,0.0509808,0.0271346,0.0509808,0.455794,0.325658,1.39961
31,32,combined,low,ElasticNet,0.040717,0.0509808,0.0258592,0.0509808,0.455794,0.164248,2.77503
31,32,combined,low,MCMC-add,0.040717,0.0509808,0.0261779,0.0509808,0.455794,0.21477,2.12225
31,32,combined,low,MCMC-comb,0.040717,0.0509808,0.0263984,0.120957,0.455794,1.2375,0.36832
31,32,additive,medium,OLS,0.101793,0,0.0525654,0,3.27474,0.682801,4.79604
31,32,additive,medium,ISD-1,0.101793,0,0.0562817,0,3.27474,1.10436,2.96528
31,32,additive,medium,ISD-3,0.101793,0,0.0555606,0,3.27474,0.938429,3.4896
31,32,additive,medium,ElasticNet,0.101793,0,0.0503387,0,3.27474,0.61605,5.31571
31,32,additive,medium,MCMC-add,0.101793,0,0.0525495,0,3.27474,0.470365,6.96213
31,32,additive,medium,MCMC-comb,0.101793,0,0.0525766,0.133523,3.27474,1.58184,2.07021
31,32,multiplicative,medium,OLS,0,0.127452,0.00924329,0.127452,0.410237,0.408899,1.00327
31,32,multiplicative,medium,ISD-1,0,0.127452,0,0.127452,0.410237,0.410237,1
31,32,multiplicative,medium,ISD-3,0,0.127452,0,0.127452,0.410237,0.410237,1
31,32,multiplicative,medium,ElasticNet,0,0.127452,0.00107666,0.127452,0.410237,0.296593,1.38317
31,32,multiplicative,medium,MCMC-add,0,0.127452,0.00923421,0.127452,0.410237,0.38003,1.07948
31,32,multiplicative,medium,MCMC-comb,0,0.127452,0.00922941,0.107631,0.410237,0.939678,0.436572
31,32,combined,medium,OLS,0.101793,0.127452,0.052345,0.127452,3.02718,0.286755,10.5567
31,32,combined,medium,ISD-1,0.101793,0.127452,0.0552217,0.127452,3.02718,0.511687,5.91608
31,32,combined,medium,ISD-3,0.101793,0.127452,0.0551769,0.127452,3.02718,0.516683,5.85888
31,32,combined,medium,ElasticNet,0.101793,0.127452,0.0503349,0.127452,3.02718,0.362786,8.34427
31,32,combined,medium,MCMC-add,0.101793,0.127452,0.0523292,0.127452,3.02718,0.346374,8.73962
31,32,combined,medium,MCMC-comb,0.101793,0.127452,0.0528511,0.119684,3.02718,1.47043,2.05871
31,32,additive,high,OLS,0.203585,0,0.0962064,0,13.1635,1.92333,6.84415
31,32,additive,high,ISD-1,0.203585,0,0.101239,0,13.1635,3.76072,3.50027
31,32,additive,high,ISD-3,0.203585,0,0.105951,0,13.1635,3.45181,3.81352
31,32,additive,high,ElasticNet,0.203585,0,0.0973596,0,13.1635,1.88923,6.96767
31,32,additive,high,MCMC-add,0.203585,0,0.0961895,0,13.1635,1.14781,11.4684
31,32,additive,high,MCMC-comb,0.203585,0,0.0961088,0.155329,13.1635,2.54482,5.17267
31,32,multiplicative,high,OLS,0,0.254904,0.00932751,0.254904,0.502153,0.361101,1.39062
31,32,multiplicative,high,ISD-1,0,0.254904,0,0.254904,0.502153,0.502153,1
31,32,multiplicative,high,ISD-3,0,0.254904,0,0.254904,0.502153,0.502153,1
31,32,multiplicative,high,ElasticNet,0,0.254904,0.000813621,0.254904,0.502153,0.397289,1.26395
31,32,multiplicative,high,MCMC-add,0,0.254904,0.00931861,0.254904,0.502153,0.427766,1.1739
31,32,multiplicative,high,MCMC-comb,0,0.254904,0.0110256,0.116571,0.502153,0.832993,0.60283
31,32,combined,high,OLS,0.203585,0.254904,0.0957665,0.254904,12.9532,0.821076,15.7759
31,32,combined,high,ISD-1,0.203585,0.254904,0.102523,0.254904,12.9532,2.81493,4.60162
31,32,combined,high,ISD-3,0.203585,0.254904,0.102269,0.254904,12.9532,2.41653,5.36025
31,32,combined,high,ElasticNet,0.203585,0.254904,0.0972516,0.254904,12.9532,0.804692,16.0971
31,32,combined,high,MCMC-add,0.203585,0.254904,0.0957498,0.254904,12.9532,0.923311,14.0291
31,32,combined,high,MCMC-comb,0.203585,0.254904,0.0966055,0.126062,12.9532,1.91054,6.77988
31,64,additive,low,OLS,0.0416557,0,0.0426344,0,0.696621,0.45662,1.52561
31,64,additive,low,ISD-1,0.0416557,0,0.0257763,0,0.696621,0.47905,1.45417
31,64,additive,low,ISD-3,0.0416557,0,0.0259356,0,0.696621,0.413248,1.68572
31,64,additive,low,ElasticNet,0.0416557,0,0.0423232,0,0.696621,0.466153,1.4944
31,64,additive,low,MCMC-add,0.0416557,0,0.0426585,0,0.696621,0.772375,0.901921
31,64,additive,low,MCMC-comb,0.0416557,0,0.0426864,0.0767754,0.696621,2.17826,0.319807
31,64,multiplicative,low,OLS,0,0.0502574,0.024244,0.0502574,0.284372,0.319464,0.890154
31,64,multiplicative,low,ISD-1,0,0.0502574,0,0.0502574,0.284372,0.284372,1
31,64,multiplicative,low,ISD-3,0,0.0502574,0,0.0502574,0.284372,0.284372,1
31,64,multiplicative,low,ElasticNet,0,0.0502574,0.0165744,0.0502574,0.284372,0.268697,1.05834
31,64,multiplicative,low,MCMC-add,0,0.0502574,0.0242679,0.0502574,0.284372,0.154069,1.84575
31,64,multiplicative,low,MCMC-comb,0,0.0502574,0.0238881,0.0779322,0.284372,1.90091,0.149598
31,64,combined,low,OLS,0.0416557,0.0502574,0.0424066,0.0502574,0.442541,0.167717,2.63862
31,64,combined,low,ISD-1,0.0416557,0.0502574,0.0255059,0.0502574,0.442541,0.272012,1.62691
31,64,combined,low,ISD-3,0.0416557,0.0502574,0.0257416,0.0502574,0.442541,0.166392,2.65963
31,64,combined,low,ElasticNet,0.0416557,0.0502574,0.0422138,0.0502574,0.442541,0.165011,2.68189
31,64,combined,low,MCMC-add,0.0416557,0.0502574,0.0424305,0.0502574,0.442541,0.467736,0.946133
31,64,combined,low,MCMC-comb,0.0416557,0.0502574,0.0421082,0.0807753,0.442541,2.26476,0.195403
31,64,additive,medium,OLS,0.104139,0,0.0697757,0,3.03895,1.48621,2.04477
31,64,additive,medium,ISD-1,0.104139,0,0.0556307,0,3.03895,1.59539,1.90483
31,64,additive,medium,ISD-3,0.104139,0,0.0577948,0,3.03895,1.42877,2.12696
31,64,additive,medium,ElasticNet,0.104139,0,0.0695164,0,3.03895,1.48921,2.04065
31,64,additive,medium,MCMC-add,0.104139,0,0.0697998,0,3.03895,1.2684,2.3959
31,64,additive,medium,MCMC-comb,0.104139,0,0.0696653,0.081975,3.03895,2.81995,1.07766
31,64,multiplicative,medium,OLS,0,0.125644,0.0239091,0.125644,0.583976,0.627388,0.930805
31,64,multiplicative,medium,ISD-1,0,0.125644,0,0.125644,0.583976,0.583976,1
31,64,multiplicative,medium,ISD-3,0,0.125644,0,0.125644,0.583976,0.583976,1
31,64,multiplicative,medium,ElasticNet,0,0.125644,0.0146682,0.125644,0.583976,0.545951,1.06965
31,64,multiplicative,medium,MCMC-add,0,0.125644,0.0239327,0.125644,0.583976,0.285804,2.04327
31,64,multiplicative,medium,MCMC-comb,0,0.125644,0.0231523,0.082174,0.583976,1.98944,0.293537
31,64,combined,medium,OLS,0.104139,0.125644,0.0692245,0.125644,2.43871,0.307194,7.93868
31,64,combined,medium,ISD-1,0.104139,0.125644,0.0549875,0.125644,2.43871,0.744299,3.27652
31,64,combined,medium,ISD-3,0.104139,0.125644,0.057371,0.125644,2.43871,0.489879,4.97819
31,64,combined,medium,ElasticNet,0.104139,0.125644,0.068962,0.125644,2.43871,0.30609,7.9673
31,64,combined,medium,MCMC-add,0.104139,0.125644,0.0692482,0.125644,2.43871,0.638077,3.82197
31,64,combined,medium,MCMC-comb,0.104139,0.125644,0.0683605,0.103224,2.43871,3.32867,0.732639
31,64,additive,high,OLS,0.208279,0,0.114599,0,10.4243,4.78447,2.17877
31,64,additive,high,ISD-1,0.208279,0,0.104777,0,10.4243,4.56561,2.28321
31,64,additive,high,ISD-3,0.208279,0,0.102415,0,10.4243,4.16532,2.50263
31,64,additive,high,ElasticNet,0.208279,0,0.114093,0,10.4243,4.79358,2.17463
31,64,additive,high,MCMC-add,0.208279,0,0.114624,0,10.4243,2.48042,4.20262
31,64,additive,high,MCMC-comb,0.208279,0,0.114388,0.0880826,10.4243,4.23449,2.46175
31,64,multiplicative,high,OLS,0,0.251287,0.023363,0.251287,0.803339,0.744508,1.07902
31,64,multiplicative,high,ISD-1,0,0.251287,0,0.251287,0.803339,0.803339,1
31,64,multiplicative,high,ISD-3,0,0.251287,0,0.251287,0.803339,0.803339,1
31,64,multiplicative,high,ElasticNet,0,0.251287,0.0137468,0.251287,0.803339,0.756523,1.06188
31,64,multiplicative,high,MCMC-add,0,0.251287,0.0233863,0.251287,0.803339,0.345748,2.32348
31,64,multiplicative,high,MCMC-comb,0,0.251287,0.0246634,0.134217,0.803339,2.24405,0.357987
31,64,combined,high,OLS,0.208279,0.251287,0.113521,0.251287,10.0091,1.06267,9.41878
31,64,combined,high,ISD-1,0.208279,0.251287,0.10427,0.251287,10.0091,2.397,4.17565
31,64,combined,high,ISD-3,0.208279,0.251287,0.113468,0.251287,10.0091,1.98395,5.04501
31,64,combined,high,ElasticNet,0.208279,0.251287,0.113002,0.251287,10.0091,1.08199,9.25062
31,64,combined,high,MCMC-add,0.208279,0.251287,0.113545,0.251287,10.0091,1.60847,6.22273
31,64,combined,high,MCMC-comb,0.208279,0.251287,0.11393,0.127458,10.0091,3.60921,2.7732
32,32,additive,low,OLS,0.0355293,0,0.0200778,0,0.915319,0.185612,4.93136
32,32,additive,low,ISD-1,0.0355293,0,0.0306404,0,0.915319,0.169595,5.39708
32,32,additive,low,ISD-3,0.0355293,0,0.0300457,0,0.915319,0.125214,7.31005
32,32,additive,low,ElasticNet,0.0355293,0,0.0234435,0,0.915319,0.143822,6.36427
32,32,additive,low,MCMC-add,0.0355293,0,0.0200909,0,0.915319,0.20501,4.46475
32,32,additive,low,MCMC-comb,0.0355293,0,0.0199922,0.0761216,0.915319,0.47088,1.94385
32,32,multiplicative,low,OLS,0,0.0349212,0.00712155,0.0349212,0.197572,0.238097,0.829795
32,32,multiplicative,low,ISD-1,0,0.0349212,0.000531369,0.0349212,0.197572,0.213736,0.924373
32,32,multiplicative,low,ISD-3,0,0.0349212,0.00135995,0.0349212,0.197572,0.176579,1.11888
32,32,multiplicative,low,ElasticNet,0,0.0349212,0.00539668,0.0349212,0.197572,0.234033,0.844207
32,32,multiplicative,low,MCMC-add,0,0.0349212,0.00711911,0.0349212,0.197572,0.285259,0.692607
32,32,multiplicative,low,MCMC-comb,0,0.0349212,0.00714859,0.0760395,0.197572,0.582962,0.338911
32,32,combined,low,OLS,0.0355293,0.0349212,0.0199083,0.0349212,0.783382,0.304857,2.56967
32,32,combined,low,ISD-1,0.0355293,0.0349212,0.0303306,0.0349212,0.783382,0.150626,5.20083
32,32,combined,low,ISD-3,0.0355293,0.0349212,0.0298657,0.0349212,0.783382,0.200762,3.90203
32,32,combined,low,ElasticNet,0.0355293,0.0349212,0.0233136,0.0349212,0.783382,0.248563,3.15164
32,32,combined,low,MCMC-add,0.0355293,0.0349212,0.0199214,0.0349212,0.783382,0.30485,2.56973
32,32,combined,low,MCMC-comb,0.0355293,0.0349212,0.0198881,0.0701442,0.783382,0.371075,2.11111
32,32,additive,medium,OLS,0.0888233,0,0.0453844,0,4.58162,0.165706,27.6492
32,32,additive,medium,ISD-1,0.0888233,0,0.0569757,0,4.58162,0.418045,10.9597
32,32,additive,medium,ISD-3,0.0888233,0,0.0579539,0,4.58162,0.34619,13.2344
32,32,additive,medium,ElasticNet,0.0888233,0,0.0459497,0,4.58162,0.169083,27.097
32,32,additive,medium,MCMC-add,0.0888233,0,0.0453991,0,4.58162,0.338858,13.5208
32,32,additive,medium,MCMC-comb,0.0888233,0,0.0452514,0.0691886,4.58162,0.304554,15.0437
32,32,multiplicative,medium,OLS,0,0.0873031,0.00687447,0.0873031,0.354483,0.307201,1.15391
32,32,multiplicative,medium,ISD-1,0,0.0873031,0.000339703,0.0873031,0.354483,0.325813,1.088
32,32,multiplicative,medium,ISD-3,0,0.0873031,0.00118969,0.0873031,0.354483,0.284644,1.24536
32,32,multiplicative,medium,ElasticNet,0,0.0873031,0.00501995,0.0873031,0.354483,0.28822,1.2299
32,32,multiplicative,medium,MCMC-add,0,0.0873031,0.00687175,0.0873031,0.354483,0.315949,1.12196
32,32,multiplicative,medium,MCMC-comb,0,0.0873031,0.00691771,0.0629934,0.354483,0.457015,0.775649
32,32,combined,medium,OLS,0.0888233,0.0873031,0.0450438,0.0873031,4.30255,0.29246,14.7116
32,32,combined,medium,ISD-1,0.0888233,0.0873031,0.0564,0.0873031,4.30255,0.31535,13.6437
32,32,combined,medium,ISD-3,0.0888233,0.0873031,0.0575344,0.0873031,4.30255,0.277619,15.498
32,32,combined,medium,ElasticNet,0.0888233,0.0873031,0.0454691,0.0873031,4.30255,0.265369,16.2135
32,32,combined,medium,MCMC-add,0.0888233,0.0873031,0.0450583,0.0873031,4.30255,0.546792,7.86872
32,32,combined,medium,MCMC-comb,0.0888233,0.0873031,0.0449319,0.0603042,4.30255,0.124042,34.6861
32,32,additive,high,OLS,0.177647,0,0.0882062,0,16.4928,0.736178,22.4033
32,32,additive,high,ISD-1,0.177647,0,0.106841,0,16.4928,1.85746,8.87926
32,32,additive,high,ISD-3,0.177647,0,0.109513,0,16.4928,1.60361,10.2848
32,32,additive,high,ElasticNet,0.177647,0,0.0966425,0,16.4928,0.795865,20.7232
32,32,additive,high,MCMC-add,0.177647,0,0.0882208,0,16.4928,0.283405,58.1952
32,32,additive,high,MCMC-comb,0.177647,0,0.0892003,0.0668172,16.4928,0.410185,40.2083
32,32,multiplicative,high,OLS,0,0.174606,0.00649171,0.174606,0.405282,0.381743,1.06166
32,32,multiplicative,high,ISD-1,0,0.174606,3.41402e-05,0.174606,0.405282,0.407775,0.993886
32,32,multiplicative,high,ISD-3,0,0.174606,0.00090752,0.174606,0.405282,0.359255,1.12812
32,32,multiplicative,high,ElasticNet,0,0.174606,0.00452493,0.174606,0.405282,0.389126,1.04152
32,32,multiplicative,high,MCMC-add,0,0.174606,0.00648849,0.174606,0.405282,0.384455,1.05417
32,32,multiplicative,high,MCMC-comb,0,0.174606,0.00604632,0.0605512,0.405282,0.529777,0.765005
32,32,combined,high,OLS,0.177647,0.174606,0.0875513,0.174606,16.3152,0.670845,24.3204
32,32,combined,high,ISD-1,0.177647,0.174606,0.100951,0.174606,16.3152,2.11039,7.7309
32,32,combined,high,ISD-3,0.177647,0.174606,0.105363,0.174606,16.3152,1.7876,9.12686
32,32,combined,high,ElasticNet,0.177647,0.174606,0.08843,0.174606,16.3152,0.618864,26.3632
32,32,combined,high,MCMC-add,0.177647,0.174606,0.0875657,0.174606,16.3152,0.60283,27.0644
32,32,combined,high,MCMC-comb,0.177647,0.174606,0.0857906,0.105203,16.3152,0.411728,39.6262
32,64,additive,low,OLS,0.0359967,0,0.00856094,0,0.397312,0.323559,1.22794
32,64,additive,low,ISD-1,0.0359967,0,0.0252638,0,0.397312,0.223526,1.77747
32,64,additive,low,ISD-3,0.0359967,0,0.0255557,0,0.397312,0.388229,1.0234
32,64,additive,low,ElasticNet,0.0359967,0,0.00866163,0,0.397312,0.368933,1.07692
32,64,additive,low,MCMC-add,0.0359967,0,0.00856066,0,0.397312,0.20949,1.89657
32,64,additive,low,MCMC-comb,0.0359967,0,0.00860383,0.0271092,0.397312,0.403655,0.984285
32,64,multiplicative,low,OLS,0,0.0358076,0.0208586,0.0358076,0.259262,0.266446,0.973035
32,64,multiplicative,low,ISD-1,0,0.0358076,0.00447764,0.0358076,0.259262,0.295201,0.878256
32,64,multiplicative,low,ISD-3,0,0.0358076,0.00475637,0.0358076,0.259262,0.303357,0.854643
32,64,multiplicative,low,ElasticNet,0,0.0358076,0.0151341,0.0358076,0.259262,0.305482,0.848698
32,64,multiplicative,low,MCMC-add,0,0.0358076,0.0208789,0.0358076,0.259262,0.223793,1.15849
32,64,multiplicative,low,MCMC-comb,0,0.0358076,0.0208703,0.0252584,0.259262,0.717408,0.361387
32,64,combined,low,OLS,0.0359967,0.0358076,0.00816932,0.0358076,0.420436,0.45437,0.925316
32,64,combined,low,ISD-1,0.0359967,0.0358076,0.0250776,0.0358076,0.420436,0.424092,0.991379
32,64,combined,low,ISD-3,0.0359967,0.0358076,0.0248018,0.0358076,0.420436,0.445083,0.944622
32,64,combined,low,ElasticNet,0.0359967,0.0358076,0.00822945,0.0358076,0.420436,0.461957,0.910119
32,64,combined,low,MCMC-add,0.0359967,0.0358076,0.00816915,0.0358076,0.420436,0.291986,1.43992
32,64,combined,low,MCMC-comb,0.0359967,0.0358076,0.00824829,0.0218439,0.420436,0.361728,1.1623
32,64,additive,medium,OLS,0.0899917,0,0.0267436,0,2.55739,0.237403,10.7724
32,64,additive,medium,ISD-1,0.0899917,0,0.0560271,0,2.55739,0.222872,11.4747
32,64,additive,medium,ISD-3,0.0899917,0,0.054968,0,2.55739,0.295836,8.64461
32,64,additive,medium,ElasticNet,0.0899917,0,0.0299108,0,2.55739,0.280194,9.12719
32,64,additive,medium,MCMC-add,0.0899917,0,0.02672,0,2.55739,0.347207,7.3656
32,64,additive,medium,MCMC-comb,0.0899917,0,0.0280834,0.0120848,2.55739,0.422675,6.05048
32,64,multiplicative,medium,OLS,0,0.089519,0.0205923,0.089519,0.57839,0.510629,1.1327
32,64,multiplicative,medium,ISD-1,0,0.089519,0.00426084,0.089519,0.57839,0.556079,1.04012
32,64,multiplicative,medium,ISD-3,0,0.089519,0.00456884,0.089519,0.57839,0.519147,1.11412
32,64,multiplicative,medium,ElasticNet,0,0.089519,0.0152547,0.089519,0.57839,0.494556,1.16951
32,64,multiplicative,medium,MCMC-add,0,0.089519,0.0206129,0.089519,0.57839,0.275979,2.09577
32,64,multiplicative,medium,MCMC-comb,0,0.089519,0.0199028,0.0173165,0.57839,0.581366,0.994882
32,64,combined,medium,OLS,0.0899917,0.089519,0.026557,0.089519,2.26992,0.526061,4.31494
32,64,combined,medium,ISD-1,0.0899917,0.089519,0.0524434,0.089519,2.26992,0.306561,7.40446
32,64,combined,medium,ISD-3,0.0899917,0.089519,0.052803,0.089519,2.26992,0.39686,5.7197
32,64,combined,medium,ElasticNet,0.0899917,0.089519,0.0294934,0.089519,2.26992,0.52396,4.33224
32,64,combined,medium,MCMC-add,0.0899917,0.089519,0.0265337,0.089519,2.26992,0.828994,2.73816
32,64,combined,medium,MCMC-comb,0.0899917,0.089519,0.0271939,0.0223065,2.26992,0.247144,9.18459
32,64,additive,high,OLS,0.179983,0,0.0708225,0,9.73557,0.758916,12.8283
32,64,additive,high,ISD-1,0.179983,0,0.104416,0,9.73557,1.08943,8.9364
32,64,additive,high,ISD-3,0.179983,0,0.108052,0,9.73557,1.03539,9.40279
32,64,additive,high,ElasticNet,0.179983,0,0.0770463,0,9.73557,0.823152,11.8272
32,64,additive,high,MCMC-add,0.179983,0,0.0707989,0,9.73557,0.72167,13.4903
32,64,additive,high,MCMC-comb,0.179983,0,0.0724268,0.0222874,9.73557,0.51298,18.9785
32,64,multiplicative,high,OLS,0,0.179038,0.0201724,0.179038,0.823837,0.751532,1.09621
32,64,multiplicative,high,ISD-1,0,0.179038,0,0.179038,0.823837,0.823837,1
32,64,multiplicative,high,ISD-3,0,0.179038,0.0042458,0.179038,0.823837,0.727599,1.13227
32,64,multiplicative,high,ElasticNet,0,0.179038,0.0151686,0.179038,0.823837,0.709091,1.16182
32,64,multiplicative,high,MCMC-add,0,0.179038,0.0201934,0.179038,0.823837,0.458454,1.79699
32,64,multiplicative,high,MCMC-comb,0,0.179038,0.0215392,0.059304,0.823837,0.750542,1.09766
32,64,combined,high,OLS,0.179983,0.179038,0.0706405,0.179038,9.32348,0.663916,14.0432
32,64,combined,high,ISD-1,0.179983,0.179038,0.103376,0.179038,9.32348,1.52429,6.11661
32,64,combined,high,ISD-3,0.179983,0.179038,0.104792,0.179038,9.32348,1.43395,6.50194
32,64,combined,high,ElasticNet,0.179983,0.179038,0.0764434,0.179038,9.32348,0.645159,14.4514
32,64,combined,high,MCMC-add,0.179983,0.179038,0.0706174,0.179038,9.32348,1.40515,6.63522
32,64,combined,high,MCMC-comb,0.179983,0.179038,0.0703623,0.0862773,9.32348,0.180881,51.5448
32,128,additive,low,OLS,0.0365027,0,0.0806116,0,0.597262,0.52326,1.14143
32,128,additive,low,ISD-1,0.0365027,0,0.0329129,0,0.597262,0.47666,1.25301
32,128,additive,low,ISD-3,0.0365027,0,0.0300176,0,0.597262,0.626753,0.952946
32,128,additive,low,ElasticNet,0.0365027,0,0.0789565,0,0.597262,0.560317,1.06594
32,128,additive,low,MCMC-add,0.0365027,0,0.080636,0,0.597262,3.2029,0.186475
32,128,additive,low,MCMC-comb,0.0365027,0,0.0814798,0.0260586,0.597262,3.82711,0.156061
32,128,multiplicative,low,OLS,0,0.0362334,0.0989424,0.0362334,0.723203,0.593613,1.21831
32,128,multiplicative,low,ISD-1,0,0.0362334,0.0998618,0.0362334,0.723203,0.662394,1.0918
32,128,multiplicative,low,ISD-3,0,0.0362334,0.099851,0.0362334,0.723203,0.685449,1.05508
32,128,multiplicative,low,ElasticNet,0,0.0362334,0.0935558,0.0362334,0.723203,0.533125,1.35653
32,128,multiplicative,low,MCMC-add,0,0.0362334,0.0989672,0.0362334,0.723203,3.2579,0.221984
32,128,multiplicative,low,MCMC-comb,0,0.0362334,0.0992173,0.0247694,0.723203,4.46845,0.161847
32,128,combined,low,OLS,0.0365027,0.0362334,0.0810914,0.0362334,1.06943,1.1238,0.951615
32,128,combined,low,ISD-1,0.0365027,0.0362334,0.0270246,0.0362334,1.06943,0.974671,1.09722
32,128,combined,low,ISD-3,0.0365027,0.0362334,0.027518,0.0362334,1.06943,1.08897,0.982052
32,128,combined,low,ElasticNet,0.0365027,0.0362334,0.0794787,0.0362334,1.06943,1.10443,0.968306
32,128,combined,low,MCMC-add,0.0365027,0.0362334,0.081116,0.0362334,1.06943,2.52321,0.423837
32,128,combined,low,MCMC-comb,0.0365027,0.0362334,0.0809503,0.026613,1.06943,3.58947,0.297935
32,128,additive,medium,OLS,0.0912567,0,0.054536,0,2.43671,4.44298,0.54844
32,128,additive,medium,ISD-1,0.0912567,0,0.0576413,0,2.43671,0.869833,2.80135
32,128,additive,medium,ISD-3,0.0912567,0,0.0571412,0,2.43671,0.951289,2.56148
32,128,additive,medium,ElasticNet,0.0912567,0,0.0521033,0,2.43671,4.40637,0.552996
32,128,additive,medium,MCMC-add,0.0912567,0,0.0545595,0,2.43671,2.2565,1.07986
32,128,additive,medium,MCMC-comb,0.0912567,0,0.0545857,0.0308252,2.43671,2.56291,0.950759
32,128,multiplicative,medium,OLS,0,0.0905834,0.100066,0.0905834,1.43395,1.44693,0.991026
32,128,multiplicative,medium,ISD-1,0,0.0905834,0,0.0905834,1.43395,1.43395,1
32,128,multiplicative,medium,ISD-3,0,0.0905834,0,0.0905834,1.43395,1.43395,1
32,128,multiplicative,medium,ElasticNet,0,0.0905834,0.0961941,0.0905834,1.43395,1.45006,0.988888
32,128,multiplicative,medium,MCMC-add,0,0.0905834,0.100091,0.0905834,1.43395,2.26599,0.632811
32,128,multiplicative,medium,MCMC-comb,0,0.0905834,0.0987019,0.0291286,1.43395,4.13119,0.347102
32,128,combined,medium,OLS,0.0912567,0.0905834,0.0560186,0.0905834,2.69456,1.9298,1.39629
32,128,combined,medium,ISD-1,0.0912567,0.0905834,0.0506641,0.0905834,2.69456,1.72309,1.5638
32,128,combined,medium,ISD-3,0.0912567,0.0905834,0.0523913,0.0905834,2.69456,1.78415,1.51028
32,128,combined,medium,ElasticNet,0.0912567,0.0905834,0.054238,0.0905834,2.69456,1.91281,1.40869
32,128,combined,medium,MCMC-add,0.0912567,0.0905834,0.0560431,0.0905834,2.69456,0.631974,4.26372
32,128,combined,medium,MCMC-comb,0.0912567,0.0905834,0.0560841,0.0356188,2.69456,2.06157,1.30704
32,128,additive,high,OLS,0.182513,0,0.0293873,0,8.84928,0.720311,12.2854
32,128,additive,high,ISD-1,0.182513,0,0.107385,0,8.84928,0.926041,9.55604
32,128,additive,high,ISD-3,0.182513,0,0.1142,0,8.84928,0.635518,13.9245
32,128,additive,high,ElasticNet,0.182513,0,0.0292985,0,8.84928,0.653736,13.5365
32,128,additive,high,MCMC-add,0.182513,0,0.0293921,0,8.84928,0.84618,10.4579
32,128,additive,high,MCMC-comb,0.182513,0,0.0392964,0.0438748,8.84928,0.975626,9.07036
32,128,multiplicative,high,OLS,0,0.181167,0.102991,0.181167,2.40718,2.829,0.850895
32,128,multiplicative,high,ISD-1,0,0.181167,0.00744182,0.181167,2.40718,2.58466,0.931332
32,128,multiplicative,high,ISD-3,0,0.181167,0.00716791,0.181167,2.40718,2.49629,0.964302
32,128,multiplicative,high,ElasticNet,0,0.181167,0.0974182,0.181167,2.40718,2.79499,0.861248
32,128,multiplicative,high,MCMC-add,0,0.181167,0.103016,0.181167,2.40718,1.04499,2.30354
32,128,multiplicative,high,MCMC-comb,0,0.181167,0.102038,0.0765508,2.40718,3.65467,0.658657
32,128,combined,high,OLS,0.182513,0.181167,0.0313055,0.181167,7.67044,1.78437,4.29868
32,128,combined,high,ISD-1,0.182513,0.181167,0.100998,0.181167,7.67044,1.24578,6.15714
32,128,combined,high,ISD-3,0.182513,0.181167,0.106891,0.181167,7.67044,1.14845,6.67894
32,128,combined,high,ElasticNet,0.182513,0.181167,0.0305845,0.181167,7.67044,1.76325,4.35016
32,128,combined,high,MCMC-add,0.182513,0.181167,0.031316,0.181167,7.67044,1.77094,4.33129
32,128,combined,high,MCMC-comb,0.182513,0.181167,0.0464851,0.0899193,7.67044,0.556845,13.7748
33,32,additive,low,OLS,0.041671,0,0.0259258,0,0.529353,0.236409,2.23914
33,32,additive,low,ISD-1,0.041671,0,0.0316595,0,0.529353,0.345075,1.53402
33,32,additive,low,ISD-3,0.041671,0,0.0295437,0,0.529353,0.238392,2.22051
33,32,additive,low,ElasticNet,0.041671,0,0.0247385,0,0.529353,0.292918,1.80717
33,32,additive,low,MCMC-add,0.041671,0,0.0259099,0,0.529353,0.260478,2.03224
33,32,additive,low,MCMC-comb,0.041671,0,0.0259686,0.0657799,0.529353,0.630505,0.83957
33,32,multiplicative,low,OLS,0,0.041671,0.00965132,0.041671,0.185002,0.190742,0.969912
33,32,multiplicative,low,ISD-1,0,0.041671,0,0.041671,0.185002,0.185002,1
33,32,multiplicative,low,ISD-3,0,0.041671,0.00234333,0.041671,0.185002,0.146706,1.26104
33,32,multiplicative,low,ElasticNet,0,0.041671,0.00542127,0.041671,0.185002,0.160416,1.15327
33,32,multiplicative,low,MCMC-add,0,0.041671,0.00963928,0.041671,0.185002,0.142095,1.30196
33,32,multiplicative,low,MCMC-comb,0,0.041671,0.00991843,0.0493237,0.185002,0.422534,0.43784
33,32,combined,low,OLS,0.041671,0.041671,0.0256653,0.041671,0.413181,0.171592,2.40793
33,32,combined,low,ISD-1,0.041671,0.041671,0.0315923,0.041671,0.413181,0.274279,1.50643
33,32,combined,low,ISD-3,0.041671,0.041671,0.0294137,0.041671,0.413181,0.235241,1.75641
33,32,combined,low,ElasticNet,0.041671,0.041671,0.0245459,0.041671,0.413181,0.170965,2.41675
33,32,combined,low,MCMC-add,0.041671,0.041671,0.0256494,0.041671,0.413181,0.164271,2.51523
33,32,combined,low,MCMC-comb,0.041671,0.041671,0.0259988,0.0613942,0.413181,0.57986,0.712553
33,32,additive,medium,OLS,0.104178,0,0.0520821,0,2.95615,0.525571,5.62464
33,32,additive,medium,ISD-1,0.104178,0,0.0557624,0,2.95615,0.827879,3.57075
33,32,additive,medium,ISD-3,0.104178,0,0.0578882,0,2.95615,0.889811,3.32222
33,32,additive,medium,ElasticNet,0.104178,0,0.0526207,0,2.95615,0.544366,5.43045
33,32,additive,medium,MCMC-add,0.104178,0,0.0520656,0,2.95615,0.439439,6.7271
33,32,additive,medium,MCMC-comb,0.104178,0,0.0522105,0.086743,2.95615,1.01391,2.91559
33,32,multiplicative,medium,OLS,0,0.104178,0.00918557,0.104178,0.315194,0.280852,1.12228
33,32,multiplicative,medium,ISD-1,0,0.104178,0,0.104178,0.315194,0.315194,1
33,32,multiplicative,medium,ISD-3,0,0.104178,0.00226766,0.104178,0.315194,0.28276,1.1147
33,32,multiplicative,medium,ElasticNet,0,0.104178,0.00491773,0.104178,0.315194,0.251779,1.25186
33,32,multiplicative,medium,MCMC-add,0,0.104178,0.00917355,0.104178,0.315194,0.272287,1.15758
33,32,multiplicative,medium,MCMC-comb,0,0.104178,0.0096003,0.0466384,0.315194,0.432697,0.72844
33,32,combined,medium,OLS,0.104178,0.104178,0.0515125,0.104178,2.7521,0.168521,16.331
33,32,combined,medium,ISD-1,0.104178,0.104178,0.0553812,0.104178,2.7521,0.484132,5.68461
33,32,combined,medium,ISD-3,0.104178,0.104178,0.057271,0.104178,2.7521,0.58428,4.71025
33,32,combined,medium,ElasticNet,0.104178,0.104178,0.0522324,0.104178,2.7521,0.0943565,29.1671
33,32,combined,medium,MCMC-add,0.104178,0.104178,0.0514962,0.104178,2.7521,0.176148,15.6238
33,32,combined,medium,MCMC-comb,0.104178,0.104178,0.0522252,0.0777329,2.7521,0.96685,2.84646
33,32,additive,high,OLS,0.208355,0,0.0961711,0,11.6539,1.74166,6.69126
33,32,additive,high,ISD-1,0.208355,0,0.107783,0,11.6539,2.87925,4.04754
33,32,additive,high,ISD-3,0.208355,0,0.109726,0,11.6539,2.59862,4.48464
33,32,additive,high,ElasticNet,0.208355,0,0.1003,0,11.6539,1.61428,7.21922
33,32,additive,high,MCMC-add,0.208355,0,0.096154,0,11.6539,0.944524,12.3383
33,32,additive,high,MCMC-comb,0.208355,0,0.0951072,0.134379,11.6539,1.98553,5.86941
33,32,multiplicative,high,OLS,0,0.208355,0.00849972,0.208355,0.416947,0.427137,0.976144
33,32,multiplicative,high,ISD-1,0,0.208355,0,0.208355,0.416947,0.416947,1
33,32,multiplicative,high,ISD-3,0,0.208355,0.00213619,0.208355,0.416947,0.375461,1.11049
33,32,multiplicative,high,ElasticNet,0,0.208355,0.00429752,0.208355,0.416947,0.449058,0.928492
33,32,multiplicative,high,MCMC-add,0,0.208355,0.00848778,0.208355,0.416947,0.469352,0.888346
33,32,multiplicative,high,MCMC-comb,0,0.208355,0.00927932,0.0445861,0.416947,0.298988,1.39453
33,32,combined,high,OLS,0.208355,0.208355,0.0950342,0.208355,11.3236,0.325136,34.8271
33,32,combined,high,ISD-1,0.208355,0.208355,0.107635,0.208355,11.3236,1.78615,6.33964
33,32,combined,high,ISD-3,0.208355,0.208355,0.108738,0.208355,11.3236,1.53252,7.38885
33,32,combined,high,ElasticNet,0.208355,0.208355,0.0994681,0.208355,11.3236,0.450857,25.1156
33,32,combined,high,MCMC-add,0.208355,0.208355,0.0950174,0.208355,11.3236,0.5866,19.3037
33,32,combined,high,MCMC-comb,0.208355,0.208355,0.0953272,0.154073,11.3236,2.16864,5.22149
33,64,additive,low,OLS,0.0420604,0,0.045497,0,1.12267,0.730686,1.53646
33,64,additive,low,ISD-1,0.0420604,0,0.0296381,0,1.12267,0.796209,1.41001
33,64,additive,low,ISD-3,0.0420604,0,0.0271764,0,1.12267,0.771352,1.45545
33,64,additive,low,ElasticNet,0.0420604,0,0.0423637,0,1.12267,0.765902,1.46581
33,64,additive,low,MCMC-add,0.0420604,0,0.0455202,0,1.12267,1.13793,0.986587
33,64,additive,low,MCMC-comb,0.0420604,0,0.045493,0.0176411,1.12267,1.57748,0.711684
33,64,multiplicative,low,OLS,0,0.0420604,0.0272999,0.0420604,0.515768,0.445587,1.1575
33,64,multiplicative,low,ISD-1,0,0.0420604,0,0.0420604,0.515768,0.515768,1
33,64,multiplicative,low,ISD-3,0,0.0420604,0.00705071,0.0420604,0.515768,0.569322,0.905934
33,64,multiplicative,low,ElasticNet,0,0.0420604,0.0196337,0.0420604,0.515768,0.534298,0.965319
33,64,multiplicative,low,MCMC-add,0,0.0420604,0.0273219,0.0420604,0.515768,0.221867,2.32468
33,64,multiplicative,low,MCMC-comb,0,0.0420604,0.0273141,0.010849,0.515768,0.83996,0.614038
33,64,combined,low,OLS,0.0420604,0.0420604,0.0451844,0.0420604,0.677351,0.158811,4.26513
33,64,combined,low,ISD-1,0.0420604,0.0420604,0.0295442,0.0420604,0.677351,0.278682,2.43055
33,64,combined,low,ISD-3,0.0420604,0.0420604,0.026972,0.0420604,0.677351,0.256304,2.64276
33,64,combined,low,ElasticNet,0.0420604,0.0420604,0.0421555,0.0420604,0.677351,0.156572,4.32613
33,64,combined,low,MCMC-add,0.0420604,0.0420604,0.0452075,0.0420604,0.677351,0.66074,1.02514
33,64,combined,low,MCMC-comb,0.0420604,0.0420604,0.0451234,0.014144,0.677351,0.962309,0.703881
33,64,additive,medium,OLS,0.105151,0,0.07272,0,4.56986,3.20006,1.42805
33,64,additive,medium,ISD-1,0.105151,0,0.057509,0,4.56986,2.3489,1.94553
33,64,additive,medium,ISD-3,0.105151,0,0.0598421,0,4.56986,2.28752,1.99774
33,64,additive,medium,ElasticNet,0.105151,0,0.0689753,0,4.56986,3.25516,1.40388
33,64,additive,medium,MCMC-add,0.105151,0,0.0727437,0,4.56986,2.04486,2.2348
33,64,additive,medium,MCMC-comb,0.105151,0,0.0721864,0.0138083,4.56986,2.31733,1.97204
33,64,multiplicative,medium,OLS,0,0.105151,0.0270424,0.105151,1.13039,1.25006,0.904269
33,64,multiplicative,medium,ISD-1,0,0.105151,0,0.105151,1.13039,1.13039,1
33,64,multiplicative,medium,ISD-3,0,0.105151,0.0070864,0.105151,1.13039,1.12497,1.00482
33,64,multiplicative,medium,ElasticNet,0,0.105151,0.0198124,0.105151,1.13039,1.15764,0.976464
33,64,multiplicative,medium,MCMC-add,0,0.105151,0.0270641,0.105151,1.13039,0.593161,1.90571
33,64,multiplicative,medium,MCMC-comb,0,0.105151,0.0269351,0.0171676,1.13039,0.516816,2.18722
33,64,combined,medium,OLS,0.105151,0.105151,0.0719329,0.105151,3.61462,0.208163,17.3644
33,64,combined,medium,ISD-1,0.105151,0.105151,0.0582763,0.105151,3.61462,0.80523,4.48893
33,64,combined,medium,ISD-3,0.105151,0.105151,0.0525163,0.105151,3.61462,0.659339,5.48219
33,64,combined,medium,ElasticNet,0.105151,0.105151,0.0680293,0.105151,3.61462,0.161186,22.4251
33,64,combined,medium,MCMC-add,0.105151,0.105151,0.0719563,0.105151,3.61462,0.751955,4.80696
33,64,combined,medium,MCMC-comb,0.105151,0.105151,0.0715893,0.0196397,3.61462,1.92685,1.87592
33,64,additive,high,OLS,0.210302,0,0.118626,0,15.2261,7.5361,2.02042
33,64,additive,high,ISD-1,0.210302,0,0.104259,0,15.2261,6.52015,2.33523
33,64,additive,high,ISD-3,0.210302,0,0.110184,0,15.2261,6.25239,2.43524
33,64,additive,high,ElasticNet,0.210302,0,0.100841,0,15.2261,6.69843,2.27308
33,64,additive,high,MCMC-add,0.210302,0,0.11865,0,15.2261,3.84542,3.95954
33,64,additive,high,MCMC-comb,0.210302,0,0.116737,0.0255119,15.2261,4.48736,3.3931
33,64,multiplicative,high,OLS,0,0.210302,0.0270491,0.210302,1.84958,1.99028,0.929307
33,64,multiplicative,high,ISD-1,0,0.210302,0,0.210302,1.84958,1.84958,1
33,64,multiplicative,high,ISD-3,0,0.210302,0.00717582,0.210302,1.84958,1.85967,0.994573
33,64,multiplicative,high,ElasticNet,0,0.210302,0.0218737,0.210302,1.84958,2.0166,0.917179
33,64,multiplicative,high,MCMC-add,0,0.210302,0.02707,0.210302,1.84958,1.25192,1.47739
33,64,multiplicative,high,MCMC-comb,0,0.210302,0.026553,0.0780354,1.84958,0.192707,9.59787
33,64,combined,high,OLS,0.210302,0.210302,0.116854,0.210302,14.1458,0.508065,27.8424
33,64,combined,high,ISD-1,0.210302,0.210302,0.110657,0.210302,14.1458,2.47608,5.71296
33,64,combined,high,ISD-3,0.210302,0.210302,0.104305,0.210302,14.1458,2.20443,6.41697
33,64,combined,high,ElasticNet,0.210302,0.210302,0.0994785,0.210302,14.1458,0.597309,23.6825
33,64,combined,high,MCMC-add,0.210302,0.210302,0.116877,0.210302,14.1458,1.46986,9.62388
33,64,combined,high,MCMC-comb,0.210302,0.210302,0.11505,0.0931732,14.1458,3.42984,4.12432
33,128,additive,low,OLS,0.0422577,0,0.125894,0,0.810044,0.857628,0.944517
33,128,additive,low,ISD-1,0.0422577,0,0.0320574,0,0.810044,0.787492,1.02864
33,128,additive,low,ISD-3,0.0422577,0,0.0304595,0,0.810044,0.780163,1.0383
33,128,additive,low,ElasticNet,0.0422577,0,0.125787,0,0.810044,0.86283,0.938823
33,128,additive,low,MCMC-add,0.0422577,0,0.12592,0,0.810044,4.50404,0.179849
33,128,additive,low,MCMC-comb,0.0422577,0,0.123095,0.0210237,0.810044,5.17393,0.156563
33,128,multiplicative,low,OLS,0,0.0422577,0.104282,0.0422577,0.626037,0.594135,1.0537
33,128,multiplicative,low,ISD-1,0,0.0422577,0.00438706,0.0422577,0.626037,0.583946,1.07208
33,128,multiplicative,low,ISD-3,0,0.0422577,0.00539193,0.0422577,0.626037,0.731592,0.855719
33,128,multiplicative,low,ElasticNet,0,0.0422577,0.100016,0.0422577,0.626037,0.613283,1.0208
33,128,multiplicative,low,MCMC-add,0,0.0422577,0.104307,0.0422577,0.626037,3.05234,0.205101
33,128,multiplicative,low,MCMC-comb,0,0.0422577,0.102626,0.00987771,0.626037,4.04854,0.154633
33,128,combined,low,OLS,0.0422577,0.0422577,0.124004,0.0422577,0.277239,0.148113,1.8718
33,128,combined,low,ISD-1,0.0422577,0.0422577,0.0307984,0.0422577,0.277239,0.154249,1.79735
33,128,combined,low,ISD-3,0.0422577,0.0422577,0.0289061,0.0422577,0.277239,0.145858,1.90075
33,128,combined,low,ElasticNet,0.0422577,0.0422577,0.123893,0.0422577,0.277239,0.140961,1.96677
33,128,combined,low,MCMC-add,0.0422577,0.0422577,0.12403,0.0422577,0.277239,3.79127,0.0731258
33,128,combined,low,MCMC-comb,0.0422577,0.0422577,0.121308,0.0147196,0.277239,4.99941,0.0554544
33,128,additive,medium,OLS,0.105644,0,0.155607,0,2.83015,2.56516,1.10331
33,128,additive,medium,ISD-1,0.105644,0,0.0653332,0,2.83015,2.34218,1.20834
33,128,additive,medium,ISD-3,0.105644,0,0.0653998,0,2.83015,2.31102,1.22463
33,128,additive,medium,ElasticNet,0.105644,0,0.155378,0,2.83015,2.54893,1.11033
33,128,additive,medium,MCMC-add,0.105644,0,0.155633,0,2.83015,5.55424,0.509548
33,128,additive,medium,MCMC-comb,0.105644,0,0.152898,0.0342321,2.83015,6.70025,0.422395
33,128,multiplicative,medium,OLS,0,0.105644,0.101898,0.105644,1.48977,1.56796,0.950132
33,128,multiplicative,medium,ISD-1,0,0.105644,0.00498499,0.105644,1.48977,1.5389,0.968071
33,128,multiplicative,medium,ISD-3,0,0.105644,0.00670303,0.105644,1.48977,1.4494,1.02785
33,128,multiplicative,medium,ElasticNet,0,0.105644,0.0991211,0.105644,1.48977,1.49565,0.996065
33,128,multiplicative,medium,MCMC-add,0,0.105644,0.101923,0.105644,1.48977,2.04365,0.728973
33,128,multiplicative,medium,MCMC-comb,0,0.105644,0.100113,0.0223669,1.48977,3.59188,0.41476
33,128,combined,medium,OLS,0.105644,0.105644,0.150781,0.105644,2.12293,0.23013,9.22491
33,128,combined,medium,ISD-1,0.105644,0.105644,0.0600607,0.105644,2.12293,0.549532,3.86316
33,128,combined,medium,ISD-3,0.105644,0.105644,0.0594587,0.105644,2.12293,0.572099,3.71078
33,128,combined,medium,ElasticNet,0.105644,0.105644,0.150378,0.105644,2.12293,0.182538,11.6301
33,128,combined,medium,MCMC-add,0.105644,0.105644,0.150806,0.105644,2.12293,3.87907,0.547278
33,128,combined,medium,MCMC-comb,0.105644,0.105644,0.149969,0.0281016,2.12293,6.66513,0.318513
33,128,additive,high,OLS,0.211289,0,0.205659,0,8.97869,7.99129,1.12356
33,128,additive,high,ISD-1,0.211289,0,0.122559,0,8.97869,6.06114,1.48135
33,128,additive,high,ISD-3,0.211289,0,0.122333,0,8.97869,5.97643,1.50235
33,128,additive,high,ElasticNet,0.211289,0,0.20209,0,8.97869,7.86156,1.1421
33,128,additive,high,MCMC-add,0.211289,0,0.205684,0,8.97869,7.78887,1.15276
33,128,additive,high,MCMC-comb,0.211289,0,0.207745,0.0573068,8.97869,9.56352,0.938848
33,128,multiplicative,high,OLS,0,0.211289,0.0988811,0.211289,2.5323,3.034,0.834639
33,128,multiplicative,high,ISD-1,0,0.211289,0.0108773,0.211289,2.5323,2.92328,0.866253
33,128,multiplicative,high,ISD-3,0,0.211289,0.0112001,0.211289,2.5323,2.77062,0.91398
33,128,multiplicative,high,ElasticNet,0,0.211289,0.0977762,0.211289,2.5323,3.00526,0.842622
33,128,multiplicative,high,MCMC-add,0,0.211289,0.0989047,0.211289,2.5323,0.730247,3.46773
33,128,multiplicative,high,MCMC-comb,0,0.211289,0.0976698,0.0872311,2.5323,2.72457,0.929429
33,128,combined,high,OLS,0.211289,0.211289,0.195703,0.211289,8.96343,0.587236,15.2638
33,128,combined,high,ISD-1,0.211289,0.211289,0.113644,0.211289,8.96343,1.74896,5.12499
33,128,combined,high,ISD-3,0.211289,0.211289,0.113235,0.211289,8.96343,1.59012,5.63694
33,128,combined,high,ElasticNet,0.211289,0.211289,0.191099,0.211289,8.96343,0.553413,16.1966
33,128,combined,high,MCMC-add,0.211289,0.211289,0.195728,0.211289,8.96343,4.77838,1.87583
33,128,combined,high,MCMC-comb,0.211289,0.211289,0.195229,0.0752075,8.96343,8.39458,1.06776
34,32,additive,low,OLS,0.0494368,0,0.0132096,0,0.386824,0.11069,3.49465
34,32,additive,low,ISD-1,0.0494368,0,0.0223069,0,0.386824,0.120199,3.21819
34,32,additive,low,ISD-3,0.0494368,0,0.0227447,0,0.386824,0.0877199,4.40976
34,32,additive,low,ElasticNet,0.0494368,0,0.0199825,0,0.386824,0.106896,3.61869
34,32,additive,low,MCMC-add,0.0494368,0,0.0132241,0,0.386824,0.0879942,4.39601
34,32,additive,low,MCMC-comb,0.0494368,0,0.0132725,0.0885411,0.386824,0.344778,1.12195
34,32,multiplicative,low,OLS,0,0.0459605,0.0106615,0.0459605,0.103215,0.138416,0.745689
34,32,multiplicative,low,ISD-1,0,0.0459605,0,0.0459605,0.103215,0.103215,1
34,32,multiplicative,low,ISD-3,0,0.0459605,0,0.0459605,0.103215,0.103215,1
34,32,multiplicative,low,ElasticNet,0,0.0459605,0.00359973,0.0459605,0.103215,0.13795,0.748206
34,32,multiplicative,low,MCMC-add,0,0.0459605,0.0106521,0.0459605,0.103215,0.138799,0.743633
34,32,multiplicative,low,MCMC-comb,0,0.0459605,0.0100727,0.0876086,0.103215,0.387646,0.266262
34,32,combined,low,OLS,0.0494368,0.0459605,0.0129478,0.0459605,0.451938,0.102053,4.42848
34,32,combined,low,ISD-1,0.0494368,0.0459605,0.0223185,0.0459605,0.451938,0.15488,2.91798
34,32,combined,low,ISD-3,0.0494368,0.0459605,0.02314,0.0459605,0.451938,0.0936307,4.82681
34,32,combined,low,ElasticNet,0.0494368,0.0459605,0.0198185,0.0459605,0.451938,0.153101,2.95189
34,32,combined,low,MCMC-add,0.0494368,0.0459605,0.0129626,0.0459605,0.451938,0.117032,3.86167
34,32,combined,low,MCMC-comb,0.0494368,0.0459605,0.0125783,0.093641,0.451938,0.392559,1.15126
34,32,additive,medium,OLS,0.123592,0,0.039016,0,2.2956,0.131305,17.483
34,32,additive,medium,ISD-1,0.123592,0,0.0524796,0,2.2956,0.235097,9.76448
34,32,additive,medium,ISD-3,0.123592,0,0.0543846,0,2.2956,0.177842,12.9081
34,32,additive,medium,ElasticNet,0.123592,0,0.0403021,0,2.2956,0.127861,17.9538
34,32,additive,medium,MCMC-add,0.123592,0,0.0390319,0,2.2956,0.156931,14.628
34,32,additive,medium,MCMC-comb,0.123592,0,0.0389392,0.100771,2.2956,0.295305,7.77365
34,32,multiplicative,medium,OLS,0,0.114901,0.010438,0.114901,0.262476,0.217928,1.20442
34,32,multiplicative,medium,ISD-1,0,0.114901,0,0.114901,0.262476,0.262476,1
34,32,multiplicative,medium,ISD-3,0,0.114901,0,0.114901,0.262476,0.262476,1
34,32,multiplicative,medium,ElasticNet,0,0.114901,0.0029144,0.114901,0.262476,0.279375,0.939511
34,32,multiplicative,medium,MCMC-add,0,0.114901,0.010428,0.114901,0.262476,0.282815,0.928081
34,32,multiplicative,medium,MCMC-comb,0,0.114901,0.00837701,0.0907124,0.262476,0.414515,0.633212
34,32,combined,medium,OLS,0.123592,0.114901,0.0387111,0.114901,2.48036,0.276076,8.98435
34,32,combined,medium,ISD-1,0.123592,0.114901,0.0521133,0.114901,2.48036,0.475694,5.2142
34,32,combined,medium,ISD-3,0.123592,0.114901,0.0543596,0.114901,2.48036,0.422534,5.87021
34,32,combined,medium,ElasticNet,0.123592,0.114901,0.0394593,0.114901,2.48036,0.254048,9.76336
34,32,combined,medium,MCMC-add,0.123592,0.114901,0.0387275,0.114901,2.48036,0.134353,18.4615
34,32,combined,medium,MCMC-comb,0.123592,0.114901,0.0391169,0.100212,2.48036,0.255638,9.70264
34,32,additive,high,OLS,0.247184,0,0.0857704,0,8.89165,0.475242,18.7098
34,32,additive,high,ISD-1,0.247184,0,0.099202,0,8.89165,0.982811,9.04716
34,32,additive,high,ISD-3,0.247184,0,0.10101,0,8.89165,0.96355,9.22801
34,32,additive,high,ElasticNet,0.247184,0,0.0870851,0,8.89165,0.488215,18.2126
34,32,additive,high,MCMC-add,0.247184,0,0.0857861,0,8.89165,0.172858,51.4392
34,32,additive,high,MCMC-comb,0.247184,0,0.0862978,0.120854,8.89165,0.359905,24.7055
34,32,multiplicative,high,OLS,0,0.229802,0.0102177,0.229802,0.585286,0.611889,0.956523
34,32,multiplicative,high,ISD-1,0,0.229802,0,0.229802,0.585286,0.585286,1
34,32,multiplicative,high,ISD-3,0,0.229802,0,0.229802,0.585286,0.585286,1
34,32,multiplicative,high,ElasticNet,0,0.229802,0.00219151,0.229802,0.585286,0.6038,0.969337
34,32,multiplicative,high,MCMC-add,0,0.229802,0.0102067,0.229802,0.585286,0.667427,0.876929
34,32,multiplicative,high,MCMC-comb,0,0.229802,0.00607298,0.13051,0.585286,0.497902,1.1755
34,32,combined,high,OLS,0.247184,0.229802,0.0856548,0.229802,9.30193,1.28154,7.25838
34,32,combined,high,ISD-1,0.247184,0.229802,0.0984547,0.229802,9.30193,1.7514,5.31113
34,32,combined,high,ISD-3,0.247184,0.229802,0.100804,0.229802,9.30193,1.74053,5.34432
34,32,combined,high,ElasticNet,0.247184,0.229802,0.0865261,0.229802,9.30193,1.29342,7.19174
34,32,combined,high,MCMC-add,0.247184,0.229802,0.0856713,0.229802,9.30193,0.415328,22.3966
34,32,combined,high,MCMC-comb,0.247184,0.229802,0.0868565,0.168907,9.30193,0.379564,24.5069
34,64,additive,low,OLS,0.0497439,0,0.00974919,0,0.57328,0.397474,1.44231
34,64,additive,low,ISD-1,0.0497439,0,0.0235192,0,0.57328,0.328206,1.74671
34,64,additive,low,ISD-3,0.0497439,0,0.0251094,0,0.57328,0.359613,1.59416
34,64,additive,low,ElasticNet,0.0497439,0,0.00945571,0,0.57328,0.397652,1.44166
34,64,additive,low,MCMC-add,0.0497439,0,0.00976816,0,0.57328,0.235196,2.43745
34,64,additive,low,MCMC-comb,0.0497439,0,0.00953304,0.0597595,0.57328,1.771,0.323704
34,64,multiplicative,low,OLS,0,0.0462388,0.0255754,0.0462388,0.611357,0.528093,1.15767
34,64,multiplicative,low,ISD-1,0,0.0462388,0,0.0462388,0.611357,0.611357,1
34,64,multiplicative,low,ISD-3,0,0.0462388,0.00412755,0.0462388,0.611357,0.53636,1.13983
34,64,multiplicative,low,ElasticNet,0,0.0462388,0.0196464,0.0462388,0.611357,0.470416,1.29961
34,64,multiplicative,low,MCMC-add,0,0.0462388,0.0256,0.0462388,0.611357,1.13996,0.536298
34,64,multiplicative,low,MCMC-comb,0,0.0462388,0.024461,0.0684782,0.611357,2.48712,0.245809
34,64,combined,low,OLS,0.0497439,0.0462388,0.0093626,0.0462388,0.977306,0.320125,3.05289
34,64,combined,low,ISD-1,0.0497439,0.0462388,0.0234542,0.0462388,0.977306,0.315223,3.10036
34,64,combined,low,ISD-3,0.0497439,0.0462388,0.0250252,0.0462388,0.977306,0.380672,2.56732
34,64,combined,low,ElasticNet,0.0497439,0.0462388,0.00902862,0.0462388,0.977306,0.330238,2.95939
34,64,combined,low,MCMC-add,0.0497439,0.0462388,0.00938258,0.0462388,0.977306,0.819141,1.19309
34,64,combined,low,MCMC-comb,0.0497439,0.0462388,0.00784997,0.0704846,0.977306,2.01035,0.486137
34,64,additive,medium,OLS,0.12436,0,0.0232339,0,4.44265,0.305501,14.5422
34,64,additive,medium,ISD-1,0.12436,0,0.0550173,0,4.44265,0.29673,14.972
34,64,additive,medium,ISD-3,0.12436,0,0.0564204,0,4.44265,0.318439,13.9513
34,64,additive,medium,ElasticNet,0.12436,0,0.0242633,0,4.44265,0.231217,19.2142
34,64,additive,medium,MCMC-add,0.12436,0,0.0232131,0,4.44265,0.614217,7.23303
34,64,additive,medium,MCMC-comb,0.12436,0,0.0232071,0.0616185,4.44265,1.11976,3.9675
34,64,multiplicative,medium,OLS,0,0.115597,0.025552,0.115597,1.67415,1.55255,1.07832
34,64,multiplicative,medium,ISD-1,0,0.115597,0,0.115597,1.67415,1.67415,1
34,64,multiplicative,medium,ISD-3,0,0.115597,0.00415009,0.115597,1.67415,1.47277,1.13674
34,64,multiplicative,medium,ElasticNet,0,0.115597,0.0195939,0.115597,1.67415,1.58643,1.0553
34,64,multiplicative,medium,MCMC-add,0,0.115597,0.0255771,0.115597,1.67415,2.35476,0.710966
34,64,multiplicative,medium,MCMC-comb,0,0.115597,0.0209411,0.119643,1.67415,4.04738,0.413638
34,64,combined,medium,OLS,0.12436,0.115597,0.0227774,0.115597,5.5487,1.37976,4.0215
34,64,combined,medium,ISD-1,0.12436,0.115597,0.0532036,0.115597,5.5487,1.89854,2.92261
34,64,combined,medium,ISD-3,0.12436,0.115597,0.0562378,0.115597,5.5487,1.8289,3.0339
34,64,combined,medium,ElasticNet,0.12436,0.115597,0.0235561,0.115597,5.5487,1.45745,3.80712
34,64,combined,medium,MCMC-add,0.12436,0.115597,0.022756,0.115597,5.5487,1.07536,5.15985
34,64,combined,medium,MCMC-comb,0.12436,0.115597,0.0225265,0.0434964,5.5487,0.517954,10.7127
34,64,additive,high,OLS,0.24872,0,0.0712293,0,17.8561,3.18649,5.60369
34,64,additive,high,ISD-1,0.24872,0,0.103703,0,17.8561,2.62177,6.81071
34,64,additive,high,ISD-3,0.24872,0,0.113204,0,17.8561,2.64328,6.75528
34,64,additive,high,ElasticNet,0.24872,0,0.0745721,0,17.8561,2.96699,6.01827
34,64,additive,high,MCMC-add,0.24872,0,0.0712064,0,17.8561,1.17313,15.221
34,64,additive,high,MCMC-comb,0.24872,0,0.0726548,0.072832,17.8561,0.752161,23.7398
34,64,multiplicative,high,OLS,0,0.231194,0.0255952,0.231194,3.91238,3.81171,1.02641
34,64,multiplicative,high,ISD-1,0,0.231194,0,0.231194,3.91238,3.91238,1
34,64,multiplicative,high,ISD-3,0,0.231194,0.00419275,0.231194,3.91238,3.68379,1.06205
34,64,multiplicative,high,ElasticNet,0,0.231194,0.0191921,0.231194,3.91238,3.7377,1.04673
34,64,multiplicative,high,MCMC-add,0,0.231194,0.0256212,0.231194,3.91238,4.64463,0.842343
34,64,multiplicative,high,MCMC-comb,0,0.231194,0.0217728,0.2245,3.91238,6.94847,0.563056
34,64,combined,high,OLS,0.24872,0.231194,0.0707583,0.231194,20.4692,6.37551,3.21061
34,64,combined,high,ISD-1,0.24872,0.231194,0.102793,0.231194,20.4692,7.13116,2.8704
34,64,combined,high,ISD-3,0.24872,0.231194,0.103475,0.231194,20.4692,7.0393,2.90785
34,64,combined,high,ElasticNet,0.24872,0.231194,0.0738649,0.231194,20.4692,6.37417,3.21128
34,64,combined,high,MCMC-add,0.24872,0.231194,0.0707342,0.231194,20.4692,2.60667,7.85263
34,64,combined,high,MCMC-comb,0.24872,0.231194,0.0737665,0.15921,20.4692,2.31585,8.83877
34,128,additive,low,OLS,0.0495923,0,0.0872929,0,0.681318,0.624246,1.09142
34,128,additive,low,ISD-1,0.0495923,0,0.0298769,0,0.681318,0.720028,0.946238
34,128,additive,low,ISD-3,0.0495923,0,0.0306092,0,0.681318,0.696857,0.977702
34,128,additive,low,ElasticNet,0.0495923,0,0.0871124,0,0.681318,0.631577,1.07876
34,128,additive,low,MCMC-add,0.0495923,0,0.0873185,0,0.681318,3.62742,0.187825
34,128,additive,low,MCMC-comb,0.0495923,0,0.0843519,0.0110807,0.681318,3.41404,0.199564
34,128,multiplicative,low,OLS,0,0.0462295,0.109345,0.0462295,0.874191,0.725018,1.20575
34,128,multiplicative,low,ISD-1,0,0.0462295,0.00774236,0.0462295,0.874191,0.754205,1.15909
34,128,multiplicative,low,ISD-3,0,0.0462295,0.0104002,0.0462295,0.874191,0.672499,1.29991
34,128,multiplicative,low,ElasticNet,0,0.0462295,0.106467,0.0462295,0.874191,0.684467,1.27719
34,128,multiplicative,low,MCMC-add,0,0.0462295,0.109371,0.0462295,0.874191,5.40244,0.161814
34,128,multiplicative,low,MCMC-comb,0,0.0462295,0.106417,0.0144576,0.874191,4.90601,0.178188
34,128,combined,low,OLS,0.0495923,0.0462295,0.0894084,0.0462295,0.624828,0.215018,2.90593
34,128,combined,low,ISD-1,0.0495923,0.0462295,0.0297971,0.0462295,0.624828,0.212704,2.93754
34,128,combined,low,ISD-3,0.0495923,0.0462295,0.0313085,0.0462295,0.624828,0.188088,3.322
34,128,combined,low,ElasticNet,0.0495923,0.0462295,0.0892202,0.0462295,0.624828,0.178737,3.49579
34,128,combined,low,MCMC-add,0.0495923,0.0462295,0.0894344,0.0462295,0.624828,4.59014,0.136124
34,128,combined,low,MCMC-comb,0.0495923,0.0462295,0.0864813,0.00974571,0.624828,3.81944,0.163592
34,128,additive,medium,OLS,0.123981,0,0.0576168,0,2.37709,2.48806,0.955402
34,128,additive,medium,ISD-1,0.123981,0,0.0596102,0,2.37709,0.981634,2.42157
34,128,additive,medium,ISD-3,0.123981,0,0.0595099,0,2.37709,1.13425,2.09574
34,128,additive,medium,ElasticNet,0.123981,0,0.0572119,0,2.37709,2.40543,0.988218
34,128,additive,medium,MCMC-add,0.123981,0,0.0576414,0,2.37709,2.50722,0.948099
34,128,additive,medium,MCMC-comb,0.123981,0,0.0554561,0.026362,2.37709,1.91555,1.24095
34,128,multiplicative,medium,OLS,0,0.115574,0.112637,0.115574,2.45933,1.92669,1.27645
34,128,multiplicative,medium,ISD-1,0,0.115574,0.0141445,0.115574,2.45933,2.04715,1.20135
34,128,multiplicative,medium,ISD-3,0,0.115574,0.0149444,0.115574,2.45933,1.98197,1.24085
34,128,multiplicative,medium,ElasticNet,0,0.115574,0.112509,0.115574,2.45933,1.9278,1.27572
34,128,multiplicative,medium,MCMC-add,0,0.115574,0.112664,0.115574,2.45933,6.99842,0.351413
34,128,multiplicative,medium,MCMC-comb,0,0.115574,0.10898,0.0508083,2.45933,5.85692,0.419902
34,128,combined,medium,OLS,0.123981,0.115574,0.0641943,0.115574,3.17719,1.16943,2.71688
34,128,combined,medium,ISD-1,0.123981,0.115574,0.0614432,0.115574,3.17719,1.42428,2.23074
34,128,combined,medium,ISD-3,0.123981,0.115574,0.0638008,0.115574,3.17719,1.35498,2.34483
34,128,combined,medium,ElasticNet,0.123981,0.115574,0.0637865,0.115574,3.17719,1.18093,2.69041
34,128,combined,medium,MCMC-add,0.123981,0.115574,0.0642197,0.115574,3.17719,4.96881,0.639427
34,128,combined,medium,MCMC-comb,0.123981,0.115574,0.0607706,0.0350795,3.17719,3.08799,1.02889
34,128,additive,high,OLS,0.247961,0,0.0285395,0,9.36919,6.18522,1.51477
34,128,additive,high,ISD-1,0.247961,0,0.117346,0,9.36919,0.997197,9.39552
34,128,additive,high,ISD-3,0.247961,0,0.126124,0,9.36919,0.80972,11.5709
34,128,additive,high,ElasticNet,0.247961,0,0.0287552,0,9.36919,5.98148,1.56637
34,128,additive,high,MCMC-add,0.247961,0,0.0285393,0,9.36919,1.18579,7.90121
34,128,additive,high,MCMC-comb,0.247961,0,0.0346945,0.0492846,9.36919,0.396243,23.6451
34,128,multiplicative,high,OLS,0,0.231147,0.118773,0.231147,5.47713,4.18229,1.3096
34,128,multiplicative,high,ISD-1,0,0.231147,0.022939,0.231147,5.47713,4.50238,1.2165
34,128,multiplicative,high,ISD-3,0,0.231147,0.0223129,0.231147,5.47713,4.61336,1.18723
34,128,multiplicative,high,ElasticNet,0,0.231147,0.118607,0.231147,5.47713,4.19131,1.30678
34,128,multiplicative,high,MCMC-add,0,0.231147,0.118801,0.231147,5.47713,10.2037,0.536779
34,128,multiplicative,high,MCMC-comb,0,0.231147,0.112752,0.122957,5.47713,6.37561,0.859076
34,128,combined,high,OLS,0.247961,0.231147,0.0449178,0.231147,11.226,4.48657,2.50212
34,128,combined,high,ISD-1,0.247961,0.231147,0.116594,0.231147,11.226,4.93683,2.27392
34,128,combined,high,ISD-3,0.247961,0.231147,0.12125,0.231147,11.226,4.8099,2.33393
34,128,combined,high,ElasticNet,0.247961,0.231147,0.0450175,0.231147,11.226,4.47692,2.50752
34,128,combined,high,MCMC-add,0.247961,0.231147,0.0449254,0.231147,11.226,6.55869,1.71161
34,128,combined,high,MCMC-comb,0.247961,0.231147,0.0476095,0.110819,11.226,1.95197,5.75108
35,32,additive,low,OLS,0.0448153,0,0.0314651,0,0.840918,0.196573,4.27789
35,32,additive,low,ISD-1,0.0448153,0,0.0256886,0,0.840918,0.259142,3.24501
35,32,additive,low,ISD-3,0.0448153,0,0.0245743,0,0.840918,0.34221,2.45732
35,32,additive,low,ElasticNet,0.0448153,0,0.0312939,0,0.840918,0.194658,4.31999
35,32,additive,low,MCMC-add,0.0448153,0,0.031448,0,0.840918,0.168508,4.99038
35,32,additive,low,MCMC-comb,0.0448153,0,0.0314524,0.112459,0.840918,0.693365,1.21281
35,32,multiplicative,low,OLS,0,0.0483807,0.0148604,0.0483807,0.12437,0.1315,0.945781
35,32,multiplicative,low,ISD-1,0,0.0483807,0.00752593,0.0483807,0.12437,0.220512,0.564006
35,32,multiplicative,low,ISD-3,0,0.0483807,0.00731774,0.0483807,0.12437,0.178626,0.696263
35,32,multiplicative,low,ElasticNet,0,0.0483807,0.0059112,0.0483807,0.12437,0.113117,1.09948
35,32,multiplicative,low,MCMC-add,0,0.0483807,0.0148434,0.0483807,0.12437,0.178769,0.695704
35,32,multiplicative,low,MCMC-comb,0,0.0483807,0.0149238,0.109354,0.12437,0.768237,0.161891
35,32,combined,low,OLS,0.0448153,0.0483807,0.0316349,0.0483807,0.957768,0.27627,3.46678
35,32,combined,low,ISD-1,0.0448153,0.0483807,0.0276296,0.0483807,0.957768,0.362543,2.64181
35,32,combined,low,ISD-3,0.0448153,0.0483807,0.0246092,0.0483807,0.957768,0.333165,2.87476
35,32,combined,low,ElasticNet,0.0448153,0.0483807,0.0314649,0.0483807,0.957768,0.268303,3.56972
35,32,combined,low,MCMC-add,0.0448153,0.0483807,0.0316175,0.0483807,0.957768,0.271147,3.53228
35,32,combined,low,MCMC-comb,0.0448153,0.0483807,0.031825,0.11789,0.957768,0.73948,1.29519
35,32,additive,medium,OLS,0.112038,0,0.0580508,0,5.02372,0.824009,6.09667
35,32,additive,medium,ISD-1,0.112038,0,0.0611602,0,5.02372,1.39473,3.60192
35,32,additive,medium,ISD-3,0.112038,0,0.0580331,0,5.02372,1.17872,4.26201
35,32,additive,medium,ElasticNet,0.112038,0,0.051319,0,5.02372,0.836783,6.00361
35,32,additive,medium,MCMC-add,0.112038,0,0.0580338,0,5.02372,0.39145,12.8336
35,32,additive,medium,MCMC-comb,0.112038,0,0.0581179,0.120978,5.02372,0.507151,9.90576
35,32,multiplicative,medium,OLS,0,0.120952,0.0151974,0.120952,0.430897,0.363124,1.18664
35,32,multiplicative,medium,ISD-1,0,0.120952,0.00763525,0.120952,0.430897,0.406493,1.06004
35,32,multiplicative,medium,ISD-3,0,0.120952,0.00755202,0.120952,0.430897,0.385856,1.11673
35,32,multiplicative,medium,ElasticNet,0,0.120952,0.00615994,0.120952,0.430897,0.414981,1.03835
35,32,multiplicative,medium,MCMC-add,0,0.120952,0.0151798,0.120952,0.430897,0.442617,0.973521
35,32,multiplicative,medium,MCMC-comb,0,0.120952,0.0147746,0.108097,0.430897,0.800075,0.538571
35,32,combined,medium,OLS,0.112038,0.120952,0.0584294,0.120952,5.47371,0.672787,8.13588
35,32,combined,medium,ISD-1,0.112038,0.120952,0.0612354,0.120952,5.47371,1.50666,3.63301
35,32,combined,medium,ISD-3,0.112038,0.120952,0.0578892,0.120952,5.47371,1.3892,3.9402
35,32,combined,medium,ElasticNet,0.112038,0.120952,0.0514268,0.120952,5.47371,0.772437,7.08629
35,32,combined,medium,MCMC-add,0.112038,0.120952,0.0584119,0.120952,5.47371,0.767232,7.13436
35,32,combined,medium,MCMC-comb,0.112038,0.120952,0.058325,0.126839,5.47371,0.625018,8.75769
35,32,additive,high,OLS,0.224076,0,0.103106,0,20.1837,5.78509,3.48892
35,32,additive,high,ISD-1,0.224076,0,0.117428,0,20.1837,5.63077,3.58454
35,32,additive,high,ISD-3,0.224076,0,0.103788,0,20.1837,5.49834,3.67087
35,32,additive,high,ElasticNet,0.224076,0,0.0996502,0,20.1837,5.62407,3.58881
35,32,additive,high,MCMC-add,0.224076,0,0.10309,0,20.1837,1.64383,12.2784
35,32,additive,high,MCMC-comb,0.224076,0,0.101689,0.0741365,20.1837,1.17943,17.113
35,32,multiplicative,high,OLS,0,0.241904,0.015807,0.241904,1.16877,1.22824,0.95158
35,32,multiplicative,high,ISD-1,0,0.241904,0.00776686,0.241904,1.16877,1.14862,1.01754
35,32,multiplicative,high,ISD-3,0,0.241904,0.00793976,0.241904,1.16877,1.24287,0.940377
35,32,multiplicative,high,ElasticNet,0,0.241904,0.00603816,0.241904,1.16877,1.15394,1.01285
35,32,multiplicative,high,MCMC-add,0,0.241904,0.0157883,0.241904,1.16877,1.23644,0.945265
35,32,multiplicative,high,MCMC-comb,0,0.241904,0.0139424,0.0980367,1.16877,0.448663,2.605
35,32,combined,high,OLS,0.224076,0.241904,0.103776,0.241904,21.2783,3.20307,6.64311
35,32,combined,high,ISD-1,0.224076,0.241904,0.115095,0.241904,21.2783,5.70246,3.73143
35,32,combined,high,ISD-3,0.224076,0.241904,0.106097,0.241904,21.2783,5.41667,3.9283
35,32,combined,high,ElasticNet,0.224076,0.241904,0.0996662,0.241904,21.2783,3.20165,6.64605
35,32,combined,high,MCMC-add,0.224076,0.241904,0.103758,0.241904,21.2783,2.97467,7.15317
35,32,combined,high,MCMC-comb,0.224076,0.241904,0.103389,0.154453,21.2783,1.0387,20.4855
35,64,additive,low,OLS,0.0438785,0,0.0478659,0,0.662192,0.327574,2.0215
35,64,additive,low,ISD-1,0.0438785,0,0.0251866,0,0.662192,0.382079,1.73313
35,64,additive,low,ISD-3,0.0438785,0,0.0288201,0,0.662192,0.327812,2.02003
35,64,additive,low,ElasticNet,0.0438785,0,0.0476717,0,0.662192,0.33443,1.98006
35,64,additive,low,MCMC-add,0.0438785,0,0.0478907,0,0.662192,0.546076,1.21264
35,64,additive,low,MCMC-comb,0.0438785,0,0.0477203,0.032758,0.662192,0.934187,0.708843
35,64,multiplicative,low,OLS,0,0.0475325,0.0300516,0.0475325,0.298079,0.276993,1.07613
35,64,multiplicative,low,ISD-1,0,0.0475325,0,0.0475325,0.298079,0.298079,1
35,64,multiplicative,low,ISD-3,0,0.0475325,0.00970708,0.0475325,0.298079,0.295077,1.01017
35,64,multiplicative,low,ElasticNet,0,0.0475325,0.0285202,0.0475325,0.298079,0.276422,1.07835
35,64,multiplicative,low,MCMC-add,0,0.0475325,0.0300766,0.0475325,0.298079,0.616941,0.483157
35,64,multiplicative,low,MCMC-comb,0,0.0475325,0.0296138,0.0558777,0.298079,1.02564,0.290629
35,64,combined,low,OLS,0.0438785,0.0475325,0.0482208,0.0475325,0.963385,0.548436,1.7566
35,64,combined,low,ISD-1,0.0438785,0.0475325,0.0278738,0.0475325,0.963385,0.588559,1.63685
35,64,combined,low,ISD-3,0.0438785,0.0475325,0.0287608,0.0475325,0.963385,0.560761,1.71799
35,64,combined,low,ElasticNet,0.0438785,0.0475325,0.048022,0.0475325,0.963385,0.542399,1.77615
35,64,combined,low,MCMC-add,0.0438785,0.0475325,0.0482458,0.0475325,0.963385,0.862155,1.11742
35,64,combined,low,MCMC-comb,0.0438785,0.0475325,0.0477547,0.0577156,0.963385,1.28215,0.751384
35,64,additive,medium,OLS,0.109696,0,0.0753489,0,3.0093,3.5579,0.845807
35,64,additive,medium,ISD-1,0.109696,0,0.0654448,0,3.0093,1.27611,2.35819
35,64,additive,medium,ISD-3,0.109696,0,0.060848,0,3.0093,1.30627,2.30373
35,64,additive,medium,ElasticNet,0.109696,0,0.0748823,0,3.0093,3.55416,0.846696
35,64,additive,medium,MCMC-add,0.109696,0,0.0753737,0,3.0093,0.982092,3.06417
35,64,additive,medium,MCMC-comb,0.109696,0,0.074967,0.0454137,3.0093,1.53599,1.95919
35,64,multiplicative,medium,OLS,0,0.118831,0.0306212,0.118831,0.928607,0.91317,1.01691
35,64,multiplicative,medium,ISD-1,0,0.118831,0,0.118831,0.928607,0.928607,1
35,64,multiplicative,medium,ISD-3,0,0.118831,0.00857803,0.118831,0.928607,0.862461,1.07669
35,64,multiplicative,medium,ElasticNet,0,0.118831,0.0289407,0.118831,0.928607,0.940915,0.98692
35,64,multiplicative,medium,MCMC-add,0,0.118831,0.0306465,0.118831,0.928607,1.28717,0.721433
35,64,multiplicative,medium,MCMC-comb,0,0.118831,0.0324019,0.0381293,0.928607,0.810407,1.14585
35,64,combined,medium,OLS,0.109696,0.118831,0.0762694,0.118831,3.93472,1.54998,2.53855
35,64,combined,medium,ISD-1,0.109696,0.118831,0.0622012,0.118831,3.93472,1.87629,2.09707
35,64,combined,medium,ISD-3,0.109696,0.118831,0.0622067,0.118831,3.93472,1.8424,2.13565
35,64,combined,medium,ElasticNet,0.109696,0.118831,0.0757866,0.118831,3.93472,1.55343,2.53293
35,64,combined,medium,MCMC-add,0.109696,0.118831,0.076295,0.118831,3.93472,1.89912,2.07187
35,64,combined,medium,MCMC-comb,0.109696,0.118831,0.0733587,0.0289817,3.93472,1.2069,3.26018
35,64,additive,high,OLS,0.219393,0,0.122136,0,10.0691,10.5952,0.950341
35,64,additive,high,ISD-1,0.219393,0,0.121498,0,10.0691,4.15612,2.42271
35,64,additive,high,ISD-3,0.219393,0,0.11897,0,10.0691,4.13198,2.43687
35,64,additive,high,ElasticNet,0.219393,0,0.121275,0,10.0691,10.6079,0.949209
35,64,additive,high,MCMC-add,0.219393,0,0.12216,0,10.0691,2.32417,4.33233
35,64,additive,high,MCMC-comb,0.219393,0,0.120758,0.041153,10.0691,2.82091,3.56944
35,64,multiplicative,high,OLS,0,0.237662,0.0315522,0.237662,2.29103,2.27862,1.00545
35,64,multiplicative,high,ISD-1,0,0.237662,0,0.237662,2.29103,2.29103,1
35,64,multiplicative,high,ISD-3,0,0.237662,0.00843502,0.237662,2.29103,2.26807,1.01012
35,64,multiplicative,high,ElasticNet,0,0.237662,0.0276885,0.237662,2.29103,2.22841,1.0281
35,64,multiplicative,high,MCMC-add,0,0.237662,0.0315783,0.237662,2.29103,2.63442,0.869651
35,64,multiplicative,high,MCMC-comb,0,0.237662,0.0315026,0.264833,2.29103,6.39696,0.358143
35,64,combined,high,OLS,0.219393,0.237662,0.122757,0.237662,12.6292,4.54787,2.77696
35,64,combined,high,ISD-1,0.219393,0.237662,0.122529,0.237662,12.6292,5.45328,2.3159
35,64,combined,high,ISD-3,0.219393,0.237662,0.113771,0.237662,12.6292,5.20166,2.42792
35,64,combined,high,ElasticNet,0.219393,0.237662,0.121847,0.237662,12.6292,4.5378,2.78312
35,64,combined,high,MCMC-add,0.219393,0.237662,0.122783,0.237662,12.6292,4.64,2.72182
35,64,combined,high,MCMC-comb,0.219393,0.237662,0.121672,0.190253,12.6292,4.62104,2.73299
35,128,additive,low,OLS,0.0436485,0,0.123009,0,1.5866,1.50412,1.05484
35,128,additive,low,ISD-1,0.0436485,0,0.028492,0,1.5866,1.37066,1.15755
35,128,additive,low,ISD-3,0.0436485,0,0.0291935,0,1.5866,1.33727,1.18645
35,128,additive,low,ElasticNet,0.0436485,0,0.122834,0,1.5866,1.50376,1.05509
35,128,additive,low,MCMC-add,0.0436485,0,0.123035,0,1.5866,6.20016,0.255897
35,128,additive,low,MCMC-comb,0.0436485,0,0.122388,0.0231181,1.5866,7.40302,0.214319
35,128,multiplicative,low,OLS,0,0.0471346,0.103048,0.0471346,1.19097,1.20909,0.98501
35,128,multiplicative,low,ISD-1,0,0.0471346,0,0.0471346,1.19097,1.19097,1
35,128,multiplicative,low,ISD-3,0,0.0471346,0.00196795,0.0471346,1.19097,1.20704,0.986687
35,128,multiplicative,low,ElasticNet,0,0.0471346,0.101663,0.0471346,1.19097,1.15441,1.03167
35,128,multiplicative,low,MCMC-add,0,0.0471346,0.103074,0.0471346,1.19097,6.32994,0.188148
35,128,multiplicative,low,MCMC-comb,0,0.0471346,0.102449,0.023042,1.19097,6.42677,0.185314
35,128,combined,low,OLS,0.0436485,0.0471346,0.121844,0.0471346,2.66298,2.19138,1.21521
35,128,combined,low,ISD-1,0.0436485,0.0471346,0.0252319,0.0471346,2.66298,2.21476,1.20238
35,128,combined,low,ISD-3,0.0436485,0.0471346,0.0264326,0.0471346,2.66298,2.27808,1.16895
35,128,combined,low,ElasticNet,0.0436485,0.0471346,0.121638,0.0471346,2.66298,2.20508,1.20765
35,128,combined,low,MCMC-add,0.0436485,0.0471346,0.121869,0.0471346,2.66298,7.33279,0.36316
35,128,combined,low,MCMC-comb,0.0436485,0.0471346,0.121188,0.0278609,2.66298,7.77028,0.342713
35,128,additive,medium,OLS,0.109121,0,0.151538,0,5.44592,5.04274,1.07995
35,128,additive,medium,ISD-1,0.109121,0,0.0644888,0,5.44592,3.85294,1.41344
35,128,additive,medium,ISD-3,0.109121,0,0.0620193,0,5.44592,3.85101,1.41415
35,128,additive,medium,ElasticNet,0.109121,0,0.151115,0,5.44592,4.98378,1.09273
35,128,additive,medium,MCMC-add,0.109121,0,0.151563,0,5.44592,8.01037,0.679859
35,128,additive,medium,MCMC-comb,0.109121,0,0.15,0.0358189,5.44592,9.67515,0.562878
35,128,multiplicative,medium,OLS,0,0.117837,0.102037,0.117837,3.20826,2.85322,1.12443
35,128,multiplicative,medium,ISD-1,0,0.117837,0.0075369,0.117837,3.20826,2.95953,1.08404
35,128,multiplicative,medium,ISD-3,0,0.117837,0.00615211,0.117837,3.20826,2.93104,1.09458
35,128,multiplicative,medium,ElasticNet,0,0.117837,0.101924,0.117837,3.20826,2.85857,1.12233
35,128,multiplicative,medium,MCMC-add,0,0.117837,0.102063,0.117837,3.20826,8.37606,0.383027
35,128,multiplicative,medium,MCMC-comb,0,0.117837,0.100187,0.0405469,3.20826,6.41616,0.500028
35,128,combined,medium,OLS,0.109121,0.117837,0.148732,0.117837,9.14266,5.46685,1.67238
35,128,combined,medium,ISD-1,0.109121,0.117837,0.056097,0.117837,9.14266,5.97819,1.52934
35,128,combined,medium,ISD-3,0.109121,0.117837,0.0532851,0.117837,9.14266,5.88799,1.55276
35,128,combined,medium,ElasticNet,0.109121,0.117837,0.148214,0.117837,9.14266,5.49146,1.66488
35,128,combined,medium,MCMC-add,0.109121,0.117837,0.148758,0.117837,9.14266,11.0189,0.829726
35,128,combined,medium,MCMC-comb,0.109121,0.117837,0.147343,0.0578633,9.14266,10.9951,0.831523
35,128,additive,high,OLS,0.218242,0,0.200527,0,16.1726,25.604,0.631643
35,128,additive,high,ISD-1,0.218242,0,0.127529,0,16.1726,10.1321,1.59617
35,128,additive,high,ISD-3,0.218242,0,0.117622,0,16.1726,9.74854,1.65898
35,128,additive,high,ElasticNet,0.218242,0,0.199762,0,16.1726,25.444,0.635617
35,128,additive,high,MCMC-add,0.218242,0,0.200552,0,16.1726,11.7028,1.38194
35,128,additive,high,MCMC-comb,0.218242,0,0.199048,0.0584949,16.1726,13.7171,1.17901
35,128,multiplicative,high,OLS,0,0.235673,0.101746,0.235673,7.22667,5.76181,1.25424
35,128,multiplicative,high,ISD-1,0,0.235673,0.0197506,0.235673,7.22667,6.03748,1.19697
35,128,multiplicative,high,ISD-3,0,0.235673,0.0203189,0.235673,7.22667,6.0408,1.19631
35,128,multiplicative,high,ElasticNet,0,0.235673,0.101612,0.235673,7.22667,5.75264,1.25623
35,128,multiplicative,high,MCMC-add,0,0.235673,0.101772,0.235673,7.22667,12.3867,0.583422
35,128,multiplicative,high,MCMC-comb,0,0.235673,0.0968193,0.123335,7.22667,6.03245,1.19797
35,128,combined,high,OLS,0.218242,0.235673,0.193826,0.235673,26.3321,13.2202,1.9918
35,128,combined,high,ISD-1,0.218242,0.235673,0.111108,0.235673,26.3321,14.8199,1.77681
35,128,combined,high,ISD-3,0.218242,0.235673,0.0931765,0.235673,26.3321,14.1889,1.85582
35,128,combined,high,ElasticNet,0.218242,0.235673,0.192237,0.235673,26.3321,13.2276,1.99069
35,128,combined,high,MCMC-add,0.218242,0.235673,0.193853,0.235673,26.3321,19.8545,1.32625
35,128,combined,high,MCMC-comb,0.218242,0.235673,0.191694,0.124887,26.3321,15.3935,1.7106
36,32,additive,low,OLS,0.0486715,0,0.0167107,0,0.957121,0.230298,4.156
36,32,additive,low,ISD-1,0.0486715,0,0.021776,0,0.957121,0.303013,3.15868
36,32,additive,low,ISD-3,0.0486715,0,0.0216058,0,0.957121,0.347455,2.75466
36,32,additive,low,ElasticNet,0.0486715,0,0.0223858,0,0.957121,0.261495,3.66019
36,32,additive,low,MCMC-add,0.0486715,0,0.0167231,0,0.957121,0.357434,2.67776
36,32,additive,low,MCMC-comb,0.0486715,0,0.016706,0.0762804,0.957121,1.03025,0.929014
36,32,multiplicative,low,OLS,0,0.0459605,0.00545438,0.0459605,0.268728,0.379156,0.708752
36,32,multiplicative,low,ISD-1,0,0.0459605,0.00552658,0.0459605,0.268728,0.203426,1.32101
36,32,multiplicative,low,ISD-3,0,0.0459605,0.00793855,0.0459605,0.268728,0.341767,0.786289
36,32,multiplicative,low,ElasticNet,0,0.0459605,0,0.0459605,0.268728,0.268728,1
36,32,multiplicative,low,MCMC-add,0,0.0459605,0.00543932,0.0459605,0.268728,0.291766,0.92104
36,32,multiplicative,low,MCMC-comb,0,0.0459605,0.00642246,0.104176,0.268728,1.054,0.25496
36,32,combined,low,OLS,0.0486715,0.0459605,0.0168392,0.0459605,0.867176,0.308655,2.80954
36,32,combined,low,ISD-1,0.0486715,0.0459605,0.0219016,0.0459605,0.867176,0.293086,2.95878
36,32,combined,low,ISD-3,0.0486715,0.0459605,0.0216365,0.0459605,0.867176,0.278328,3.11567
36,32,combined,low,ElasticNet,0.0486715,0.0459605,0.0225865,0.0459605,0.867176,0.280317,3.09356
36,32,combined,low,MCMC-add,0.0486715,0.0459605,0.0168516,0.0459605,0.867176,0.432856,2.00338
36,32,combined,low,MCMC-comb,0.0486715,0.0459605,0.0170671,0.0749928,0.867176,1.05187,0.824415
36,32,additive,medium,OLS,0.121679,0,0.043498,0,5.76343,0.924928,6.23123
36,32,additive,medium,ISD-1,0.121679,0,0.0498947,0,5.76343,0.618001,9.32593
36,32,additive,medium,ISD-3,0.121679,0,0.0542564,0,5.76343,0.631213,9.13073
36,32,additive,medium,ElasticNet,0.121679,0,0.0513658,0,5.76343,0.565992,10.1829
36,32,additive,medium,MCMC-add,0.121679,0,0.043513,0,5.76343,0.463183,12.4431
36,32,additive,medium,MCMC-comb,0.121679,0,0.043474,0.0652074,5.76343,1.16677,4.93967
36,32,multiplicative,medium,OLS,0,0.114901,0.00534434,0.114901,0.345539,0.3989,0.866231
36,32,multiplicative,medium,ISD-1,0,0.114901,0.00562124,0.114901,0.345539,0.385351,0.896688
36,32,multiplicative,medium,ISD-3,0,0.114901,0.0080718,0.114901,0.345539,0.39947,0.864995
36,32,multiplicative,medium,ElasticNet,0,0.114901,0,0.114901,0.345539,0.345539,1
36,32,multiplicative,medium,MCMC-add,0,0.114901,0.00532967,0.114901,0.345539,0.334789,1.03211
36,32,multiplicative,medium,MCMC-comb,0,0.114901,0.00727549,0.065168,0.345539,0.765139,0.451603
36,32,combined,medium,OLS,0.121679,0.114901,0.0439144,0.114901,5.42316,1.73671,3.12266
36,32,combined,medium,ISD-1,0.121679,0.114901,0.0503069,0.114901,5.42316,0.388223,13.9692
36,32,combined,medium,ISD-3,0.121679,0.114901,0.0543723,0.114901,5.42316,0.268022,20.234
36,32,combined,medium,ElasticNet,0.121679,0.114901,0.051724,0.114901,5.42316,1.15334,4.70215
36,32,combined,medium,MCMC-add,0.121679,0.114901,0.0439291,0.114901,5.42316,0.768923,7.05293
36,32,combined,medium,MCMC-comb,0.121679,0.114901,0.0435625,0.0606825,5.42316,0.978314,5.54337
36,32,additive,high,OLS,0.243357,0,0.0904313,0,21.6956,4.39957,4.9313
36,32,additive,high,ISD-1,0.243357,0,0.108262,0,21.6956,4.1189,5.26732
36,32,additive,high,ISD-3,0.243357,0,0.101706,0,21.6956,3.56471,6.08621
36,32,additive,high,ElasticNet,0.243357,0,0.101355,0,21.6956,4.0406,5.3694
36,32,additive,high,MCMC-add,0.243357,0,0.0904469,0,21.6956,0.41713,52.0116
36,32,additive,high,MCMC-comb,0.243357,0,0.0911007,0.1,21.6956,0.685572,31.646
36,32,multiplicative,high,OLS,0,0.229802,0.00537877,0.229802,0.389548,0.44923,0.867146
36,32,multiplicative,high,ISD-1,0,0.229802,0.00578692,0.229802,0.389548,0.274244,1.42044
36,32,multiplicative,high,ISD-3,0,0.229802,0.00815348,0.229802,0.389548,0.502222,0.77565
36,32,multiplicative,high,ElasticNet,0,0.229802,0,0.229802,0.389548,0.389548,1
36,32,multiplicative,high,MCMC-add,0,0.229802,0.00536521,0.229802,0.389548,0.341529,1.1406
36,32,multiplicative,high,MCMC-comb,0,0.229802,0.00785742,0.0595565,0.389548,0.593442,0.656422
36,32,combined,high,OLS,0.243357,0.229802,0.0917991,0.229802,20.7003,19.0903,1.08434
36,32,combined,high,ISD-1,0.243357,0.229802,0.102763,0.229802,20.7003,3.84965,5.37719
36,32,combined,high,ISD-3,0.243357,0.229802,0.100406,0.229802,20.7003,3.77751,5.47988
36,32,combined,high,ElasticNet,0.243357,0.229802,0.102524,0.229802,20.7003,17.8386,1.16042
36,32,combined,high,MCMC-add,0.243357,0.229802,0.0918143,0.229802,20.7003,0.391001,52.9419
36,32,combined,high,MCMC-comb,0.243357,0.229802,0.0898435,0.0739945,20.7003,0.489684,42.2728
36,64,additive,low,OLS,0.0494883,0,0.00740991,0,0.866157,0.544042,1.59208
36,64,additive,low,ISD-1,0.0494883,0,0.0243216,0,0.866157,0.46078,1.87976
36,64,additive,low,ISD-3,0.0494883,0,0.0249489,0,0.866157,0.40058,2.16226
36,64,additive,low,ElasticNet,0.0494883,0,0.00687653,0,0.866157,0.530749,1.63195
36,64,additive,low,MCMC-add,0.0494883,0,0.00742435,0,0.866157,0.345677,2.50569
36,64,additive,low,MCMC-comb,0.0494883,0,0.00665135,0.0520763,0.866157,1.62134,0.534222
36,64,multiplicative,low,OLS,0,0.0462388,0.0228856,0.0462388,0.640882,0.643826,0.995428
36,64,multiplicative,low,ISD-1,0,0.0462388,0,0.0462388,0.640882,0.640882,1
36,64,multiplicative,low,ISD-3,0,0.0462388,0.00593885,0.0462388,0.640882,0.711601,0.90062
36,64,multiplicative,low,ElasticNet,0,0.0462388,0.016333,0.0462388,0.640882,0.642584,0.997351
36,64,multiplicative,low,MCMC-add,0,0.0462388,0.0229088,0.0462388,0.640882,0.429072,1.49365
36,64,multiplicative,low,MCMC-comb,0,0.0462388,0.0227029,0.0178299,0.640882,0.733885,0.873273
36,64,combined,low,OLS,0.0494883,0.0462388,0.00695591,0.0462388,0.869574,0.854924,1.01714
36,64,combined,low,ISD-1,0.0494883,0.0462388,0.0242883,0.0462388,0.869574,0.859942,1.0112
36,64,combined,low,ISD-3,0.0494883,0.0462388,0.0249243,0.0462388,0.869574,0.785953,1.10639
36,64,combined,low,ElasticNet,0.0494883,0.0462388,0.00632208,0.0462388,0.869574,0.870314,0.999149
36,64,combined,low,MCMC-add,0.0494883,0.0462388,0.00696871,0.0462388,0.869574,0.505079,1.72166
36,64,combined,low,MCMC-comb,0.0494883,0.0462388,0.00692559,0.0249212,0.869574,0.556108,1.56368
36,64,additive,medium,OLS,0.123721,0,0.0250767,0,5.158,2.68466,1.92129
36,64,additive,medium,ISD-1,0.123721,0,0.0550848,0,5.158,0.59639,8.64871
36,64,additive,medium,ISD-3,0.123721,0,0.0558669,0,5.158,0.57877,8.91201
36,64,additive,medium,ElasticNet,0.123721,0,0.0262129,0,5.158,2.67474,1.92841
36,64,additive,medium,MCMC-add,0.123721,0,0.0250539,0,5.158,0.524907,9.8265
36,64,additive,medium,MCMC-comb,0.123721,0,0.0265792,0.0534809,5.158,2.39918,2.1499
36,64,multiplicative,medium,OLS,0,0.115597,0.0222504,0.115597,1.35982,1.26173,1.07774
36,64,multiplicative,medium,ISD-1,0,0.115597,0,0.115597,1.35982,1.35982,1
36,64,multiplicative,medium,ISD-3,0,0.115597,0,0.115597,1.35982,1.35982,1
36,64,multiplicative,medium,ElasticNet,0,0.115597,0.0136607,0.115597,1.35982,1.31389,1.03495
36,64,multiplicative,medium,MCMC-add,0,0.115597,0.0222729,0.115597,1.35982,0.51933,2.61841
36,64,multiplicative,medium,MCMC-comb,0,0.115597,0.022302,0.0352352,1.35982,0.447145,3.04111
36,64,combined,medium,OLS,0.123721,0.115597,0.0263958,0.115597,4.21439,12.5471,0.335885
36,64,combined,medium,ISD-1,0.123721,0.115597,0.0552532,0.115597,4.21439,0.680928,6.18919
36,64,combined,medium,ISD-3,0.123721,0.115597,0.0591231,0.115597,4.21439,0.779296,5.40794
36,64,combined,medium,ElasticNet,0.123721,0.115597,0.0283542,0.115597,4.21439,12.5846,0.334885
36,64,combined,medium,MCMC-add,0.123721,0.115597,0.0263725,0.115597,4.21439,1.86914,2.25473
36,64,combined,medium,MCMC-comb,0.123721,0.115597,0.0263533,0.0261358,4.21439,1.1797,3.57242
36,64,additive,high,OLS,0.247441,0,0.0749495,0,20.3397,9.09081,2.2374
36,64,additive,high,ISD-1,0.247441,0,0.109377,0,20.3397,4.37305,4.65115
36,64,additive,high,ISD-3,0.247441,0,0.107809,0,20.3397,4.49654,4.52342
36,64,additive,high,ElasticNet,0.247441,0,0.0765451,0,20.3397,8.85619,2.29667
36,64,additive,high,MCMC-add,0.247441,0,0.074926,0,20.3397,0.564843,36.0096
36,64,additive,high,MCMC-comb,0.247441,0,0.0765039,0.0155502,20.3397,0.587047,34.6475
36,64,multiplicative,high,OLS,0,0.231194,0.0214307,0.231194,1.91211,1.91853,0.996652
36,64,multiplicative,high,ISD-1,0,0.231194,0,0.231194,1.91211,1.91211,1
36,64,multiplicative,high,ISD-3,0,0.231194,0,0.231194,1.91211,1.91211,1
36,64,multiplicative,high,ElasticNet,0,0.231194,0,0.231194,1.91211,1.91211,1
36,64,multiplicative,high,MCMC-add,0,0.231194,0.0214518,0.231194,1.91211,1.25439,1.52433
36,64,multiplicative,high,MCMC-comb,0,0.231194,0.0216959,0.0824955,1.91211,1.79097,1.06764
36,64,combined,high,OLS,0.247441,0.231194,0.0797908,0.231194,17.1345,28.211,0.607369
36,64,combined,high,ISD-1,0.247441,0.231194,0.113691,0.231194,17.1345,2.66827,6.42159
36,64,combined,high,ISD-3,0.247441,0.231194,0.11151,0.231194,17.1345,3.31666,5.16619
36,64,combined,high,ElasticNet,0.247441,0.231194,0.0821973,0.231194,17.1345,27.4896,0.623309
36,64,combined,high,MCMC-add,0.247441,0.231194,0.079768,0.231194,17.1345,3.24793,5.27552
36,64,combined,high,MCMC-comb,0.247441,0.231194,0.076687,0.0706656,17.1345,2.24995,7.61552
36,128,additive,low,OLS,0.0496747,0,0.0803181,0,0.495513,0.373926,1.32516
36,128,additive,low,ISD-1,0.0496747,0,0.0294681,0,0.495513,0.500514,0.990007
36,128,additive,low,ISD-3,0.0496747,0,0.0290022,0,0.495513,0.512532,0.966795
36,128,additive,low,ElasticNet,0.0496747,0,0.0801472,0,0.495513,0.378632,1.30869
36,128,additive,low,MCMC-add,0.0496747,0,0.0803421,0,0.495513,2.83528,0.174767
36,128,additive,low,MCMC-comb,0.0496747,0,0.079388,0.0233277,0.495513,3.55567,0.139358
36,128,multiplicative,low,OLS,0,0.0462295,0.0988836,0.0462295,0.567006,0.562571,1.00788
36,128,multiplicative,low,ISD-1,0,0.0462295,0.00966342,0.0462295,0.567006,0.597047,0.949684
36,128,multiplicative,low,ISD-3,0,0.0462295,0.0095948,0.0462295,0.567006,0.610072,0.929407
36,128,multiplicative,low,ElasticNet,0,0.0462295,0.0955207,0.0462295,0.567006,0.559275,1.01382
36,128,multiplicative,low,MCMC-add,0,0.0462295,0.0989076,0.0462295,0.567006,2.86504,0.197905
36,128,multiplicative,low,MCMC-comb,0,0.0462295,0.0982859,0.0193844,0.567006,4.03077,0.140669
36,128,combined,low,OLS,0.0496747,0.0462295,0.0790732,0.0462295,1.09212,0.910567,1.19938
36,128,combined,low,ISD-1,0.0496747,0.0462295,0.0318264,0.0462295,1.09212,1.0666,1.02392
36,128,combined,low,ISD-3,0.0496747,0.0462295,0.0320318,0.0462295,1.09212,1.04749,1.0426
36,128,combined,low,ElasticNet,0.0496747,0.0462295,0.0789308,0.0462295,1.09212,0.904007,1.20808
36,128,combined,low,MCMC-add,0.0496747,0.0462295,0.0790964,0.0462295,1.09212,2.22043,0.491848
36,128,combined,low,MCMC-comb,0.0496747,0.0462295,0.0780551,0.0159885,1.09212,3.20068,0.341215
36,128,additive,medium,OLS,0.124187,0,0.0510375,0,1.81856,2.13334,0.85245
36,128,additive,medium,ISD-1,0.124187,0,0.063163,0,1.81856,0.79169,2.29707
36,128,additive,medium,ISD-3,0.124187,0,0.0644385,0,1.81856,0.621993,2.92377
36,128,additive,medium,ElasticNet,0.124187,0,0.0507253,0,1.81856,2.10609,0.863477
36,128,additive,medium,MCMC-add,0.124187,0,0.0510591,0,1.81856,2.08192,0.873503
36,128,additive,medium,MCMC-comb,0.124187,0,0.0499225,0.0219799,1.81856,2.62419,0.693
36,128,multiplicative,medium,OLS,0,0.115574,0.0973033,0.115574,1.17281,1.45775,0.804533
36,128,multiplicative,medium,ISD-1,0,0.115574,0.0120644,0.115574,1.17281,1.38363,0.847634
36,128,multiplicative,medium,ISD-3,0,0.115574,0.012043,0.115574,1.17281,1.4006,0.837362
36,128,multiplicative,medium,ElasticNet,0,0.115574,0.0956438,0.115574,1.17281,1.42859,0.820956
36,128,multiplicative,medium,MCMC-add,0,0.115574,0.0973262,0.115574,1.17281,2.03655,0.57588
36,128,multiplicative,medium,MCMC-comb,0,0.115574,0.0961924,0.0170452,1.17281,3.32294,0.352944
36,128,combined,medium,OLS,0.124187,0.115574,0.0524217,0.115574,2.52762,1.32539,1.90708
36,128,combined,medium,ISD-1,0.124187,0.115574,0.0717676,0.115574,2.52762,2.15542,1.17268
36,128,combined,medium,ISD-3,0.124187,0.115574,0.0717308,0.115574,2.52762,2.10527,1.20062
36,128,combined,medium,ElasticNet,0.124187,0.115574,0.0521481,0.115574,2.52762,1.32934,1.90141
36,128,combined,medium,MCMC-add,0.124187,0.115574,0.0524378,0.115574,2.52762,0.399997,6.31911
36,128,combined,medium,MCMC-comb,0.124187,0.115574,0.0504543,0.0313708,2.52762,1.56017,1.6201
36,128,additive,high,OLS,0.248374,0,0.0367125,0,6.47461,11.0741,0.584661
36,128,additive,high,ISD-1,0.248374,0,0.136393,0,6.47461,0.809745,7.99585
36,128,additive,high,ISD-3,0.248374,0,0.134498,0,6.47461,0.619093,10.4582
36,128,additive,high,ElasticNet,0.248374,0,0.0373317,0,6.47461,10.9164,0.593106
36,128,additive,high,MCMC-add,0.248374,0,0.0367028,0,6.47461,1.30648,4.95576
36,128,additive,high,MCMC-comb,0.248374,0,0.0435177,0.0363422,6.47461,1.58848,4.07599
36,128,multiplicative,high,OLS,0,0.231147,0.0966883,0.231147,1.9472,2.98222,0.652937
36,128,multiplicative,high,ISD-1,0,0.231147,0.0192632,0.231147,1.9472,2.50258,0.778079
36,128,multiplicative,high,ISD-3,0,0.231147,0.0193617,0.231147,1.9472,2.59005,0.751803
36,128,multiplicative,high,ElasticNet,0,0.231147,0.0956736,0.231147,1.9472,2.95935,0.657983
36,128,multiplicative,high,MCMC-add,0,0.231147,0.0967088,0.231147,1.9472,0.804363,2.4208
36,128,multiplicative,high,MCMC-comb,0,0.231147,0.0948523,0.0643286,1.9472,1.61579,1.20511
36,128,combined,high,OLS,0.248374,0.231147,0.0702081,0.231147,5.93636,25.064,0.236848
36,128,combined,high,ISD-1,0.248374,0.231147,0.143914,0.231147,5.93636,3.14928,1.88499
36,128,combined,high,ISD-3,0.248374,0.231147,0.145621,0.231147,5.93636,2.78405,2.13227
36,128,combined,high,ElasticNet,0.248374,0.231147,0.0705594,0.231147,5.93636,24.8042,0.239329
36,128,combined,high,MCMC-add,0.248374,0.231147,0.0701961,0.231147,5.93636,2.33255,2.54501
36,128,combined,high,MCMC-comb,0.248374,0.231147,0.0571781,0.0986576,5.93636,1.26803,4.68157
37,32,additive,low,OLS,0.0509808,0,0.0125187,0,1.06621,0.279558,3.81392
37,32,additive,low,ISD-1,0.0509808,0,0.0279567,0,1.06621,0.23458,4.5452
37,32,additive,low,ISD-3,0.0509808,0,0.0211027,0,1.06621,0.294065,3.62577
37,32,additive,low,ElasticNet,0.0509808,0,0.012848,0,1.06621,0.274084,3.89008
37,32,additive,low,MCMC-add,0.0509808,0,0.0125358,0,1.06621,0.273283,3.90149
37,32,additive,low,MCMC-comb,0.0509808,0,0.0124001,0.071519,1.06621,0.609021,1.7507
37,32,multiplicative,low,OLS,0,0.041671,0.00800651,0.041671,0.239541,0.31571,0.758736
37,32,multiplicative,low,ISD-1,0,0.041671,0,0.041671,0.239541,0.239541,1
37,32,multiplicative,low,ISD-3,0,0.041671,0.004498,0.041671,0.239541,0.377943,0.6338
37,32,multiplicative,low,ElasticNet,0,0.041671,0,0.041671,0.239541,0.239541,1
37,32,multiplicative,low,MCMC-add,0,0.041671,0.00799732,0.041671,0.239541,0.436989,0.548162
37,32,multiplicative,low,MCMC-comb,0,0.041671,0.00837934,0.0637252,0.239541,0.655986,0.365161
37,32,combined,low,OLS,0.0509808,0.041671,0.0123786,0.041671,1.23442,0.194165,6.3576
37,32,combined,low,ISD-1,0.0509808,0.041671,0.0278606,0.041671,1.23442,0.285789,4.31934
37,32,combined,low,ISD-3,0.0509808,0.041671,0.026724,0.041671,1.23442,0.3153,3.91507
37,32,combined,low,ElasticNet,0.0509808,0.041671,0.0209139,0.041671,1.23442,0.27035,4.56602
37,32,combined,low,MCMC-add,0.0509808,0.041671,0.0123961,0.041671,1.23442,0.323813,3.81215
37,32,combined,low,MCMC-comb,0.0509808,0.041671,0.0124987,0.0697427,1.23442,0.568039,2.17313
37,32,additive,medium,OLS,0.127452,0,0.0390589,0,6.59999,0.27509,23.9921
37,32,additive,medium,ISD-1,0.127452,0,0.059651,0,6.59999,0.554178,11.9095
37,32,additive,medium,ISD-3,0.127452,0,0.0503506,0,6.59999,0.466858,14.137
37,32,additive,medium,ElasticNet,0.127452,0,0.0395274,0,6.59999,0.285641,23.1059
37,32,additive,medium,MCMC-add,0.127452,0,0.0390752,0,6.59999,0.491811,13.4198
37,32,additive,medium,MCMC-comb,0.127452,0,0.0390869,0.0832652,6.59999,0.512664,12.8739
37,32,multiplicative,medium,OLS,0,0.104178,0.00766576,0.104178,0.595399,0.650815,0.914851
37,32,multiplicative,medium,ISD-1,0,0.104178,0,0.104178,0.595399,0.595399,1
37,32,multiplicative,medium,ISD-3,0,0.104178,0.0045038,0.104178,0.595399,0.660245,0.901785
37,32,multiplicative,medium,ElasticNet,0,0.104178,0,0.104178,0.595399,0.595399,1
37,32,multiplicative,medium,MCMC-add,0,0.104178,0.00765615,0.104178,0.595399,0.715269,0.832412
37,32,multiplicative,medium,MCMC-comb,0,0.104178,0.00916897,0.059281,0.595399,0.526611,1.13062
37,32,combined,medium,OLS,0.127452,0.104178,0.0390592,0.104178,7.05896,0.345376,20.4385
37,32,combined,medium,ISD-1,0.127452,0.104178,0.0596488,0.104178,7.05896,0.859528,8.2126
37,32,combined,medium,ISD-3,0.127452,0.104178,0.0503511,0.104178,7.05896,0.791397,8.91962
37,32,combined,medium,ElasticNet,0.127452,0.104178,0.0398092,0.104178,7.05896,0.355924,19.8328
37,32,combined,medium,MCMC-add,0.127452,0.104178,0.0390759,0.104178,7.05896,0.325225,21.7048
37,32,combined,medium,MCMC-comb,0.127452,0.104178,0.0388752,0.0768071,7.05896,0.346533,20.3702
37,32,additive,high,OLS,0.254904,0,0.0854888,0,26.7024,0.514512,51.8985
37,32,additive,high,ISD-1,0.254904,0,0.115571,0,26.7024,2.50123,10.6757
37,32,additive,high,ISD-3,0.254904,0,0.10067,0,26.7024,1.95783,13.6388
37,32,additive,high,ElasticNet,0.254904,0,0.0864214,0,26.7024,0.55719,47.9234
37,32,additive,high,MCMC-add,0.254904,0,0.0855041,0,26.7024,0.902971,29.5717
37,32,additive,high,MCMC-comb,0.254904,0,0.0856761,0.111797,26.7024,0.416479,64.1147
37,32,multiplicative,high,OLS,0,0.208355,0.00752904,0.208355,1.25457,1.26402,0.992525
37,32,multiplicative,high,ISD-1,0,0.208355,0,0.208355,1.25457,1.25457,1
37,32,multiplicative,high,ISD-3,0,0.208355,0.00451349,0.208355,1.25457,1.31356,0.95509
37,32,multiplicative,high,ElasticNet,0,0.208355,0,0.208355,1.25457,1.25457,1
37,32,multiplicative,high,MCMC-add,0,0.208355,0.00751919,0.208355,1.25457,1.36624,0.918264
37,32,multiplicative,high,MCMC-comb,0,0.208355,0.00941275,0.0297942,1.25457,0.385315,3.25595
37,32,combined,high,OLS,0.254904,0.208355,0.085643,0.208355,27.6903,0.92113,30.0612
37,32,combined,high,ISD-1,0.254904,0.208355,0.109779,0.208355,27.6903,2.97478,9.30835
37,32,combined,high,ISD-3,0.254904,0.208355,0.100915,0.208355,27.6903,2.48837,11.1279
37,32,combined,high,ElasticNet,0.254904,0.208355,0.086851,0.208355,27.6903,0.921354,30.0539
37,32,combined,high,MCMC-add,0.254904,0.208355,0.085659,0.208355,27.6903,0.472966,58.5461
37,32,combined,high,MCMC-comb,0.254904,0.208355,0.0819847,0.10441,27.6903,0.249438,111.011
37,64,additive,low,OLS,0.0502574,0,0.00869795,0,0.280797,0.20646,1.36006
37,64,additive,low,ISD-1,0.0502574,0,0.0300426,0,0.280797,0.181295,1.54884
37,64,additive,low,ISD-3,0.0502574,0,0.0270888,0,0.280797,0.130631,2.14954
37,64,additive,low,ElasticNet,0.0502574,0,0.00853086,0,0.280797,0.19813,1.41724
37,64,additive,low,MCMC-add,0.0502574,0,0.00872177,0,0.280797,0.0962932,2.91607
37,64,additive,low,MCMC-comb,0.0502574,0,0.00975892,0.0441384,0.280797,0.605739,0.463562
37,64,multiplicative,low,OLS,0,0.0420604,0.0268054,0.0420604,0.239384,0.225159,1.06318
37,64,multiplicative,low,ISD-1,0,0.0420604,0,0.0420604,0.239384,0.239384,1
37,64,multiplicative,low,ISD-3,0,0.0420604,0.0248497,0.0420604,0.239384,0.244773,0.977986
37,64,multiplicative,low,ElasticNet,0,0.0420604,0.0212242,0.0420604,0.239384,0.265795,0.900635
37,64,multiplicative,low,MCMC-add,0,0.0420604,0.0268297,0.0420604,0.239384,0.537475,0.445386
37,64,multiplicative,low,MCMC-comb,0,0.0420604,0.0269939,0.0842471,0.239384,1.30424,0.183543
37,64,combined,low,OLS,0.0502574,0.0420604,0.00888611,0.0420604,0.431584,0.0698351,6.18004
37,64,combined,low,ISD-1,0.0502574,0.0420604,0.0299494,0.0420604,0.431584,0.19249,2.24211
37,64,combined,low,ISD-3,0.0502574,0.0420604,0.024973,0.0420604,0.431584,0.104693,4.12238
37,64,combined,low,ElasticNet,0.0502574,0.0420604,0.00871141,0.0420604,0.431584,0.0675729,6.38694
37,64,combined,low,MCMC-add,0.0502574,0.0420604,0.00891029,0.0420604,0.431584,0.321425,1.34272
37,64,combined,low,MCMC-comb,0.0502574,0.0420604,0.0105006,0.0594201,0.431584,0.807196,0.534671
37,64,additive,medium,OLS,0.125644,0,0.0201151,0,1.85174,0.175665,10.5413
37,64,additive,medium,ISD-1,0.125644,0,0.0601614,0,1.85174,0.153729,12.0455
37,64,additive,medium,ISD-3,0.125644,0,0.0601931,0,1.85174,0.159254,11.6276
37,64,additive,medium,ElasticNet,0.125644,0,0.020564,0,1.85174,0.17145,10.8005
37,64,additive,medium,MCMC-add,0.125644,0,0.0200932,0,1.85174,0.231743,7.99051
37,64,additive,medium,MCMC-comb,0.125644,0,0.0198737,0.0684623,1.85174,0.622386,2.97523
37,64,multiplicative,medium,OLS,0,0.105151,0.0271698,0.105151,0.62528,0.60608,1.03168
37,64,multiplicative,medium,ISD-1,0,0.105151,0,0.105151,0.62528,0.62528,1
37,64,multiplicative,medium,ISD-3,0,0.105151,0.025076,0.105151,0.62528,0.643242,0.972076
37,64,multiplicative,medium,ElasticNet,0,0.105151,0.0206476,0.105151,0.62528,0.653766,0.956428
37,64,multiplicative,medium,MCMC-add,0,0.105151,0.0271945,0.105151,0.62528,0.926836,0.674639
37,64,multiplicative,medium,MCMC-comb,0,0.105151,0.0273623,0.0875965,0.62528,1.33782,0.467387
37,64,combined,medium,OLS,0.125644,0.105151,0.0194679,0.105151,2.36796,0.2517,9.40787
37,64,combined,medium,ISD-1,0.125644,0.105151,0.0598262,0.105151,2.36796,0.468699,5.05219
37,64,combined,medium,ISD-3,0.125644,0.105151,0.0600381,0.105151,2.36796,0.479399,4.93943
37,64,combined,medium,ElasticNet,0.125644,0.105151,0.0199139,0.105151,2.36796,0.260377,9.09436
37,64,combined,medium,MCMC-add,0.125644,0.105151,0.0194456,0.105151,2.36796,0.434059,5.45539
37,64,combined,medium,MCMC-comb,0.125644,0.105151,0.0177521,0.0900231,2.36796,0.843069,2.80874
37,64,additive,high,OLS,0.251287,0,0.0674326,0,7.82127,0.435478,17.9602
37,64,additive,high,ISD-1,0.251287,0,0.111457,0,7.82127,0.8881,8.80674
37,64,additive,high,ISD-3,0.251287,0,0.107316,0,7.82127,0.779503,10.0337
37,64,additive,high,ElasticNet,0.251287,0,0.0683478,0,7.82127,0.432788,18.0718
37,64,additive,high,MCMC-add,0.251287,0,0.0674102,0,7.82127,0.653946,11.9601
37,64,additive,high,MCMC-comb,0.251287,0,0.0669567,0.0744335,7.82127,0.209613,37.3128
37,64,multiplicative,high,OLS,0,0.210302,0.0278698,0.210302,1.44454,1.35183,1.06858
37,64,multiplicative,high,ISD-1,0,0.210302,0,0.210302,1.44454,1.44454,1
37,64,multiplicative,high,ISD-3,0,0.210302,0.0253971,0.210302,1.44454,1.43752,1.00488
37,64,multiplicative,high,ElasticNet,0,0.210302,0.0234227,0.210302,1.44454,1.39571,1.03498
37,64,multiplicative,high,MCMC-add,0,0.210302,0.027895,0.210302,1.44454,1.76254,0.819576
37,64,multiplicative,high,MCMC-comb,0,0.210302,0.0279604,0.0769282,1.44454,0.838778,1.72219
37,64,combined,high,OLS,0.251287,0.210302,0.0660218,0.210302,9.0369,0.989825,9.1298
37,64,combined,high,ISD-1,0.251287,0.210302,0.111698,0.210302,9.0369,1.64304,5.50011
37,64,combined,high,ISD-3,0.251287,0.210302,0.107075,0.210302,9.0369,1.44429,6.25699
37,64,combined,high,ElasticNet,0.251287,0.210302,0.0669435,0.210302,9.0369,0.997503,9.05952
37,64,combined,high,MCMC-add,0.251287,0.210302,0.0659982,0.210302,9.0369,0.719375,12.5621
37,64,combined,high,MCMC-comb,0.251287,0.210302,0.0648683,0.0872563,9.0369,0.115505,78.238
38,32,additive,low,OLS,0.0486715,0,0.0136413,0,0.892644,0.30533,2.92354
38,32,additive,low,ISD-1,0.0486715,0,0.0221232,0,0.892644,0.348992,2.55778
38,32,additive,low,ISD-3,0.0486715,0,0.0235935,0,0.892644,0.221844,4.02376
38,32,additive,low,ElasticNet,0.0486715,0,0.019242,0,0.892644,0.276095,3.23311
38,32,additive,low,MCMC-add,0.0486715,0,0.0136516,0,0.892644,0.184228,4.84533
38,32,additive,low,MCMC-comb,0.0486715,0,0.0135576,0.0498009,0.892644,0.550352,1.62195
38,32,multiplicative,low,OLS,0,0.0638857,0.0103256,0.0638857,0.17537,0.224415,0.781454
38,32,multiplicative,low,ISD-1,0,0.0638857,0,0.0638857,0.17537,0.17537,1
38,32,multiplicative,low,ISD-3,0,0.0638857,0,0.0638857,0.17537,0.17537,1
38,32,multiplicative,low,ElasticNet,0,0.0638857,0.00206699,0.0638857,0.17537,0.252566,0.694356
38,32,multiplicative,low,MCMC-add,0,0.0638857,0.0103103,0.0638857,0.17537,0.177483,0.988098
38,32,multiplicative,low,MCMC-comb,0,0.0638857,0.0100196,0.0543779,0.17537,0.341251,0.513904
38,32,combined,low,OLS,0.0486715,0.0638857,0.0129611,0.0638857,0.695265,0.464431,1.49703
38,32,combined,low,ISD-1,0.0486715,0.0638857,0.0223257,0.0638857,0.695265,0.254381,2.73316
38,32,combined,low,ISD-3,0.0486715,0.0638857,0.0234943,0.0638857,0.695265,0.278176,2.49937
38,32,combined,low,ElasticNet,0.0486715,0.0638857,0.0185792,0.0638857,0.695265,0.468016,1.48556
38,32,combined,low,MCMC-add,0.0486715,0.0638857,0.0129717,0.0638857,0.695265,0.400021,1.73807
38,32,combined,low,MCMC-comb,0.0486715,0.0638857,0.0131148,0.050991,0.695265,0.45424,1.53061
38,32,additive,medium,OLS,0.121679,0,0.0392007,0,4.91826,0.238996,20.5789
38,32,additive,medium,ISD-1,0.121679,0,0.0526774,0,4.91826,0.775158,6.34486
38,32,additive,medium,ISD-3,0.121679,0,0.0531145,0,4.91826,0.608693,8.08003
38,32,additive,medium,ElasticNet,0.121679,0,0.0395425,0,4.91826,0.301431,16.3164
38,32,additive,medium,MCMC-add,0.121679,0,0.0392158,0,4.91826,0.388359,12.6642
38,32,additive,medium,MCMC-comb,0.121679,0,0.0388769,0.0328142,4.91826,0.541754,9.0784
38,32,multiplicative,medium,OLS,0,0.159714,0.00979599,0.159714,0.407441,0.456344,0.892838
38,32,multiplicative,medium,ISD-1,0,0.159714,0,0.159714,0.407441,0.407441,1
38,32,multiplicative,medium,ISD-3,0,0.159714,0,0.159714,0.407441,0.407441,1
38,32,multiplicative,medium,ElasticNet,0,0.159714,0.000597191,0.159714,0.407441,0.341004,1.19483
38,32,multiplicative,medium,MCMC-add,0,0.159714,0.00977958,0.159714,0.407441,0.349874,1.16454
38,32,multiplicative,medium,MCMC-comb,0,0.159714,0.00675645,0.0616721,0.407441,0.543843,0.749188
38,32,combined,medium,OLS,0.121679,0.159714,0.038311,0.159714,4.49796,0.372389,12.0786
38,32,combined,medium,ISD-1,0.121679,0.159714,0.0561746,0.159714,4.49796,0.445547,10.0954
38,32,combined,medium,ISD-3,0.121679,0.159714,0.0522728,0.159714,4.49796,0.431927,10.4137
38,32,combined,medium,ElasticNet,0.121679,0.159714,0.0386497,0.159714,4.49796,0.398103,11.2985
38,32,combined,medium,MCMC-add,0.121679,0.159714,0.0383262,0.159714,4.49796,0.696746,6.45566
38,32,combined,medium,MCMC-comb,0.121679,0.159714,0.0397935,0.036848,4.49796,0.739452,6.08282
38,32,additive,high,OLS,0.243357,0,0.0857125,0,17.6166,2.17783,8.08908
38,32,additive,high,ISD-1,0.243357,0,0.111705,0,17.6166,3.86624,4.55653
38,32,additive,high,ISD-3,0.243357,0,0.100644,0,17.6166,3.54715,4.96641
38,32,additive,high,ElasticNet,0.243357,0,0.0863917,0,17.6166,2.16492,8.1373
38,32,additive,high,MCMC-add,0.243357,0,0.0857285,0,17.6166,0.474081,37.1595
38,32,additive,high,MCMC-comb,0.243357,0,0.0850713,0.0433857,17.6166,0.751217,23.4508
38,32,multiplicative,high,OLS,0,0.319428,0.00941057,0.319428,0.461627,0.407774,1.13206
38,32,multiplicative,high,ISD-1,0,0.319428,0,0.319428,0.461627,0.461627,1
38,32,multiplicative,high,ISD-3,0,0.319428,0,0.319428,0.461627,0.461627,1
38,32,multiplicative,high,ElasticNet,0,0.319428,0,0.319428,0.461627,0.461627,1
38,32,multiplicative,high,MCMC-add,0,0.319428,0.00939292,0.319428,0.461627,0.362414,1.27375
38,32,multiplicative,high,MCMC-comb,0,0.319428,0.00490969,0.0744732,0.461627,0.169123,2.72953
38,32,combined,high,OLS,0.243357,0.319428,0.0847152,0.319428,17.153,1.67622,10.2332
38,32,combined,high,ISD-1,0.243357,0.319428,0.114803,0.319428,17.153,3.57018,4.80452
38,32,combined,high,ISD-3,0.243357,0.319428,0.0735582,0.319428,17.153,3.27394,5.23925
38,32,combined,high,ElasticNet,0.243357,0.319428,0.0853822,0.319428,17.153,1.67403,10.2465
38,32,combined,high,MCMC-add,0.243357,0.319428,0.084731,0.319428,17.153,0.41161,41.6729
38,32,combined,high,MCMC-comb,0.243357,0.319428,0.0892642,0.0978052,17.153,0.393545,43.5858
38,64,additive,low,OLS,0.0494883,0,0.0110401,0,0.224081,0.137999,1.62378
38,64,additive,low,ISD-1,0.0494883,0,0.021603,0,0.224081,0.0959649,2.33503
38,64,additive,low,ISD-3,0.0494883,0,0.0223093,0,0.224081,0.0747263,2.99869
38,64,additive,low,ElasticNet,0.0494883,0,0.00967662,0,0.224081,0.146343,1.5312
38,64,additive,low,MCMC-add,0.0494883,0,0.0110649,0,0.224081,0.147947,1.51461
38,64,additive,low,MCMC-comb,0.0494883,0,0.0109632,0.0065768,0.224081,0.155808,1.43819
38,64,multiplicative,low,OLS,0,0.0619049,0.0278603,0.0619049,0.122166,0.134738,0.906694
38,64,multiplicative,low,ISD-1,0,0.0619049,0,0.0619049,0.122166,0.122166,1
38,64,multiplicative,low,ISD-3,0,0.0619049,0,0.0619049,0.122166,0.122166,1
38,64,multiplicative,low,ElasticNet,0,0.0619049,0.0243115,0.0619049,0.122166,0.123592,0.98846
38,64,multiplicative,low,MCMC-add,0,0.0619049,0.0278854,0.0619049,0.122166,0.108071,1.13042
38,64,multiplicative,low,MCMC-comb,0,0.0619049,0.0282793,0.00447014,0.122166,0.277704,0.439914
38,64,combined,low,OLS,0.0494883,0.0619049,0.0103806,0.0619049,0.187653,0.208685,0.899215
38,64,combined,low,ISD-1,0.0494883,0.0619049,0.0216991,0.0619049,0.187653,0.18059,1.03911
38,64,combined,low,ISD-3,0.0494883,0.0619049,0.0219087,0.0619049,0.187653,0.1909,0.982992
38,64,combined,low,ElasticNet,0.0494883,0.0619049,0.0089289,0.0619049,0.187653,0.205909,0.911337
38,64,combined,low,MCMC-add,0.0494883,0.0619049,0.0104053,0.0619049,0.187653,0.111352,1.68522
38,64,combined,low,MCMC-comb,0.0494883,0.0619049,0.0105753,0.00798906,0.187653,0.184151,1.01902
38,64,additive,medium,OLS,0.123721,0,0.0193411,0,1.38269,0.350422,3.94578
38,64,additive,medium,ISD-1,0.123721,0,0.0554254,0,1.38269,0.152365,9.07481
38,64,additive,medium,ISD-3,0.123721,0,0.053943,0,1.38269,0.113265,12.2075
38,64,additive,medium,ElasticNet,0.123721,0,0.0210465,0,1.38269,0.318447,4.34197
38,64,additive,medium,MCMC-add,0.123721,0,0.0193196,0,1.38269,0.153071,9.033
38,64,additive,medium,MCMC-comb,0.123721,0,0.0196187,0.0151734,1.38269,0.237899,5.81207
38,64,multiplicative,medium,OLS,0,0.154762,0.0269087,0.154762,0.211296,0.212196,0.995756
38,64,multiplicative,medium,ISD-1,0,0.154762,0,0.154762,0.211296,0.211296,1
38,64,multiplicative,medium,ISD-3,0,0.154762,0,0.154762,0.211296,0.211296,1
38,64,multiplicative,medium,ElasticNet,0,0.154762,0.0226782,0.154762,0.211296,0.204537,1.03304
38,64,multiplicative,medium,MCMC-add,0,0.154762,0.0269337,0.154762,0.211296,0.0888234,2.37883
38,64,multiplicative,medium,MCMC-comb,0,0.154762,0.0252759,0.0399295,0.211296,0.0803973,2.62815
38,64,combined,medium,OLS,0.123721,0.154762,0.0205441,0.154762,1.24996,0.229997,5.4347
38,64,combined,medium,ISD-1,0.123721,0.154762,0.0511126,0.154762,1.24996,0.0998608,12.5171
38,64,combined,medium,ISD-3,0.123721,0.154762,0.0521539,0.154762,1.24996,0.127456,9.807
38,64,combined,medium,ElasticNet,0.123721,0.154762,0.0222659,0.154762,1.24996,0.231455,5.40045
38,64,combined,medium,MCMC-add,0.123721,0.154762,0.020523,0.154762,1.24996,0.348275,3.58901
38,64,combined,medium,MCMC-comb,0.123721,0.154762,0.0198229,0.0191296,1.24996,0.147098,8.49751
38,64,additive,high,OLS,0.247441,0,0.0692739,0,5.05586,4.66654,1.08343
38,64,additive,high,ISD-1,0.247441,0,0.114582,0,5.05586,1.18334,4.27255
38,64,additive,high,ISD-3,0.247441,0,0.107061,0,5.05586,1.08127,4.67584
38,64,additive,high,ElasticNet,0.247441,0,0.0723976,0,5.05586,4.5271,1.1168
38,64,additive,high,MCMC-add,0.247441,0,0.0692506,0,5.05586,0.106303,47.5608
38,64,additive,high,MCMC-comb,0.247441,0,0.0708311,0.00921468,5.05586,0.09672,52.2732
38,64,multiplicative,high,OLS,0,0.309524,0.0252814,0.309524,0.153899,0.149186,1.03159
38,64,multiplicative,high,ISD-1,0,0.309524,0,0.309524,0.153899,0.153899,1
38,64,multiplicative,high,ISD-3,0,0.309524,0,0.309524,0.153899,0.153899,1
38,64,multiplicative,high,ElasticNet,0,0.309524,0.0212684,0.309524,0.153899,0.162951,0.944451
38,64,multiplicative,high,MCMC-add,0,0.309524,0.0253066,0.309524,0.153899,0.146107,1.05333
38,64,multiplicative,high,MCMC-comb,0,0.309524,0.0243504,0.134483,0.153899,0.506742,0.303703
38,64,combined,high,OLS,0.247441,0.309524,0.0714033,0.309524,4.95439,3.02238,1.63923
38,64,combined,high,ISD-1,0.247441,0.309524,0.113306,0.309524,4.95439,1.46328,3.38581
38,64,combined,high,ISD-3,0.247441,0.309524,0.102866,0.309524,4.95439,1.24789,3.97021
38,64,combined,high,ElasticNet,0.247441,0.309524,0.0745841,0.309524,4.95439,2.92891,1.69155
38,64,combined,high,MCMC-add,0.247441,0.309524,0.0713802,0.309524,4.95439,0.225841,21.9375
38,64,combined,high,MCMC-comb,0.247441,0.309524,0.0754074,0.137311,4.95439,0.244603,20.2549
38,128,additive,low,OLS,0.0496747,0,0.0830694,0,0.824205,0.756756,1.08913
38,128,additive,low,ISD-1,0.0496747,0,0.0285445,0,0.824205,0.718629,1.14691
38,128,additive,low,ISD-3,0.0496747,0,0.0283392,0,0.824205,0.804517,1.02447
38,128,additive,low,ElasticNet,0.0496747,0,0.0809941,0,0.824205,0.745326,1.10583
38,128,additive,low,MCMC-add,0.0496747,0,0.0830935,0,0.824205,3.91191,0.210692
38,128,additive,low,MCMC-comb,0.0496747,0,0.0815128,0.015895,0.824205,3.37047,0.244537
38,128,multiplicative,low,OLS,0,0.0608519,0.100437,0.0608519,0.787075,0.867532,0.907257
38,128,multiplicative,low,ISD-1,0,0.0608519,0.00877232,0.0608519,0.787075,0.744306,1.05746
38,128,multiplicative,low,ISD-3,0,0.0608519,0.00883932,0.0608519,0.787075,0.807446,0.974771
38,128,multiplicative,low,ElasticNet,0,0.0608519,0.0968059,0.0608519,0.787075,0.789329,0.997144
38,128,multiplicative,low,MCMC-add,0,0.0608519,0.100461,0.0608519,0.787075,4.02473,0.19556
38,128,multiplicative,low,MCMC-comb,0,0.0608519,0.0992293,0.0113499,0.787075,4.24735,0.18531
38,128,combined,low,OLS,0.0496747,0.0608519,0.0804665,0.0608519,1.3638,1.5358,0.888008
38,128,combined,low,ISD-1,0.0496747,0.0608519,0.0293622,0.0608519,1.3638,1.31678,1.03571
38,128,combined,low,ISD-3,0.0496747,0.0608519,0.029889,0.0608519,1.3638,1.46375,0.93172
38,128,combined,low,ElasticNet,0.0496747,0.0608519,0.0783762,0.0608519,1.3638,1.51923,0.897696
38,128,combined,low,MCMC-add,0.0496747,0.0608519,0.0804904,0.0608519,1.3638,3.0905,0.441289
38,128,combined,low,MCMC-comb,0.0496747,0.0608519,0.07919,0.0206297,1.3638,3.10898,0.438666
38,128,additive,medium,OLS,0.124187,0,0.0534336,0,2.46617,2.2436,1.0992
38,128,additive,medium,ISD-1,0.124187,0,0.0658064,0,2.46617,1.10822,2.22535
38,128,additive,medium,ISD-3,0.124187,0,0.0641486,0,2.46617,1.02427,2.40773
38,128,additive,medium,ElasticNet,0.124187,0,0.0514635,0,2.46617,1.77137,1.39224
38,128,additive,medium,MCMC-add,0.124187,0,0.0534558,0,2.46617,2.83391,0.870237
38,128,additive,medium,MCMC-comb,0.124187,0,0.0522122,0.0319454,2.46617,1.97101,1.25122
38,128,multiplicative,medium,OLS,0,0.15213,0.0970445,0.15213,1.38885,1.9173,0.724381
38,128,multiplicative,medium,ISD-1,0,0.15213,0.017396,0.15213,1.38885,1.80648,0.768815
38,128,multiplicative,medium,ISD-3,0,0.15213,0.0142434,0.15213,1.38885,1.79622,0.77321
38,128,multiplicative,medium,ElasticNet,0,0.15213,0.0941475,0.15213,1.38885,1.92232,0.722487
38,128,multiplicative,medium,MCMC-add,0,0.15213,0.0970684,0.15213,1.38885,3.14976,0.440939
38,128,multiplicative,medium,MCMC-comb,0,0.15213,0.0968141,0.0328671,1.38885,3.9349,0.352958
38,128,combined,medium,OLS,0.124187,0.15213,0.0488231,0.15213,2.93169,2.5372,1.15549
38,128,combined,medium,ISD-1,0.124187,0.15213,0.0683,0.15213,2.93169,2.30286,1.27307
38,128,combined,medium,ISD-3,0.124187,0.15213,0.0707507,0.15213,2.93169,2.50474,1.17046
38,128,combined,medium,ElasticNet,0.124187,0.15213,0.0470226,0.15213,2.93169,2.66523,1.09998
38,128,combined,medium,MCMC-add,0.124187,0.15213,0.0488435,0.15213,2.93169,1.12844,2.59801
38,128,combined,medium,MCMC-comb,0.124187,0.15213,0.0482395,0.0581217,2.93169,0.609367,4.81105
38,128,additive,high,OLS,0.248374,0,0.0343062,0,9.17806,21.5349,0.426195
38,128,additive,high,ISD-1,0.248374,0,0.125949,0,9.17806,1.26281,7.26797
38,128,additive,high,ISD-3,0.248374,0,0.121403,0,9.17806,0.82714,11.0961
38,128,additive,high,ElasticNet,0.248374,0,0.0353175,0,9.17806,20.8372,0.440466
38,128,additive,high,MCMC-add,0.248374,0,0.0342984,0,9.17806,1.76686,5.19457
38,128,additive,high,MCMC-comb,0.248374,0,0.0423836,0.0573628,9.17806,0.589124,15.5792
38,128,multiplicative,high,OLS,0,0.304259,0.0931518,0.304259,1.48058,3.35997,0.440654
38,128,multiplicative,high,ISD-1,0,0.304259,0.0275072,0.304259,1.48058,3.09117,0.478971
38,128,multiplicative,high,ISD-3,0,0.304259,0.0267424,0.304259,1.48058,3.14145,0.471305
38,128,multiplicative,high,ElasticNet,0,0.304259,0.0897968,0.304259,1.48058,3.28456,0.45077
38,128,multiplicative,high,MCMC-add,0,0.304259,0.0931747,0.304259,1.48058,2.57495,0.574996
38,128,multiplicative,high,MCMC-comb,0,0.304259,0.0940985,0.134639,1.48058,2.28953,0.646676
38,128,combined,high,OLS,0.248374,0.304259,0.044927,0.304259,8.62513,1.65863,5.20016
38,128,combined,high,ISD-1,0.248374,0.304259,0.125516,0.304259,8.62513,2.15859,3.99572
38,128,combined,high,ISD-3,0.248374,0.304259,0.128592,0.304259,8.62513,2.07612,4.15445
38,128,combined,high,ElasticNet,0.248374,0.304259,0.0478972,0.304259,8.62513,1.7156,5.02748
38,128,combined,high,MCMC-add,0.248374,0.304259,0.0449122,0.304259,8.62513,0.959974,8.98475
38,128,combined,high,MCMC-comb,0.248374,0.304259,0.0576215,0.161478,8.62513,2.12003,4.0684
39,32,additive,low,OLS,0.0459605,0,0.0229583,0,0.75217,0.334697,2.24732
39,32,additive,low,ISD-1,0.0459605,0,0.0249091,0,0.75217,0.312995,2.40314
39,32,additive,low,ISD-3,0.0459605,0,0.021924,0,0.75217,0.283559,2.65261
39,32,additive,low,ElasticNet,0.0459605,0,0.0226548,0,0.75217,0.229034,3.2841
39,32,additive,low,MCMC-add,0.0459605,0,0.0229444,0,0.75217,0.221858,3.39032
39,32,additive,low,MCMC-comb,0.0459605,0,0.0228366,0.0282888,0.75217,0.14833,5.07094
39,32,multiplicative,low,OLS,0,0.0349212,0.00751252,0.0349212,0.134556,0.184566,0.729039
39,32,multiplicative,low,ISD-1,0,0.0349212,0,0.0349212,0.134556,0.134556,1
39,32,multiplicative,low,ISD-3,0,0.0349212,0.00165349,0.0349212,0.134556,0.370505,0.363168
39,32,multiplicative,low,ElasticNet,0,0.0349212,0,0.0349212,0.134556,0.134556,1
39,32,multiplicative,low,MCMC-add,0,0.0349212,0.007509,0.0349212,0.134556,0.145563,0.924379
39,32,multiplicative,low,MCMC-comb,0,0.0349212,0.0073399,0.0480724,0.134556,0.323297,0.416198
39,32,combined,low,OLS,0.0459605,0.0349212,0.0228748,0.0349212,0.634515,0.206335,3.07517
39,32,combined,low,ISD-1,0.0459605,0.0349212,0.0248523,0.0349212,0.634515,0.180231,3.52057
39,32,combined,low,ISD-3,0.0459605,0.0349212,0.0219171,0.0349212,0.634515,0.262042,2.42143
39,32,combined,low,ElasticNet,0.0459605,0.0349212,0.022571,0.0349212,0.634515,0.168836,3.75817
39,32,combined,low,MCMC-add,0.0459605,0.0349212,0.0228609,0.0349212,0.634515,0.198082,3.2033
39,32,combined,low,MCMC-comb,0.0459605,0.0349212,0.0224292,0.0307257,0.634515,0.0985112,6.44105
39,32,additive,medium,OLS,0.114901,0,0.0490819,0,4.6368,0.700412,6.62011
39,32,additive,medium,ISD-1,0.114901,0,0.0469007,0,4.6368,0.824212,5.62575
39,32,additive,medium,ISD-3,0.114901,0,0.0497082,0,4.6368,0.832836,5.56749
39,32,additive,medium,ElasticNet,0.114901,0,0.050269,0,4.6368,0.742341,6.24619
39,32,additive,medium,MCMC-add,0.114901,0,0.0490662,0,4.6368,0.368223,12.5924
39,32,additive,medium,MCMC-comb,0.114901,0,0.0490133,0.0139252,4.6368,0.407253,11.3856
39,32,multiplicative,medium,OLS,0,0.0873031,0.00705479,0.0873031,0.34363,0.243923,1.40876
39,32,multiplicative,medium,ISD-1,0,0.0873031,0,0.0873031,0.34363,0.34363,1
39,32,multiplicative,medium,ISD-3,0,0.0873031,0.00178195,0.0873031,0.34363,0.426863,0.805012
39,32,multiplicative,medium,ElasticNet,0,0.0873031,0,0.0873031,0.34363,0.34363,1
39,32,multiplicative,medium,MCMC-add,0,0.0873031,0.00705046,0.0873031,0.34363,0.234666,1.46433
39,32,multiplicative,medium,MCMC-comb,0,0.0873031,0.00645813,0.0471584,0.34363,0.353327,0.972553
39,32,combined,medium,OLS,0.114901,0.0873031,0.0490418,0.0873031,4.3242,0.381503,11.3347
39,32,combined,medium,ISD-1,0.114901,0.0873031,0.0468963,0.0873031,4.3242,0.561067,7.70711
39,32,combined,medium,ISD-3,0.114901,0.0873031,0.0479378,0.0873031,4.3242,0.4154,10.4097
39,32,combined,medium,ElasticNet,0.114901,0.0873031,0.050197,0.0873031,4.3242,0.338811,12.7629
39,32,combined,medium,MCMC-add,0.114901,0.0873031,0.0490262,0.0873031,4.3242,0.103472,41.7909
39,32,combined,medium,MCMC-comb,0.114901,0.0873031,0.0482722,0.0128206,4.3242,0.414586,10.4302
39,32,additive,high,OLS,0.229802,0,0.0932646,0,18.8488,2.0638,9.13306
39,32,additive,high,ISD-1,0.229802,0,0.0960177,0,18.8488,3.06054,6.15864
39,32,additive,high,ISD-3,0.229802,0,0.0969139,0,18.8488,2.74466,6.86744
39,32,additive,high,ElasticNet,0.229802,0,0.0977524,0,18.8488,2.03659,9.25505
39,32,additive,high,MCMC-add,0.229802,0,0.0932479,0,18.8488,0.726999,25.9268
39,32,additive,high,MCMC-comb,0.229802,0,0.0931479,0.0546387,18.8488,1.17997,15.9739
39,32,multiplicative,high,OLS,0,0.174606,0.00644988,0.174606,0.383154,0.362504,1.05697
39,32,multiplicative,high,ISD-1,0,0.174606,0,0.174606,0.383154,0.383154,1
39,32,multiplicative,high,ISD-3,0,0.174606,0.00200108,0.174606,0.383154,0.49622,0.772146
39,32,multiplicative,high,ElasticNet,0,0.174606,0,0.174606,0.383154,0.383154,1
39,32,multiplicative,high,MCMC-add,0,0.174606,0.00644406,0.174606,0.383154,0.330582,1.15903
39,32,multiplicative,high,MCMC-comb,0,0.174606,0.00493974,0.0655367,0.383154,0.25174,1.52203
39,32,combined,high,OLS,0.229802,0.174606,0.0933102,0.174606,18.4121,1.19223,15.4433
39,32,combined,high,ISD-1,0.229802,0.174606,0.0943543,0.174606,18.4121,2.28482,8.05845
39,32,combined,high,ISD-3,0.229802,0.174606,0.0967274,0.174606,18.4121,1.93572,9.51172
39,32,combined,high,ElasticNet,0.229802,0.174606,0.0978299,0.174606,18.4121,1.14787,16.0403
39,32,combined,high,MCMC-add,0.229802,0.174606,0.0932936,0.174606,18.4121,0.437896,42.0467
39,32,combined,high,MCMC-comb,0.229802,0.174606,0.0889761,0.0696313,18.4121,1.1157,16.5027
39,64,additive,low,OLS,0.0462388,0,0.0398691,0,0.980041,0.446511,2.19489
39,64,additive,low,ISD-1,0.0462388,0,0.0201438,0,0.980041,0.529746,1.85002
39,64,additive,low,ISD-3,0.0462388,0,0.0204459,0,0.980041,0.507056,1.93281
39,64,additive,low,ElasticNet,0.0462388,0,0.0377533,0,0.980041,0.457832,2.14061
39,64,additive,low,MCMC-add,0.0462388,0,0.0398908,0,0.980041,0.70203,1.39601
39,64,additive,low,MCMC-comb,0.0462388,0,0.0397544,0.0818436,0.980041,0.767445,1.27702
39,64,multiplicative,low,OLS,0,0.0358076,0.0220691,0.0358076,0.350306,0.398321,0.879457
39,64,multiplicative,low,ISD-1,0,0.0358076,0.00390054,0.0358076,0.350306,0.34459,1.01659
39,64,multiplicative,low,ISD-3,0,0.0358076,0.00353571,0.0358076,0.350306,0.362429,0.96655
39,64,multiplicative,low,ElasticNet,0,0.0358076,0.0194676,0.0358076,0.350306,0.416922,0.840219
39,64,multiplicative,low,MCMC-add,0,0.0358076,0.0220889,0.0358076,0.350306,0.175824,1.99237
39,64,multiplicative,low,MCMC-comb,0,0.0358076,0.0216845,0.0828902,0.350306,1.11763,0.313436
39,64,combined,low,OLS,0.0462388,0.0358076,0.0396603,0.0358076,0.656767,0.159698,4.11256
39,64,combined,low,ISD-1,0.0462388,0.0358076,0.020192,0.0358076,0.656767,0.330908,1.98474
39,64,combined,low,ISD-3,0.0462388,0.0358076,0.0205406,0.0358076,0.656767,0.201231,3.26374
39,64,combined,low,ElasticNet,0.0462388,0.0358076,0.0374552,0.0358076,0.656767,0.192454,3.41259
39,64,combined,low,MCMC-add,0.0462388,0.0358076,0.0396821,0.0358076,0.656767,0.417913,1.57154
39,64,combined,low,MCMC-comb,0.0462388,0.0358076,0.0392013,0.080533,0.656767,0.718817,0.913678
39,64,additive,medium,OLS,0.115597,0,0.0667363,0,4.60803,1.58169,2.91336
39,64,additive,medium,ISD-1,0.115597,0,0.0482163,0,4.60803,1.75777,2.62153
39,64,additive,medium,ISD-3,0.115597,0,0.0517158,0,4.60803,1.82703,2.52215
39,64,additive,medium,ElasticNet,0.115597,0,0.0646533,0,4.60803,1.61848,2.84714
39,64,additive,medium,MCMC-add,0.115597,0,0.066759,0,4.60803,1.27819,3.60514
39,64,additive,medium,MCMC-comb,0.115597,0,0.0667069,0.0754371,4.60803,0.202009,22.811
39,64,multiplicative,medium,OLS,0,0.089519,0.0216308,0.089519,0.775259,0.660682,1.17342
39,64,multiplicative,medium,ISD-1,0,0.089519,0.00384201,0.089519,0.775259,0.637672,1.21577
39,64,multiplicative,medium,ISD-3,0,0.089519,0.00357557,0.089519,0.775259,0.68488,1.13196
39,64,multiplicative,medium,ElasticNet,0,0.089519,0.0184892,0.089519,0.775259,0.728532,1.06414
39,64,multiplicative,medium,MCMC-add,0,0.089519,0.0216513,0.089519,0.775259,0.374219,2.07168
39,64,multiplicative,medium,MCMC-comb,0,0.089519,0.0205276,0.0706921,0.775259,0.900674,0.860754
39,64,combined,medium,OLS,0.115597,0.089519,0.0663736,0.089519,3.91985,0.665774,5.88765
39,64,combined,medium,ISD-1,0.115597,0.089519,0.0483689,0.089519,3.91985,0.870348,4.50377
39,64,combined,medium,ISD-3,0.115597,0.089519,0.0459534,0.089519,3.91985,0.879142,4.45872
39,64,combined,medium,ElasticNet,0.115597,0.089519,0.063894,0.089519,3.91985,0.622377,6.29818
39,64,combined,medium,MCMC-add,0.115597,0.089519,0.0663963,0.089519,3.91985,0.507895,7.71783
39,64,combined,medium,MCMC-comb,0.115597,0.089519,0.0652036,0.0640561,3.91985,0.160003,24.4986
39,64,additive,high,OLS,0.231194,0,0.11178,0,17.206,4.9956,3.44423
39,64,additive,high,ISD-1,0.231194,0,0.0969291,0,17.206,5.73064,3.00246
39,64,additive,high,ISD-3,0.231194,0,0.101558,0,17.206,5.4573,3.15284
39,64,additive,high,ElasticNet,0.231194,0,0.109739,0,17.206,4.95511,3.47237
39,64,additive,high,MCMC-add,0.231194,0,0.111803,0,17.206,2.33844,7.35789
39,64,additive,high,MCMC-comb,0.231194,0,0.111773,0.0632609,17.206,1.14442,15.0347
39,64,multiplicative,high,OLS,0,0.179038,0.0210621,0.179038,1.0786,1.06337,1.01433
39,64,multiplicative,high,ISD-1,0,0.179038,0.00374042,0.179038,1.0786,0.9929,1.08632
39,64,multiplicative,high,ISD-3,0,0.179038,0.00364625,0.179038,1.0786,1.00641,1.07173
39,64,multiplicative,high,ElasticNet,0,0.179038,0.0160102,0.179038,1.0786,1.10649,0.974794
39,64,multiplicative,high,MCMC-add,0,0.179038,0.0210838,0.179038,1.0786,0.794165,1.35816
39,64,multiplicative,high,MCMC-comb,0,0.179038,0.020983,0.085486,1.0786,0.608037,1.77391
39,64,combined,high,OLS,0.231194,0.179038,0.111176,0.179038,15.9989,2.56537,6.23646
39,64,combined,high,ISD-1,0.231194,0.179038,0.0930813,0.179038,15.9989,3.63805,4.39765
39,64,combined,high,ISD-3,0.231194,0.179038,0.103681,0.179038,15.9989,3.47919,4.59844
39,64,combined,high,ElasticNet,0.231194,0.179038,0.108191,0.179038,15.9989,2.55378,6.26478
39,64,combined,high,MCMC-add,0.231194,0.179038,0.111199,0.179038,15.9989,1.10286,14.5068
39,64,combined,high,MCMC-comb,0.231194,0.179038,0.107545,0.0922163,15.9989,1.03143,15.5113
40,32,additive,low,OLS,0.0448153,0,0.0124098,0,0.682207,0.118001,5.78137
40,32,additive,low,ISD-1,0.0448153,0,0.0235159,0,0.682207,0.170753,3.99529
40,32,additive,low,ISD-3,0.0448153,0,0.0261613,0,0.682207,0.255987,2.665
40,32,additive,low,ElasticNet,0.0448153,0,0.012594,0,0.682207,0.102206,6.67484
40,32,additive,low,MCMC-add,0.0448153,0,0.0124275,0,0.682207,0.0882479,7.73058
40,32,additive,low,MCMC-comb,0.0448153,0,0.0124237,0.108896,0.682207,0.674001,1.01218
40,32,multiplicative,low,OLS,0,0.0509808,0.00672239,0.0509808,0.143191,0.190713,0.750822
40,32,multiplicative,low,ISD-1,0,0.0509808,0,0.0509808,0.143191,0.143191,1
40,32,multiplicative,low,ISD-3,0,0.0509808,0,0.0509808,0.143191,0.143191,1
40,32,multiplicative,low,ElasticNet,0,0.0509808,0,0.0509808,0.143191,0.143191,1
40,32,multiplicative,low,MCMC-add,0,0.0509808,0.00671201,0.0509808,0.143191,0.158886,0.90122
40,32,multiplicative,low,MCMC-comb,0,0.0509808,0.00709551,0.0971569,0.143191,0.561435,0.255045
40,32,combined,low,OLS,0.0448153,0.0509808,0.0123566,0.0509808,0.595594,0.206339,2.88648
40,32,combined,low,ISD-1,0.0448153,0.0509808,0.0235434,0.0509808,0.595594,0.106959,5.56841
40,32,combined,low,ISD-3,0.0448153,0.0509808,0.0262489,0.0509808,0.595594,0.143448,4.15198
40,32,combined,low,ElasticNet,0.0448153,0.0509808,0.0125417,0.0509808,0.595594,0.213169,2.794
40,32,combined,low,MCMC-add,0.0448153,0.0509808,0.0123741,0.0509808,0.595594,0.220221,2.70452
40,32,combined,low,MCMC-comb,0.0448153,0.0509808,0.012314,0.0986734,0.595594,0.64596,0.922029
40,32,additive,medium,OLS,0.112038,0,0.0389274,0,3.76436,0.077181,48.7731
40,32,additive,medium,ISD-1,0.112038,0,0.0599934,0,3.76436,0.469433,8.01895
40,32,additive,medium,ISD-3,0.112038,0,0.05788,0,3.76436,0.490612,7.67279
40,32,additive,medium,ElasticNet,0.112038,0,0.0393832,0,3.76436,0.094635,39.7777
40,32,additive,medium,MCMC-add,0.112038,0,0.038944,0,3.76436,0.214285,17.5671
40,32,additive,medium,MCMC-comb,0.112038,0,0.0390432,0.101495,3.76436,0.743404,5.06368
40,32,multiplicative,medium,OLS,0,0.127452,0.00610031,0.127452,0.205818,0.181464,1.13421
40,32,multiplicative,medium,ISD-1,0,0.127452,0,0.127452,0.205818,0.205818,1
40,32,multiplicative,medium,ISD-3,0,0.127452,0,0.127452,0.205818,0.205818,1
40,32,multiplicative,medium,ElasticNet,0,0.127452,0,0.127452,0.205818,0.205818,1
40,32,multiplicative,medium,MCMC-add,0,0.127452,0.00608834,0.127452,0.205818,0.160152,1.28514
40,32,multiplicative,medium,MCMC-comb,0,0.127452,0.0072725,0.0798142,0.205818,0.554204,0.371376
40,32,combined,medium,OLS,0.112038,0.127452,0.0392792,0.127452,3.43233,0.228358,15.0305
40,32,combined,medium,ISD-1,0.112038,0.127452,0.0600391,0.127452,3.43233,0.27905,12.3001
40,32,combined,medium,ISD-3,0.112038,0.127452,0.0556715,0.127452,3.43233,0.265197,12.9426
40,32,combined,medium,ElasticNet,0.112038,0.127452,0.0397269,0.127452,3.43233,0.22,15.6015
40,32,combined,medium,MCMC-add,0.112038,0.127452,0.0392953,0.127452,3.43233,0.419402,8.18388
40,32,combined,medium,MCMC-comb,0.112038,0.127452,0.0390702,0.0783372,3.43233,0.653724,5.25044
40,32,additive,high,OLS,0.224076,0,0.0840136,0,14.4676,0.470714,30.7355
40,32,additive,high,ISD-1,0.224076,0,0.11854,0,14.4676,1.49846,9.65503
40,32,additive,high,ISD-3,0.224076,0,0.111961,0,14.4676,1.32006,10.9598
40,32,additive,high,ElasticNet,0.224076,0,0.084905,0,14.4676,0.41674,34.7163
40,32,additive,high,MCMC-add,0.224076,0,0.0840297,0,14.4676,0.339136,42.6604
40,32,additive,high,MCMC-comb,0.224076,0,0.0842561,0.0760028,14.4676,0.79004,18.3126
40,32,multiplicative,high,OLS,0,0.254904,0.00579507,0.254904,0.295734,0.388812,0.760609
40,32,multiplicative,high,ISD-1,0,0.254904,0,0.254904,0.295734,0.295734,1
40,32,multiplicative,high,ISD-3,0,0.254904,0,0.254904,0.295734,0.295734,1
40,32,multiplicative,high,ElasticNet,0,0.254904,0,0.254904,0.295734,0.295734,1
40,32,multiplicative,high,MCMC-add,0,0.254904,0.00578142,0.254904,0.295734,0.349734,0.845597
40,32,multiplicative,high,MCMC-comb,0,0.254904,0.00602831,0.108432,0.295734,0.491759,0.60138
40,32,combined,high,OLS,0.224076,0.254904,0.0850314,0.254904,13.8636,0.115233,120.31
40,32,combined,high,ISD-1,0.224076,0.254904,0.115102,0.254904,13.8636,1.19993,11.5537
40,32,combined,high,ISD-3,0.224076,0.254904,0.113566,0.254904,13.8636,0.932556,14.8663
40,32,combined,high,ElasticNet,0.224076,0.254904,0.0859048,0.254904,13.8636,0.145312,95.4058
40,32,combined,high,MCMC-add,0.224076,0.254904,0.0850469,0.254904,13.8636,0.684878,20.2425
40,32,combined,high,MCMC-comb,0.224076,0.254904,0.0847149,0.0629089,13.8636,0.422126,32.8424
40,64,additive,low,OLS,0.0438785,0,0.0065344,0,0.523518,0.47164,1.11
40,64,additive,low,ISD-1,0.0438785,0,0.0241547,0,0.523518,0.404554,1.29406
40,64,additive,low,ISD-3,0.0438785,0,0.0248113,0,0.523518,0.313216,1.67143
40,64,additive,low,ElasticNet,0.0438785,0,0.00641488,0,0.523518,0.491403,1.06536
40,64,additive,low,MCMC-add,0.0438785,0,0.00654908,0,0.523518,0.292357,1.79068
40,64,additive,low,MCMC-comb,0.0438785,0,0.00608193,0.0333915,0.523518,0.857921,0.610217
40,64,multiplicative,low,OLS,0,0.0502574,0.0229403,0.0502574,0.459334,0.577063,0.795986
40,64,multiplicative,low,ISD-1,0,0.0502574,0,0.0502574,0.459334,0.459334,1
40,64,multiplicative,low,ISD-3,0,0.0502574,0,0.0502574,0.459334,0.459334,1
40,64,multiplicative,low,ElasticNet,0,0.0502574,0.0200054,0.0502574,0.459334,0.480475,0.956
40,64,multiplicative,low,MCMC-add,0,0.0502574,0.0229631,0.0502574,0.459334,0.339686,1.35223
40,64,multiplicative,low,MCMC-comb,0,0.0502574,0.0225573,0.0409192,0.459334,0.496986,0.924239
40,64,combined,low,OLS,0.0438785,0.0502574,0.00604069,0.0502574,0.534424,0.835791,0.639423
40,64,combined,low,ISD-1,0.0438785,0.0502574,0.0242149,0.0502574,0.534424,0.810515,0.659363
40,64,combined,low,ISD-3,0.0438785,0.0502574,0.0249447,0.0502574,0.534424,0.771653,0.69257
40,64,combined,low,ElasticNet,0.0438785,0.0502574,0.00592523,0.0502574,0.534424,0.891698,0.599333
40,64,combined,low,MCMC-add,0.0438785,0.0502574,0.00605586,0.0502574,0.534424,0.536792,0.995589
40,64,combined,low,MCMC-comb,0.0438785,0.0502574,0.0054431,0.0417805,0.534424,1.11135,0.480879
40,64,additive,medium,OLS,0.109696,0,0.0236031,0,4.10439,0.615443,6.669
40,64,additive,medium,ISD-1,0.109696,0,0.0639925,0,4.10439,0.31409,13.0676
40,64,additive,medium,ISD-3,0.109696,0,0.0614019,0,4.10439,0.283808,14.4619
40,64,additive,medium,ElasticNet,0.109696,0,0.0240545,0,4.10439,0.593846,6.91154
40,64,additive,medium,MCMC-add,0.109696,0,0.0235805,0,4.10439,0.659243,6.22592
40,64,additive,medium,MCMC-comb,0.109696,0,0.0241554,0.0352347,4.10439,1.56957,2.61497
40,64,multiplicative,medium,OLS,0,0.125644,0.0224622,0.125644,0.869946,0.877254,0.99167
40,64,multiplicative,medium,ISD-1,0,0.125644,0,0.125644,0.869946,0.869946,1
40,64,multiplicative,medium,ISD-3,0,0.125644,0,0.125644,0.869946,0.869946,1
40,64,multiplicative,medium,ElasticNet,0,0.125644,0.0206166,0.125644,0.869946,0.881519,0.986872
40,64,multiplicative,medium,MCMC-add,0,0.125644,0.022485,0.125644,0.869946,0.302192,2.87878
40,64,multiplicative,medium,MCMC-comb,0,0.125644,0.0213942,0.00853016,0.869946,0.77377,1.1243
40,64,combined,medium,OLS,0.109696,0.125644,0.0241569,0.125644,3.46771,1.28559,2.69737
40,64,combined,medium,ISD-1,0.109696,0.125644,0.0618842,0.125644,3.46771,1.09916,3.15488
40,64,combined,medium,ISD-3,0.109696,0.125644,0.063255,0.125644,3.46771,1.0944,3.1686
40,64,combined,medium,ElasticNet,0.109696,0.125644,0.0245999,0.125644,3.46771,1.31762,2.6318
40,64,combined,medium,MCMC-add,0.109696,0.125644,0.0241347,0.125644,3.46771,1.50828,2.29911
40,64,combined,medium,MCMC-comb,0.109696,0.125644,0.0218626,0.0371754,3.46771,1.5776,2.1981
40,64,additive,high,OLS,0.219393,0,0.0694042,0,17.8038,0.802119,22.1959
40,64,additive,high,ISD-1,0.219393,0,0.121815,0,17.8038,2.01857,8.81996
40,64,additive,high,ISD-3,0.219393,0,0.118022,0,17.8038,1.53509,11.5979
40,64,additive,high,ElasticNet,0.219393,0,0.0702949,0,17.8038,0.759462,23.4426
40,64,additive,high,MCMC-add,0.219393,0,0.0693821,0,17.8038,1.63288,10.9033
40,64,additive,high,MCMC-comb,0.219393,0,0.0695848,0.0395602,17.8038,2.74368,6.48901
40,64,multiplicative,high,OLS,0,0.251287,0.021806,0.251287,1.2116,1.10734,1.09415
40,64,multiplicative,high,ISD-1,0,0.251287,0,0.251287,1.2116,1.2116,1
40,64,multiplicative,high,ISD-3,0,0.251287,0.00193874,0.251287,1.2116,1.33561,0.907149
40,64,multiplicative,high,ElasticNet,0,0.251287,0.0214479,0.251287,1.2116,1.14553,1.05767
40,64,multiplicative,high,MCMC-add,0,0.251287,0.021829,0.251287,1.2116,0.494679,2.44926
40,64,multiplicative,high,MCMC-comb,0,0.251287,0.022303,0.121457,1.2116,0.743491,1.62961
40,64,combined,high,OLS,0.219393,0.251287,0.0708132,0.251287,16.6151,0.900561,18.4498
40,64,combined,high,ISD-1,0.219393,0.251287,0.118367,0.251287,16.6151,1.09714,15.1441
40,64,combined,high,ISD-3,0.219393,0.251287,0.1194,0.251287,16.6151,0.738246,22.5063
40,64,combined,high,ElasticNet,0.219393,0.251287,0.0716794,0.251287,16.6151,0.862714,19.2592
40,64,combined,high,MCMC-add,0.219393,0.251287,0.0707917,0.251287,16.6151,2.94681,5.63836
40,64,combined,high,MCMC-comb,0.219393,0.251287,0.0706394,0.130658,16.6151,3.67193,4.5249
40,128,additive,low,OLS,0.0436485,0,0.0859594,0,0.474228,0.518552,0.914524
40,128,additive,low,ISD-1,0.0436485,0,0.0272238,0,0.474228,0.581905,0.814959
40,128,additive,low,ISD-3,0.0436485,0,0.0253438,0,0.474228,0.655705,0.723234
40,128,additive,low,ElasticNet,0.0436485,0,0.0854134,0,0.474228,0.52254,0.907545
40,128,additive,low,MCMC-add,0.0436485,0,0.0859846,0,0.474228,3.9999,0.11856
40,128,additive,low,MCMC-comb,0.0436485,0,0.0870588,0.011685,0.474228,4.26604,0.111164
40,128,multiplicative,low,OLS,0,0.0499086,0.102732,0.0499086,0.80348,0.697584,1.1518
40,128,multiplicative,low,ISD-1,0,0.0499086,0,0.0499086,0.80348,0.80348,1
40,128,multiplicative,low,ISD-3,0,0.0499086,0.103401,0.0499086,0.80348,0.799579,1.00488
40,128,multiplicative,low,ElasticNet,0,0.0499086,0.10031,0.0499086,0.80348,0.723976,1.10982
40,128,multiplicative,low,MCMC-add,0,0.0499086,0.102757,0.0499086,0.80348,3.97311,0.20223
40,128,multiplicative,low,MCMC-comb,0,0.0499086,0.103721,0.0130576,0.80348,5.17541,0.15525
40,128,combined,low,OLS,0.0436485,0.0499086,0.0840657,0.0499086,1.33559,1.3148,1.01582
40,128,combined,low,ISD-1,0.0436485,0.0499086,0.0289643,0.0499086,1.33559,1.3528,0.98728
40,128,combined,low,ISD-3,0.0436485,0.0499086,0.0271877,0.0499086,1.33559,1.43322,0.93188
40,128,combined,low,ElasticNet,0.0436485,0.0499086,0.083245,0.0499086,1.33559,1.29691,1.02983
40,128,combined,low,MCMC-add,0.0436485,0.0499086,0.0840906,0.0499086,1.33559,3.16601,0.421853
40,128,combined,low,MCMC-comb,0.0436485,0.0499086,0.0849595,0.0159385,1.33559,4.13388,0.323085
40,128,additive,medium,OLS,0.109121,0,0.0584441,0,2.29629,0.897393,2.55884
40,128,additive,medium,ISD-1,0.109121,0,0.0675228,0,2.29629,0.92301,2.48783
40,128,additive,medium,ISD-3,0.109121,0,0.058782,0,2.29629,1.00232,2.29097
40,128,additive,medium,ElasticNet,0.109121,0,0.0576826,0,2.29629,0.893501,2.56999
40,128,additive,medium,MCMC-add,0.109121,0,0.0584697,0,2.29629,2.72614,0.842322
40,128,additive,medium,MCMC-comb,0.109121,0,0.0597791,0.0201863,2.29629,2.825,0.812846
40,128,multiplicative,medium,OLS,0,0.124771,0.100245,0.124771,1.73369,1.96882,0.880571
40,128,multiplicative,medium,ISD-1,0,0.124771,0.00708757,0.124771,1.73369,1.69715,1.02153
40,128,multiplicative,medium,ISD-3,0,0.124771,0.00772265,0.124771,1.73369,1.69642,1.02197
40,128,multiplicative,medium,ElasticNet,0,0.124771,0.0996872,0.124771,1.73369,1.98534,0.873245
40,128,multiplicative,medium,MCMC-add,0,0.124771,0.100269,0.124771,1.73369,2.74652,0.63123
40,128,multiplicative,medium,MCMC-comb,0,0.124771,0.0999019,0.0297487,1.73369,5.19359,0.333812
40,128,combined,medium,OLS,0.109121,0.124771,0.0554866,0.124771,2.85394,2.6817,1.06423
40,128,combined,medium,ISD-1,0.109121,0.124771,0.0679276,0.124771,2.85394,2.67925,1.0652
40,128,combined,medium,ISD-3,0.109121,0.124771,0.0735148,0.124771,2.85394,2.84071,1.00466
40,128,combined,medium,ElasticNet,0.109121,0.124771,0.0540601,0.124771,2.85394,2.68673,1.06223
40,128,combined,medium,MCMC-add,0.109121,0.124771,0.0555105,0.124771,2.85394,0.825971,3.45526
40,128,combined,medium,MCMC-comb,0.109121,0.124771,0.0550341,0.0465865,2.85394,1.88166,1.51672
40,128,additive,high,OLS,0.218242,0,0.0251046,0,10.0216,1.14344,8.76443
40,128,additive,high,ISD-1,0.218242,0,0.128924,0,10.0216,0.930846,10.7662
40,128,additive,high,ISD-3,0.218242,0,0.1205,0,10.0216,0.663856,15.0961
40,128,additive,high,ElasticNet,0.218242,0,0.0249236,0,10.0216,1.13102,8.86073
40,128,additive,high,MCMC-add,0.218242,0,0.0251222,0,10.0216,0.930023,10.7757
40,128,additive,high,MCMC-comb,0.218242,0,0.0273355,0.0409654,10.0216,0.54542,18.3742
40,128,multiplicative,high,OLS,0,0.249543,0.0975301,0.249543,2.5426,3.53384,0.719501
40,128,multiplicative,high,ISD-1,0,0.249543,0.0176805,0.249543,2.5426,3.18652,0.797924
40,128,multiplicative,high,ISD-3,0,0.249543,0.0199758,0.249543,2.5426,3.31221,0.767643
40,128,multiplicative,high,ElasticNet,0,0.249543,0.0966047,0.249543,2.5426,3.53317,0.719637
40,128,multiplicative,high,MCMC-add,0,0.249543,0.0975534,0.249543,2.5426,1.59218,1.59693
40,128,multiplicative,high,MCMC-comb,0,0.249543,0.0958043,0.124755,2.5426,1.95418,1.30111
40,128,combined,high,OLS,0.218242,0.249543,0.0383751,0.249543,8.97417,3.54443,2.53191
40,128,combined,high,ISD-1,0.218242,0.249543,0.135425,0.249543,8.97417,3.1673,2.83339
40,128,combined,high,ISD-3,0.218242,0.249543,0.128503,0.249543,8.97417,3.4013,2.63845
40,128,combined,high,ElasticNet,0.218242,0.249543,0.0389608,0.249543,8.97417,3.58426,2.50378
40,128,combined,high,MCMC-add,0.218242,0.249543,0.0383786,0.249543,8.97417,2.25913,3.9724
40,128,combined,high,MCMC-comb,0.218242,0.249543,0.0388043,0.152018,8.97417,2.68185,3.34627
41,32,additive,low,OLS,0.0486715,0,0.0212739,0,1.19268,0.264011,4.51756
41,32,additive,low,ISD-1,0.0486715,0,0.0227631,0,1.19268,0.351395,3.39414
41,32,additive,low,ISD-3,0.0486715,0,0.0230644,0,1.19268,0.43175,2.76244
41,32,additive,low,ElasticNet,0.0486715,0,0.0188898,0,1.19268,0.248437,4.80075
41,32,additive,low,MCMC-add,0.0486715,0,0.0212577,0,1.19268,0.242454,4.91923
41,32,additive,low,MCMC-comb,0.0486715,0,0.0215718,0.128467,1.19268,1.15096,1.03625
41,32,multiplicative,low,OLS,0,0.0448153,0.00488687,0.0448153,0.282883,0.259998,1.08802
41,32,multiplicative,low,ISD-1,0,0.0448153,0,0.0448153,0.282883,0.282883,1
41,32,multiplicative,low,ISD-3,0,0.0448153,0,0.0448153,0.282883,0.282883,1
41,32,multiplicative,low,ElasticNet,0,0.0448153,0,0.0448153,0.282883,0.282883,1
41,32,multiplicative,low,MCMC-add,0,0.0448153,0.00487654,0.0448153,0.282883,0.211465,1.33773
41,32,multiplicative,low,MCMC-comb,0,0.0448153,0.00487005,0.144189,0.282883,1.35629,0.208572
41,32,combined,low,OLS,0.0486715,0.0448153,0.0212719,0.0448153,1.03096,0.16896,6.10181
41,32,combined,low,ISD-1,0.0486715,0.0448153,0.0226397,0.0448153,1.03096,0.216279,4.76682
41,32,combined,low,ISD-3,0.0486715,0.0448153,0.0230585,0.0448153,1.03096,0.431615,2.38861
41,32,combined,low,ElasticNet,0.0486715,0.0448153,0.0186799,0.0448153,1.03096,0.219819,4.69004
41,32,combined,low,MCMC-add,0.0486715,0.0448153,0.021256,0.0448153,1.03096,0.214142,4.81438
41,32,combined,low,MCMC-comb,0.0486715,0.0448153,0.0213268,0.139694,1.03096,1.25416,0.822031
41,32,additive,medium,OLS,0.121679,0,0.047653,0,6.67497,0.822865,8.11187
41,32,additive,medium,ISD-1,0.121679,0,0.0543674,0,6.67497,1.36825,4.87846
41,32,additive,medium,ISD-3,0.121679,0,0.0542805,0,6.67497,1.22616,5.44382
41,32,additive,medium,ElasticNet,0.121679,0,0.0464499,0,6.67497,0.802094,8.32194
41,32,additive,medium,MCMC-add,0.121679,0,0.0476367,0,6.67497,0.543609,12.279
41,32,additive,medium,MCMC-comb,0.121679,0,0.0480357,0.119813,6.67497,0.756418,8.82445
41,32,multiplicative,medium,OLS,0,0.112038,0.00476869,0.112038,0.423088,0.384008,1.10177
41,32,multiplicative,medium,ISD-1,0,0.112038,0,0.112038,0.423088,0.423088,1
41,32,multiplicative,medium,ISD-3,0,0.112038,0,0.112038,0.423088,0.423088,1
41,32,multiplicative,medium,ElasticNet,0,0.112038,0,0.112038,0.423088,0.423088,1
41,32,multiplicative,medium,MCMC-add,0,0.112038,0.00475917,0.112038,0.423088,0.309351,1.36766
41,32,multiplicative,medium,MCMC-comb,0,0.112038,0.00380902,0.148579,0.423088,1.49942,0.282168
41,32,combined,medium,OLS,0.121679,0.112038,0.0477197,0.112038,6.40068,0.703794,9.09453
41,32,combined,medium,ISD-1,0.121679,0.112038,0.0513957,0.112038,6.40068,1.23908,5.16565
41,32,combined,medium,ISD-3,0.121679,0.112038,0.0536617,0.112038,6.40068,1.06877,5.98881
41,32,combined,medium,ElasticNet,0.121679,0.112038,0.046451,0.112038,6.40068,0.641947,9.97072
41,32,combined,medium,MCMC-add,0.121679,0.112038,0.0477038,0.112038,6.40068,0.262383,24.3944
41,32,combined,medium,MCMC-comb,0.121679,0.112038,0.0470046,0.127341,6.40068,0.875505,7.31084
41,32,additive,high,OLS,0.243357,0,0.091114,0,27.2058,2.61061,10.4212
41,32,additive,high,ISD-1,0.243357,0,0.101317,0,27.2058,4.4378,6.13047
41,32,additive,high,ISD-3,0.243357,0,0.0968528,0,27.2058,4.08238,6.66421
41,32,additive,high,ElasticNet,0.243357,0,0.092996,0,27.2058,2.68032,10.1502
41,32,additive,high,MCMC-add,0.243357,0,0.0910976,0,27.2058,1.14985,23.6602
41,32,additive,high,MCMC-comb,0.243357,0,0.0915361,0.0879676,27.2058,0.234426,116.053
41,32,multiplicative,high,OLS,0,0.224076,0.00471295,0.224076,0.41795,0.495553,0.843403
41,32,multiplicative,high,ISD-1,0,0.224076,0,0.224076,0.41795,0.41795,1
41,32,multiplicative,high,ISD-3,0,0.224076,0,0.224076,0.41795,0.41795,1
41,32,multiplicative,high,ElasticNet,0,0.224076,0,0.224076,0.41795,0.41795,1
41,32,multiplicative,high,MCMC-add,0,0.224076,0.00470504,0.224076,0.41795,0.376879,1.10898
41,32,multiplicative,high,MCMC-comb,0,0.224076,0.0049484,0.114549,0.41795,1.12978,0.36994
41,32,combined,high,OLS,0.243357,0.224076,0.0913696,0.224076,27.1123,2.82064,9.61209
41,32,combined,high,ISD-1,0.243357,0.224076,0.103118,0.224076,27.1123,4.86375,5.57436
41,32,combined,high,ISD-3,0.243357,0.224076,0.101046,0.224076,27.1123,4.2747,6.3425
41,32,combined,high,ElasticNet,0.243357,0.224076,0.0930757,0.224076,27.1123,2.75348,9.84657
41,32,combined,high,MCMC-add,0.243357,0.224076,0.0913537,0.224076,27.1123,0.85092,31.8623
41,32,combined,high,MCMC-comb,0.243357,0.224076,0.0907552,0.0832414,27.1123,0.779016,34.8033
41,64,additive,low,OLS,0.0494883,0,0.0414452,0,1.32688,0.738381,1.79701
41,64,additive,low,ISD-1,0.0494883,0,0.0225811,0,1.32688,0.793564,1.67205
41,64,additive,low,ISD-3,0.0494883,0,0.0192674,0,1.32688,0.811394,1.6353
41,64,additive,low,ElasticNet,0.0494883,0,0.0412913,0,1.32688,0.733237,1.80961
41,64,additive,low,MCMC-add,0.0494883,0,0.0414676,0,1.32688,1.14847,1.15535
41,64,additive,low,MCMC-comb,0.0494883,0,0.0410324,0.0164652,1.32688,1.50381,0.882342
41,64,multiplicative,low,OLS,0,0.0438785,0.0230338,0.0438785,0.407252,0.46937,0.867657
41,64,multiplicative,low,ISD-1,0,0.0438785,0,0.0438785,0.407252,0.407252,1
41,64,multiplicative,low,ISD-3,0,0.0438785,0,0.0438785,0.407252,0.407252,1
41,64,multiplicative,low,ElasticNet,0,0.0438785,0.0223552,0.0438785,0.407252,0.480372,0.847784
41,64,multiplicative,low,MCMC-add,0,0.0438785,0.0230548,0.0438785,0.407252,0.250198,1.62772
41,64,multiplicative,low,MCMC-comb,0,0.0438785,0.0226911,0.00908074,0.407252,0.933857,0.436097
41,64,combined,low,OLS,0.0494883,0.0438785,0.0412078,0.0438785,0.976309,0.440774,2.21499
41,64,combined,low,ISD-1,0.0494883,0.0438785,0.0226308,0.0438785,0.976309,0.431071,2.26484
41,64,combined,low,ISD-3,0.0494883,0.0438785,0.019246,0.0438785,0.976309,0.427059,2.28612
41,64,combined,low,ElasticNet,0.0494883,0.0438785,0.0410568,0.0438785,0.976309,0.420026,2.3244
41,64,combined,low,MCMC-add,0.0494883,0.0438785,0.0412301,0.0438785,0.976309,0.727847,1.34137
41,64,combined,low,MCMC-comb,0.0494883,0.0438785,0.0403729,0.00654096,0.976309,1.23299,0.791825
41,64,additive,medium,OLS,0.123721,0,0.0686115,0,6.64662,2.37022,2.80423
41,64,additive,medium,ISD-1,0.123721,0,0.0494337,0,6.64662,2.6438,2.51404
41,64,additive,medium,ISD-3,0.123721,0,0.0511217,0,6.64662,2.68689,2.47373
41,64,additive,medium,ElasticNet,0.123721,0,0.0682482,0,6.64662,2.3688,2.8059
41,64,additive,medium,MCMC-add,0.123721,0,0.0686346,0,6.64662,1.82782,3.63637
41,64,additive,medium,MCMC-comb,0.123721,0,0.0684475,0.00580425,6.64662,1.83216,3.62775
41,64,multiplicative,medium,OLS,0,0.109696,0.022659,0.109696,0.934744,0.938932,0.995539
41,64,multiplicative,medium,ISD-1,0,0.109696,0,0.109696,0.934744,0.934744,1
41,64,multiplicative,medium,ISD-3,0,0.109696,0,0.109696,0.934744,0.934744,1
41,64,multiplicative,medium,ElasticNet,0,0.109696,0.0221875,0.109696,0.934744,0.904212,1.03377
41,64,multiplicative,medium,MCMC-add,0,0.109696,0.02268,0.109696,0.934744,0.351046,2.66274
41,64,multiplicative,medium,MCMC-comb,0,0.109696,0.0205907,0.0111852,0.934744,0.340835,2.74251
41,64,combined,medium,OLS,0.123721,0.109696,0.0680331,0.109696,5.82935,1.79981,3.23886
41,64,combined,medium,ISD-1,0.123721,0.109696,0.0505479,0.109696,5.82935,2.16688,2.6902
41,64,combined,medium,ISD-3,0.123721,0.109696,0.0491883,0.109696,5.82935,2.02102,2.88436
41,64,combined,medium,ElasticNet,0.123721,0.109696,0.0676773,0.109696,5.82935,1.78796,3.26034
41,64,combined,medium,MCMC-add,0.123721,0.109696,0.0680559,0.109696,5.82935,1.03119,5.65304
41,64,combined,medium,MCMC-comb,0.123721,0.109696,0.0670074,0.0433077,5.82935,3.26554,1.78511
41,64,additive,high,OLS,0.247441,0,0.113257,0,24.4149,6.85901,3.55954
41,64,additive,high,ISD-1,0.247441,0,0.0969029,0,24.4149,8.40321,2.90543
41,64,additive,high,ISD-3,0.247441,0,0.0966343,0,24.4149,7.96486,3.06533
41,64,additive,high,ElasticNet,0.247441,0,0.11253,0,24.4149,6.8386,3.57016
41,64,additive,high,MCMC-add,0.247441,0,0.11328,0,24.4149,3.32285,7.34759
41,64,additive,high,MCMC-comb,0.247441,0,0.112667,0.0257219,24.4149,4.11476,5.9335
41,64,multiplicative,high,OLS,0,0.219393,0.0220718,0.219393,1.14098,1.046,1.0908
41,64,multiplicative,high,ISD-1,0,0.219393,0,0.219393,1.14098,1.14098,1
41,64,multiplicative,high,ISD-3,0,0.219393,0,0.219393,1.14098,1.14098,1
41,64,multiplicative,high,ElasticNet,0,0.219393,0.0192644,0.219393,1.14098,1.07536,1.06103
41,64,multiplicative,high,MCMC-add,0,0.219393,0.0220929,0.219393,1.14098,0.636047,1.79387
41,64,multiplicative,high,MCMC-comb,0,0.219393,0.0234651,0.109558,1.14098,2.37582,0.480248
41,64,combined,high,OLS,0.247441,0.219393,0.112101,0.219393,23.2847,6.49534,3.58483
41,64,combined,high,ISD-1,0.247441,0.219393,0.0982364,0.219393,23.2847,8.27631,2.81341
41,64,combined,high,ISD-3,0.247441,0.219393,0.0968374,0.219393,23.2847,7.78739,2.99005
41,64,combined,high,ElasticNet,0.247441,0.219393,0.111391,0.219393,23.2847,6.58168,3.5378
41,64,combined,high,MCMC-add,0.247441,0.219393,0.112124,0.219393,23.2847,2.13266,10.9181
41,64,combined,high,MCMC-comb,0.247441,0.219393,0.11145,0.121154,23.2847,5.83923,3.98763
42,32,additive,low,OLS,0.041671,0,0.0100265,0,0.501762,0.213418,2.35107
42,32,additive,low,ISD-1,0.041671,0,0.0218332,0,0.501762,0.174979,2.86755
42,32,additive,low,ISD-3,0.041671,0,0.0225539,0,0.501762,0.122912,4.08228
42,32,additive,low,ElasticNet,0.041671,0,0.0102242,0,0.501762,0.18307,2.74082
42,32,additive,low,MCMC-add,0.041671,0,0.0100415,0,0.501762,0.18055,2.77908
42,32,additive,low,MCMC-comb,0.041671,0,0.00998961,0.054576,0.501762,0.324833,1.54467
42,32,multiplicative,low,OLS,0,0.0483807,0.0110822,0.0483807,0.194749,0.221651,0.878627
42,32,multiplicative,low,ISD-1,0,0.0483807,0,0.0483807,0.194749,0.194749,1
42,32,multiplicative,low,ISD-3,0,0.0483807,0,0.0483807,0.194749,0.194749,1
42,32,multiplicative,low,ElasticNet,0,0.0483807,0,0.0483807,0.194749,0.194749,1
42,32,multiplicative,low,MCMC-add,0,0.0483807,0.0110695,0.0483807,0.194749,0.267906,0.72693
42,32,multiplicative,low,MCMC-comb,0,0.0483807,0.0110442,0.0513577,0.194749,0.396969,0.49059
42,32,combined,low,OLS,0.041671,0.0483807,0.00985701,0.0483807,0.627857,0.126585,4.95994
42,32,combined,low,ISD-1,0.041671,0.0483807,0.0219144,0.0483807,0.627857,0.273982,2.2916
42,32,combined,low,ISD-3,0.041671,0.0483807,0.0226619,0.0483807,0.627857,0.242077,2.59362
42,32,combined,low,ElasticNet,0.041671,0.0483807,0.0100047,0.0483807,0.627857,0.133185,4.71418
42,32,combined,low,MCMC-add,0.041671,0.0483807,0.00987248,0.0483807,0.627857,0.156726,4.00609
42,32,combined,low,MCMC-comb,0.041671,0.0483807,0.0100231,0.0525211,0.627857,0.364658,1.72177
42,32,additive,medium,OLS,0.104178,0,0.036166,0,2.2634,0.181991,12.4368
42,32,additive,medium,ISD-1,0.104178,0,0.0506925,0,2.2634,0.393117,5.75757
42,32,additive,medium,ISD-3,0.104178,0,0.0500025,0,2.2634,0.357685,6.32792
42,32,additive,medium,ElasticNet,0.104178,0,0.0365459,0,2.2634,0.174772,12.9506
42,32,additive,medium,MCMC-add,0.104178,0,0.0361819,0,2.2634,0.231197,9.78993
42,32,additive,medium,MCMC-comb,0.104178,0,0.0361788,0.0612232,2.2634,0.235558,9.60867
42,32,multiplicative,medium,OLS,0,0.120952,0.0112297,0.120952,0.577077,0.544351,1.06012
42,32,multiplicative,medium,ISD-1,0,0.120952,0,0.120952,0.577077,0.577077,1
42,32,multiplicative,medium,ISD-3,0,0.120952,0,0.120952,0.577077,0.577077,1
42,32,multiplicative,medium,ElasticNet,0,0.120952,0,0.120952,0.577077,0.577077,1
42,32,multiplicative,medium,MCMC-add,0,0.120952,0.0112171,0.120952,0.577077,0.598422,0.964331
42,32,multiplicative,medium,MCMC-comb,0,0.120952,0.0106756,0.0489282,0.577077,0.368173,1.56741
42,32,combined,medium,OLS,0.104178,0.120952,0.0357835,0.120952,2.74412,0.328785,8.34626
42,32,combined,medium,ISD-1,0.104178,0.120952,0.0506692,0.120952,2.74412,0.864704,3.17348
42,32,combined,medium,ISD-3,0.104178,0.120952,0.0513222,0.120952,2.74412,0.778776,3.52364
42,32,combined,medium,ElasticNet,0.104178,0.120952,0.0360503,0.120952,2.74412,0.331451,8.27912
42,32,combined,medium,MCMC-add,0.104178,0.120952,0.0358001,0.120952,2.74412,0.310539,8.83664
42,32,combined,medium,MCMC-comb,0.104178,0.120952,0.0362498,0.0694719,2.74412,0.312196,8.78974
42,32,additive,high,OLS,0.208355,0,0.0823252,0,8.56185,0.394677,21.6933
42,32,additive,high,ISD-1,0.208355,0,0.100386,0,8.56185,1.66386,5.14577
42,32,additive,high,ISD-3,0.208355,0,0.0942691,0,8.56185,1.45999,5.86433
42,32,additive,high,ElasticNet,0.208355,0,0.0828618,0,8.56185,0.401373,21.3314
42,32,additive,high,MCMC-add,0.208355,0,0.0823407,0,8.56185,0.326384,26.2324
42,32,additive,high,MCMC-comb,0.208355,0,0.0821984,0.0779772,8.56185,0.262646,32.5985
42,32,multiplicative,high,OLS,0,0.241904,0.0115257,0.241904,1.35593,1.23153,1.10101
42,32,multiplicative,high,ISD-1,0,0.241904,0,0.241904,1.35593,1.35593,1
42,32,multiplicative,high,ISD-3,0,0.241904,0,0.241904,1.35593,1.35593,1
42,32,multiplicative,high,ElasticNet,0,0.241904,0,0.241904,1.35593,1.35593,1
42,32,multiplicative,high,MCMC-add,0,0.241904,0.0115129,0.241904,1.35593,1.28823,1.05256
42,32,multiplicative,high,MCMC-comb,0,0.241904,0.0100658,0.0935786,1.35593,0.527771,2.56917
42,32,combined,high,OLS,0.208355,0.241904,0.0815797,0.241904,9.63513,1.35534,7.10903
42,32,combined,high,ISD-1,0.208355,0.241904,0.101976,0.241904,9.63513,2.81187,3.42659
42,32,combined,high,ISD-3,0.208355,0.241904,0.0940259,0.241904,9.63513,2.59764,3.70919
42,32,combined,high,ElasticNet,0.208355,0.241904,0.0821135,0.241904,9.63513,1.33124,7.23773
42,32,combined,high,MCMC-add,0.208355,0.241904,0.0815965,0.241904,9.63513,0.914618,10.5346
42,32,combined,high,MCMC-comb,0.208355,0.241904,0.0846265,0.106748,9.63513,0.249683,38.5894
42,64,additive,low,OLS,0.0420604,0,0.00698389,0,0.381532,0.552788,0.690197
42,64,additive,low,ISD-1,0.0420604,0,0.0262526,0,0.381532,0.658565,0.579339
42,64,additive,low,ISD-3,0.0420604,0,0.0266763,0,0.381532,0.608181,0.627333
42,64,additive,low,ElasticNet,0.0420604,0,0.00687638,0,0.381532,0.554494,0.688073
42,64,additive,low,MCMC-add,0.0420604,0,0.00700594,0,0.381532,0.234723,1.62545
42,64,additive,low,MCMC-comb,0.0420604,0,0.00782138,0.0148213,0.381532,0.566573,0.673403
42,64,multiplicative,low,OLS,0,0.0475325,0.0250786,0.0475325,0.703136,0.789968,0.890081
42,64,multiplicative,low,ISD-1,0,0.0475325,0,0.0475325,0.703136,0.703136,1
42,64,multiplicative,low,ISD-3,0,0.0475325,0,0.0475325,0.703136,0.703136,1
42,64,multiplicative,low,ElasticNet,0,0.0475325,0.0149281,0.0475325,0.703136,0.71117,0.988703
42,64,multiplicative,low,MCMC-add,0,0.0475325,0.0251025,0.0475325,0.703136,1.51919,0.462838
42,64,multiplicative,low,MCMC-comb,0,0.0475325,0.0254318,0.0294004,0.703136,1.67527,0.419715
42,64,combined,low,OLS,0.0420604,0.0475325,0.00681631,0.0475325,0.719659,0.358894,2.00521
42,64,combined,low,ISD-1,0.0420604,0.0475325,0.026276,0.0475325,0.719659,0.467316,1.53998
42,64,combined,low,ISD-3,0.0420604,0.0475325,0.0268119,0.0475325,0.719659,0.322919,2.2286
42,64,combined,low,ElasticNet,0.0420604,0.0475325,0.00671141,0.0475325,0.719659,0.343609,2.09441
42,64,combined,low,MCMC-add,0.0420604,0.0475325,0.00683905,0.0475325,0.719659,0.97534,0.737855
42,64,combined,low,MCMC-comb,0.0420604,0.0475325,0.00758969,0.030233,0.719659,1.06781,0.673956
42,64,additive,medium,OLS,0.105151,0,0.0212455,0,2.88402,0.576321,5.0042
42,64,additive,medium,ISD-1,0.105151,0,0.0542807,0,2.88402,0.489076,5.89688
42,64,additive,medium,ISD-3,0.105151,0,0.0631553,0,2.88402,0.637976,4.52058
42,64,additive,medium,ElasticNet,0.105151,0,0.0215097,0,2.88402,0.567081,5.08573
42,64,additive,medium,MCMC-add,0.105151,0,0.0212219,0,2.88402,0.588716,4.89884
42,64,additive,medium,MCMC-comb,0.105151,0,0.0207568,0.0275654,2.88402,0.263662,10.9383
42,64,multiplicative,medium,OLS,0,0.118831,0.0249607,0.118831,2.16216,2.19838,0.983526
42,64,multiplicative,medium,ISD-1,0,0.118831,0,0.118831,2.16216,2.16216,1
42,64,multiplicative,medium,ISD-3,0,0.118831,0,0.118831,2.16216,2.16216,1
42,64,multiplicative,medium,ElasticNet,0,0.118831,0.0154956,0.118831,2.16216,2.13268,1.01382
42,64,multiplicative,medium,MCMC-add,0,0.118831,0.0249851,0.118831,2.16216,3.08325,0.701261
42,64,multiplicative,medium,MCMC-comb,0,0.118831,0.023493,0.0858392,2.16216,3.59026,0.60223
42,64,combined,medium,OLS,0.105151,0.118831,0.0215206,0.118831,4.46809,1.2151,3.67715
42,64,combined,medium,ISD-1,0.105151,0.118831,0.0564413,0.118831,4.46809,1.89223,2.36128
42,64,combined,medium,ISD-3,0.105151,0.118831,0.0610842,0.118831,4.46809,1.75192,2.5504
42,64,combined,medium,ElasticNet,0.105151,0.118831,0.0217811,0.118831,4.46809,1.20775,3.69952
42,64,combined,medium,MCMC-add,0.105151,0.118831,0.0214966,0.118831,4.46809,1.65175,2.70506
42,64,combined,medium,MCMC-comb,0.105151,0.118831,0.0229426,0.0404211,4.46809,0.403984,11.0601
42,64,additive,high,OLS,0.210302,0,0.0690126,0,12.3454,2.36573,5.21844
42,64,additive,high,ISD-1,0.210302,0,0.104224,0,12.3454,1.78002,6.93555
42,64,additive,high,ISD-3,0.210302,0,0.109045,0,12.3454,1.42023,8.69258
42,64,additive,high,ElasticNet,0.210302,0,0.0695526,0,12.3454,2.27075,5.43671
42,64,additive,high,MCMC-add,0.210302,0,0.0689896,0,12.3454,1.69925,7.26523
42,64,additive,high,MCMC-comb,0.210302,0,0.0685544,0.0294941,12.3454,0.870203,14.1868
42,64,multiplicative,high,OLS,0,0.237662,0.0248707,0.237662,5.57727,5.35481,1.04154
42,64,multiplicative,high,ISD-1,0,0.237662,0,0.237662,5.57727,5.57727,1
42,64,multiplicative,high,ISD-3,0,0.237662,0,0.237662,5.57727,5.57727,1
42,64,multiplicative,high,ElasticNet,0,0.237662,0.0153797,0.237662,5.57727,5.55177,1.00459
42,64,multiplicative,high,MCMC-add,0,0.237662,0.0248961,0.237662,5.57727,6.40958,0.870145
42,64,multiplicative,high,MCMC-comb,0,0.237662,0.0236011,0.15377,5.57727,4.56786,1.22098
42,64,combined,high,OLS,0.210302,0.237662,0.0694651,0.237662,16.6502,5.00057,3.32966
42,64,combined,high,ISD-1,0.210302,0.237662,0.10843,0.237662,16.6502,7.15374,2.32749
42,64,combined,high,ISD-3,0.210302,0.237662,0.105204,0.237662,16.6502,6.8368,2.43538
42,64,combined,high,ElasticNet,0.210302,0.237662,0.0699936,0.237662,16.6502,5.03231,3.30866
42,64,combined,high,MCMC-add,0.210302,0.237662,0.0694407,0.237662,16.6502,3.77702,4.40829
42,64,combined,high,MCMC-comb,0.210302,0.237662,0.0729251,0.14397,16.6502,1.08869,15.2938
42,128,additive,low,OLS,0.0422577,0,0.0830045,0,1.06735,0.862975,1.23683
42,128,additive,low,ISD-1,0.0422577,0,0.0288229,0,1.06735,0.995726,1.07193
42,128,additive,low,ISD-3,0.0422577,0,0.0305299,0,1.06735,0.969276,1.10118
42,128,additive,low,ElasticNet,0.0422577,0,0.0828841,0,1.06735,0.862306,1.23779
42,128,additive,low,MCMC-add,0.0422577,0,0.083029,0,1.06735,4.75079,0.224668
42,128,additive,low,MCMC-comb,0.0422577,0,0.0822084,0.00693344,1.06735,4.99415,0.21372
42,128,multiplicative,low,OLS,0,0.0471346,0.101759,0.0471346,1.08295,1.03749,1.04382
42,128,multiplicative,low,ISD-1,0,0.0471346,0.0076128,0.0471346,1.08295,1.05251,1.02891
42,128,multiplicative,low,ISD-3,0,0.0471346,0.00755098,0.0471346,1.08295,0.914514,1.18418
42,128,multiplicative,low,ElasticNet,0,0.0471346,0.099156,0.0471346,1.08295,0.948395,1.14187
42,128,multiplicative,low,MCMC-add,0,0.0471346,0.101784,0.0471346,1.08295,7.13349,0.151811
42,128,multiplicative,low,MCMC-comb,0,0.0471346,0.100094,0.0112898,1.08295,6.03084,0.179568
42,128,combined,low,OLS,0.0422577,0.0471346,0.0821443,0.0471346,0.633793,0.314321,2.01639
42,128,combined,low,ISD-1,0.0422577,0.0471346,0.0303663,0.0471346,0.633793,0.295723,2.1432
42,128,combined,low,ISD-3,0.0422577,0.0471346,0.0391988,0.0471346,0.633793,0.408957,1.54978
42,128,combined,low,ElasticNet,0.0422577,0.0471346,0.0820073,0.0471346,0.633793,0.303236,2.0901
42,128,combined,low,MCMC-add,0.0422577,0.0471346,0.0821688,0.0471346,0.633793,5.90023,0.107418
42,128,combined,low,MCMC-comb,0.0422577,0.0471346,0.0805379,0.0126718,0.633793,4.76173,0.133101
42,128,additive,medium,OLS,0.105644,0,0.0538157,0,2.41843,1.29657,1.86526
42,128,additive,medium,ISD-1,0.105644,0,0.0591245,0,2.41843,1.85568,1.30326
42,128,additive,medium,ISD-3,0.105644,0,0.0592756,0,2.41843,1.68152,1.43824
42,128,additive,medium,ElasticNet,0.105644,0,0.0535154,0,2.41843,1.27073,1.90318
42,128,additive,medium,MCMC-add,0.105644,0,0.0538391,0,2.41843,3.17215,0.762393
42,128,additive,medium,MCMC-comb,0.105644,0,0.0530366,0.0162699,2.41843,3.1803,0.760441
42,128,multiplicative,medium,OLS,0,0.117837,0.100989,0.117837,3.38559,2.64169,1.2816
42,128,multiplicative,medium,ISD-1,0,0.117837,0.0149153,0.117837,3.38559,2.82099,1.20014
42,128,multiplicative,medium,ISD-3,0,0.117837,0.0158634,0.117837,3.38559,2.82213,1.19966
42,128,multiplicative,medium,ElasticNet,0,0.117837,0.0993947,0.117837,3.38559,2.67229,1.26692
42,128,multiplicative,medium,MCMC-add,0,0.117837,0.101014,0.117837,3.38559,9.27622,0.364975
42,128,multiplicative,medium,MCMC-comb,0,0.117837,0.100063,0.0419578,3.38559,7.10267,0.476664
42,128,combined,medium,OLS,0.105644,0.117837,0.0532397,0.117837,2.95664,1.09583,2.69807
42,128,combined,medium,ISD-1,0.105644,0.117837,0.0624321,0.117837,2.95664,1.45823,2.02756
42,128,combined,medium,ISD-3,0.105644,0.117837,0.0648382,0.117837,2.95664,1.30053,2.27341
42,128,combined,medium,ElasticNet,0.105644,0.117837,0.0529582,0.117837,2.95664,1.11499,2.65173
42,128,combined,medium,MCMC-add,0.105644,0.117837,0.0532625,0.117837,2.95664,6.5752,0.449666
42,128,combined,medium,MCMC-comb,0.105644,0.117837,0.0526663,0.0390798,2.95664,3.80876,0.776274
42,128,additive,high,OLS,0.211289,0,0.0238243,0,7.66641,13.1844,0.581474
42,128,additive,high,ISD-1,0.211289,0,0.114026,0,7.66641,1.94985,3.9318
42,128,additive,high,ISD-3,0.211289,0,0.11883,0,7.66641,1.84691,4.15094
42,128,additive,high,ElasticNet,0.211289,0,0.0239452,0,7.66641,13.1567,0.582698
42,128,additive,high,MCMC-add,0.211289,0,0.0238229,0,7.66641,0.975877,7.85592
42,128,additive,high,MCMC-comb,0.211289,0,0.0258116,0.0361272,7.66641,0.529891,14.4679
42,128,multiplicative,high,OLS,0,0.235673,0.101229,0.235673,7.95552,5.72256,1.3902
42,128,multiplicative,high,ISD-1,0,0.235673,0.0314297,0.235673,7.95552,6.08523,1.30735
42,128,multiplicative,high,ISD-3,0,0.235673,0.0270401,0.235673,7.95552,6.31619,1.25954
42,128,multiplicative,high,ElasticNet,0,0.235673,0.0997148,0.235673,7.95552,5.77417,1.37778
42,128,multiplicative,high,MCMC-add,0,0.235673,0.101254,0.235673,7.95552,13.6318,0.583601
42,128,multiplicative,high,MCMC-comb,0,0.235673,0.0983094,0.140337,7.95552,9.52458,0.835262
42,128,combined,high,OLS,0.211289,0.235673,0.0355994,0.235673,11.1249,4.27643,2.60145
42,128,combined,high,ISD-1,0.211289,0.235673,0.120334,0.235673,11.1249,5.43656,2.04631
42,128,combined,high,ISD-3,0.211289,0.235673,0.127014,0.235673,11.1249,5.172,2.15099
42,128,combined,high,ElasticNet,0.211289,0.235673,0.0357792,0.235673,11.1249,4.27364,2.60315
42,128,combined,high,MCMC-add,0.211289,0.235673,0.0355943,0.235673,11.1249,8.75851,1.27018
42,128,combined,high,MCMC-comb,0.211289,0.235673,0.0408404,0.135516,11.1249,4.09914,2.71396
43,32,additive,low,OLS,0.040717,0,0.0288258,0,0.570157,0.365677,1.55918
43,32,additive,low,ISD-1,0.040717,0,0.0245372,0,0.570157,0.317827,1.79392
43,32,additive,low,ISD-3,0.040717,0,0.025481,0,0.570157,0.333283,1.71073
43,32,additive,low,ElasticNet,0.040717,0,0.0230692,0,0.570157,0.332411,1.71522
43,32,additive,low,MCMC-add,0.040717,0,0.0288103,0,0.570157,0.401929,1.41855
43,32,additive,low,MCMC-comb,0.040717,0,0.0290412,0.0675468,0.570157,0.678349,0.840507
43,32,multiplicative,low,OLS,0,0.0448153,0.0113541,0.0448153,0.242921,0.132671,1.83101
43,32,multiplicative,low,ISD-1,0,0.0448153,0,0.0448153,0.242921,0.242921,1
43,32,multiplicative,low,ISD-3,0,0.0448153,0,0.0448153,0.242921,0.242921,1
43,32,multiplicative,low,ElasticNet,0,0.0448153,0,0.0448153,0.242921,0.242921,1
43,32,multiplicative,low,MCMC-add,0,0.0448153,0.0113409,0.0448153,0.242921,0.16758,1.44958
43,32,multiplicative,low,MCMC-comb,0,0.0448153,0.0116825,0.0670111,0.242921,0.563884,0.4308
43,32,combined,low,OLS,0.040717,0.0448153,0.0285597,0.0448153,0.523462,0.192233,2.72306
43,32,combined,low,ISD-1,0.040717,0.0448153,0.0232803,0.0448153,0.523462,0.223827,2.33869
43,32,combined,low,ISD-3,0.040717,0.0448153,0.0254342,0.0448153,0.523462,0.200046,2.61671
43,32,combined,low,ElasticNet,0.040717,0.0448153,0.0228906,0.0448153,0.523462,0.282018,1.85613
43,32,combined,low,MCMC-add,0.040717,0.0448153,0.0285442,0.0448153,0.523462,0.228892,2.28694
43,32,combined,low,MCMC-comb,0.040717,0.0448153,0.0287008,0.0644144,0.523462,0.676004,0.774347
43,32,additive,medium,OLS,0.101793,0,0.0552631,0,2.72558,0.582187,4.68162
43,32,additive,medium,ISD-1,0.101793,0,0.0540306,0,2.72558,0.998492,2.72969
43,32,additive,medium,ISD-3,0.101793,0,0.0552836,0,2.72558,0.977971,2.78697
43,32,additive,medium,ElasticNet,0.101793,0,0.0511852,0,2.72558,0.607463,4.48682
43,32,additive,medium,MCMC-add,0.101793,0,0.0552467,0,2.72558,0.447056,6.09672
43,32,additive,medium,MCMC-comb,0.101793,0,0.0554485,0.0708506,2.72558,0.836532,3.25819
43,32,multiplicative,medium,OLS,0,0.112038,0.0108018,0.112038,0.223075,0.201604,1.1065
43,32,multiplicative,medium,ISD-1,0,0.112038,0,0.112038,0.223075,0.223075,1
43,32,multiplicative,medium,ISD-3,0,0.112038,0,0.112038,0.223075,0.223075,1
43,32,multiplicative,medium,ElasticNet,0,0.112038,0,0.112038,0.223075,0.223075,1
43,32,multiplicative,medium,MCMC-add,0,0.112038,0.0107882,0.112038,0.223075,0.20337,1.09689
43,32,multiplicative,medium,MCMC-comb,0,0.112038,0.010912,0.0605808,0.223075,0.467447,0.477221
43,32,combined,medium,OLS,0.101793,0.112038,0.0547588,0.112038,2.41181,0.445655,5.41183
43,32,combined,medium,ISD-1,0.101793,0.112038,0.0536198,0.112038,2.41181,0.833892,2.89223
43,32,combined,medium,ISD-3,0.101793,0.112038,0.0562618,0.112038,2.41181,0.85041,2.83605
43,32,combined,medium,ElasticNet,0.101793,0.112038,0.050818,0.112038,2.41181,0.411795,5.85681
43,32,combined,medium,MCMC-add,0.101793,0.112038,0.0547426,0.112038,2.41181,0.173887,13.8699
43,32,combined,medium,MCMC-comb,0.101793,0.112038,0.0547089,0.0656964,2.41181,0.7631,3.16054
43,32,additive,high,OLS,0.203585,0,0.0991791,0,10.3514,1.94282,5.32802
43,32,additive,high,ISD-1,0.203585,0,0.0993325,0,10.3514,3.10799,3.33058
43,32,additive,high,ISD-3,0.203585,0,0.102498,0,10.3514,2.94178,3.51875
43,32,additive,high,ElasticNet,0.203585,0,0.0981588,0,10.3514,1.88347,5.49591
43,32,additive,high,MCMC-add,0.203585,0,0.0991621,0,10.3514,0.927869,11.1561
43,32,additive,high,MCMC-comb,0.203585,0,0.0991739,0.0832023,10.3514,1.45975,7.09119
43,32,multiplicative,high,OLS,0,0.224076,0.0102447,0.224076,0.313264,0.26474,1.18329
43,32,multiplicative,high,ISD-1,0,0.224076,0,0.224076,0.313264,0.313264,1
43,32,multiplicative,high,ISD-3,0,0.224076,0,0.224076,0.313264,0.313264,1
43,32,multiplicative,high,ElasticNet,0,0.224076,0,0.224076,0.313264,0.313264,1
43,32,multiplicative,high,MCMC-add,0,0.224076,0.0102307,0.224076,0.313264,0.22973,1.36362
43,32,multiplicative,high,MCMC-comb,0,0.224076,0.0115336,0.124254,0.313264,0.74377,0.421184
43,32,combined,high,OLS,0.203585,0.224076,0.0982988,0.224076,9.93332,1.58157,6.28068
43,32,combined,high,ISD-1,0.203585,0.224076,0.0909942,0.224076,9.93332,3.03614,3.2717
43,32,combined,high,ISD-3,0.203585,0.224076,0.101934,0.224076,9.93332,2.74148,3.62334
43,32,combined,high,ElasticNet,0.203585,0.224076,0.0974724,0.224076,9.93332,1.58614,6.26257
43,32,combined,high,MCMC-add,0.203585,0.224076,0.098282,0.224076,9.93332,0.635791,15.6236
43,32,combined,high,MCMC-comb,0.203585,0.224076,0.0991881,0.115039,9.93332,1.45468,6.82853
43,64,additive,low,OLS,0.0416557,0,0.0432722,0,0.661673,0.415718,1.59164
43,64,additive,low,ISD-1,0.0416557,0,0.0242029,0,0.661673,0.416477,1.58874
43,64,additive,low,ISD-3,0.0416557,0,0.0259359,0,0.661673,0.463157,1.42861
43,64,additive,low,ElasticNet,0.0416557,0,0.0414961,0,0.661673,0.426688,1.55072
43,64,additive,low,MCMC-add,0.0416557,0,0.0432961,0,0.661673,0.704638,0.939026
43,64,additive,low,MCMC-comb,0.0416557,0,0.0432418,0.045003,0.661673,1.45138,0.455891
43,64,multiplicative,low,OLS,0,0.0438785,0.0248243,0.0438785,0.272715,0.375965,0.725374
43,64,multiplicative,low,ISD-1,0,0.0438785,0,0.0438785,0.272715,0.272715,1
43,64,multiplicative,low,ISD-3,0,0.0438785,0,0.0438785,0.272715,0.272715,1
43,64,multiplicative,low,ElasticNet,0,0.0438785,0.0152512,0.0438785,0.272715,0.329367,0.828
43,64,multiplicative,low,MCMC-add,0,0.0438785,0.024848,0.0438785,0.272715,0.184213,1.48043
43,64,multiplicative,low,MCMC-comb,0,0.0438785,0.0248753,0.0431068,0.272715,1.11974,0.243552
43,64,combined,low,OLS,0.0416557,0.0438785,0.0429781,0.0438785,0.412679,0.155482,2.65419
43,64,combined,low,ISD-1,0.0416557,0.0438785,0.0241527,0.0438785,0.412679,0.236204,1.74713
43,64,combined,low,ISD-3,0.0416557,0.0438785,0.0253069,0.0438785,0.412679,0.21301,1.93737
43,64,combined,low,ElasticNet,0.0416557,0.0438785,0.041245,0.0438785,0.412679,0.161055,2.56234
43,64,combined,low,MCMC-add,0.0416557,0.0438785,0.0430019,0.0438785,0.412679,0.420464,0.981486
43,64,combined,low,MCMC-comb,0.0416557,0.0438785,0.0430081,0.0445587,0.412679,1.44084,0.286415
43,64,additive,medium,OLS,0.104139,0,0.070407,0,2.87865,1.25851,2.28734
43,64,additive,medium,ISD-1,0.104139,0,0.0542185,0,2.87865,1.44431,1.9931
43,64,additive,medium,ISD-3,0.104139,0,0.056396,0,2.87865,1.4002,2.05588
43,64,additive,medium,ElasticNet,0.104139,0,0.0688649,0,2.87865,1.28386,2.24217
43,64,additive,medium,MCMC-add,0.104139,0,0.0704311,0,2.87865,1.13413,2.53821
43,64,additive,medium,MCMC-comb,0.104139,0,0.0701815,0.0535756,2.87865,2.13608,1.34763
43,64,multiplicative,medium,OLS,0,0.109696,0.0243947,0.109696,0.591703,0.578435,1.02294
43,64,multiplicative,medium,ISD-1,0,0.109696,0,0.109696,0.591703,0.591703,1
43,64,multiplicative,medium,ISD-3,0,0.109696,0,0.109696,0.591703,0.591703,1
43,64,multiplicative,medium,ElasticNet,0,0.109696,0.0149643,0.109696,0.591703,0.561374,1.05403
43,64,multiplicative,medium,MCMC-add,0,0.109696,0.0244185,0.109696,0.591703,0.292656,2.02184
43,64,multiplicative,medium,MCMC-comb,0,0.109696,0.0240668,0.0346271,0.591703,0.947167,0.624708
43,64,combined,medium,OLS,0.104139,0.109696,0.0696741,0.109696,2.33681,0.773358,3.02164
43,64,combined,medium,ISD-1,0.104139,0.109696,0.053422,0.109696,2.33681,1.10548,2.11385
43,64,combined,medium,ISD-3,0.104139,0.109696,0.0564106,0.109696,2.33681,1.00122,2.33397
43,64,combined,medium,ElasticNet,0.104139,0.109696,0.0681735,0.109696,2.33681,0.811457,2.87977
43,64,combined,medium,MCMC-add,0.104139,0.109696,0.069698,0.109696,2.33681,0.578395,4.04017
43,64,combined,medium,MCMC-comb,0.104139,0.109696,0.0691532,0.056976,2.33681,2.17661,1.0736
43,64,additive,high,OLS,0.208279,0,0.115375,0,9.931,7.00885,1.41692
43,64,additive,high,ISD-1,0.208279,0,0.102026,0,9.931,4.36468,2.27531
43,64,additive,high,ISD-3,0.208279,0,0.103371,0,9.931,4.05825,2.44712
43,64,additive,high,ElasticNet,0.208279,0,0.114869,0,9.931,6.98853,1.42104
43,64,additive,high,MCMC-add,0.208279,0,0.115399,0,9.931,2.30962,4.29984
43,64,additive,high,MCMC-comb,0.208279,0,0.115015,0.0643936,9.931,3.48293,2.85133
43,64,multiplicative,high,OLS,0,0.219393,0.0237484,0.219393,0.772593,0.824212,0.937372
43,64,multiplicative,high,ISD-1,0,0.219393,0,0.219393,0.772593,0.772593,1
43,64,multiplicative,high,ISD-3,0,0.219393,0,0.219393,0.772593,0.772593,1
43,64,multiplicative,high,ElasticNet,0,0.219393,0.0132313,0.219393,0.772593,0.807262,0.957054
43,64,multiplicative,high,MCMC-add,0,0.219393,0.0237726,0.219393,0.772593,0.497817,1.55196
43,64,multiplicative,high,MCMC-comb,0,0.219393,0.0241471,0.124319,0.772593,1.61009,0.479846
43,64,combined,high,OLS,0.208279,0.219393,0.113704,0.219393,9.20748,5.41921,1.69905
43,64,combined,high,ISD-1,0.208279,0.219393,0.101712,0.219393,9.20748,4.36774,2.10806
43,64,combined,high,ISD-3,0.208279,0.219393,0.11047,0.219393,9.20748,4.04861,2.27423
43,64,combined,high,ElasticNet,0.208279,0.219393,0.113202,0.219393,9.20748,5.39049,1.7081
43,64,combined,high,MCMC-add,0.208279,0.219393,0.113728,0.219393,9.20748,1.38232,6.6609
43,64,combined,high,MCMC-comb,0.208279,0.219393,0.113019,0.13248,9.20748,3.92798,2.34407
43,128,additive,low,OLS,0.0419167,0,0.127518,0,0.961946,0.870412,1.10516
43,128,additive,low,ISD-1,0.0419167,0,0.026952,0,0.961946,0.874053,1.10056
43,128,additive,low,ISD-3,0.0419167,0,0.0255576,0,0.961946,0.828588,1.16095
43,128,additive,low,ElasticNet,0.0419167,0,0.126134,0,0.961946,0.832005,1.15618
43,128,additive,low,MCMC-add,0.0419167,0,0.127544,0,0.961946,4.58438,0.209831
43,128,additive,low,MCMC-comb,0.0419167,0,0.126988,0.0122592,0.961946,4.88422,0.19695
43,128,multiplicative,low,OLS,0,0.0436485,0.107436,0.0436485,0.586514,0.579271,1.0125
43,128,multiplicative,low,ISD-1,0,0.0436485,0,0.0436485,0.586514,0.586514,1
43,128,multiplicative,low,ISD-3,0,0.0436485,0.1077,0.0436485,0.586514,0.551891,1.06274
43,128,multiplicative,low,ElasticNet,0,0.0436485,0.10306,0.0436485,0.586514,0.570185,1.02864
43,128,multiplicative,low,MCMC-add,0,0.0436485,0.107462,0.0436485,0.586514,3.23562,0.181268
43,128,multiplicative,low,MCMC-comb,0,0.0436485,0.106911,0.0104951,0.586514,3.89191,0.150701
43,128,combined,low,OLS,0.0419167,0.0436485,0.12691,0.0436485,0.415549,0.394208,1.05414
43,128,combined,low,ISD-1,0.0419167,0.0436485,0.0271885,0.0436485,0.415549,0.339117,1.22539
43,128,combined,low,ISD-3,0.0419167,0.0436485,0.0261047,0.0436485,0.415549,0.290637,1.42979
43,128,combined,low,ElasticNet,0.0419167,0.0436485,0.125536,0.0436485,0.415549,0.370454,1.12173
43,128,combined,low,MCMC-add,0.0419167,0.0436485,0.126936,0.0436485,0.415549,3.9152,0.106137
43,128,combined,low,MCMC-comb,0.0419167,0.0436485,0.12665,0.014978,0.415549,4.86648,0.0853901
43,128,additive,medium,OLS,0.104792,0,0.156601,0,3.27822,2.48901,1.31708
43,128,additive,medium,ISD-1,0.104792,0,0.0588216,0,3.27822,2.45785,1.33378
43,128,additive,medium,ISD-3,0.104792,0,0.0599617,0,3.27822,2.48674,1.31828
43,128,additive,medium,ElasticNet,0.104792,0,0.155438,0,3.27822,2.48953,1.3168
43,128,additive,medium,MCMC-add,0.104792,0,0.156627,0,3.27822,5.60256,0.585129
43,128,additive,medium,MCMC-comb,0.104792,0,0.155799,0.0239927,3.27822,6.34337,0.516795
43,128,multiplicative,medium,OLS,0,0.109121,0.106908,0.109121,1.28768,1.30987,0.983053
43,128,multiplicative,medium,ISD-1,0,0.109121,0.00534675,0.109121,1.28768,1.29906,0.991238
43,128,multiplicative,medium,ISD-3,0,0.109121,0.00805474,0.109121,1.28768,1.31885,0.976364
43,128,multiplicative,medium,ElasticNet,0,0.109121,0.103285,0.109121,1.28768,1.31315,0.980602
43,128,multiplicative,medium,MCMC-add,0,0.109121,0.106934,0.109121,1.28768,2.40736,0.534892
43,128,multiplicative,medium,MCMC-comb,0,0.109121,0.105979,0.0296463,1.28768,4.29454,0.29984
43,128,combined,medium,OLS,0.104792,0.109121,0.1554,0.109121,2.02506,1.32829,1.52456
43,128,combined,medium,ISD-1,0.104792,0.109121,0.0596545,0.109121,2.02506,1.44907,1.39749
43,128,combined,medium,ISD-3,0.104792,0.109121,0.0614772,0.109121,2.02506,1.41865,1.42745
43,128,combined,medium,ElasticNet,0.104792,0.109121,0.154029,0.109121,2.02506,1.30443,1.55245
43,128,combined,medium,MCMC-add,0.104792,0.109121,0.155426,0.109121,2.02506,4.09416,0.494622
43,128,combined,medium,MCMC-comb,0.104792,0.109121,0.153631,0.049542,2.02506,6.79402,0.298065
43,128,additive,high,OLS,0.209584,0,0.2049,0,9.69674,9.93772,0.975751
43,128,additive,high,ISD-1,0.209584,0,0.112018,0,9.69674,6.44401,1.50477
43,128,additive,high,ISD-3,0.209584,0,0.112604,0,9.69674,6.1277,1.58244
43,128,additive,high,ElasticNet,0.209584,0,0.204392,0,9.69674,10.1551,0.954863
43,128,additive,high,MCMC-add,0.209584,0,0.204927,0,9.69674,7.78856,1.245
43,128,additive,high,MCMC-comb,0.209584,0,0.203729,0.0495138,9.69674,9.26135,1.04701
43,128,multiplicative,high,OLS,0,0.218242,0.107084,0.218242,2.07774,2.4706,0.840988
43,128,multiplicative,high,ISD-1,0,0.218242,0.015564,0.218242,2.07774,2.40104,0.865352
43,128,multiplicative,high,ISD-3,0,0.218242,0.0154916,0.218242,2.07774,2.29092,0.906946
43,128,multiplicative,high,ElasticNet,0,0.218242,0.105373,0.218242,2.07774,2.44373,0.850236
43,128,multiplicative,high,MCMC-add,0,0.218242,0.10711,0.218242,2.07774,1.50352,1.38192
43,128,multiplicative,high,MCMC-comb,0,0.218242,0.105939,0.112122,2.07774,3.4667,0.599343
43,128,combined,high,OLS,0.209584,0.218242,0.202676,0.218242,7.2534,4.97084,1.45919
43,128,combined,high,ISD-1,0.209584,0.218242,0.116037,0.218242,7.2534,4.97058,1.45926
43,128,combined,high,ISD-3,0.209584,0.218242,0.113896,0.218242,7.2534,4.72456,1.53525
43,128,combined,high,ElasticNet,0.209584,0.218242,0.202161,0.218242,7.2534,4.98346,1.45549
43,128,combined,high,MCMC-add,0.209584,0.218242,0.202703,0.218242,7.2534,5.30123,1.36825
43,128,combined,high,MCMC-comb,0.209584,0.218242,0.200566,0.125226,7.2534,7.81315,0.928358
44,32,additive,low,OLS,0.0638857,0,0.0271655,0,1.69094,0.167206,10.1129
44,32,additive,low,ISD-1,0.0638857,0,0.0254011,0,1.69094,0.314107,5.38333
44,32,additive,low,ISD-3,0.0638857,0,0.0292454,0,1.69094,0.335253,5.04378
44,32,additive,low,ElasticNet,0.0638857,0,0.0212751,0,1.69094,0.214521,7.88241
44,32,additive,low,MCMC-add,0.0638857,0,0.0271496,0,1.69094,0.187412,9.02257
44,32,additive,low,MCMC-comb,0.0638857,0,0.0273485,0.0793968,1.69094,0.357965,4.72377
44,32,multiplicative,low,OLS,0,0.040717,0.00947386,0.040717,0.223982,0.18844,1.18861
44,32,multiplicative,low,ISD-1,0,0.040717,0,0.040717,0.223982,0.223982,1
44,32,multiplicative,low,ISD-3,0,0.040717,0.00571191,0.040717,0.223982,0.17993,1.24483
44,32,multiplicative,low,ElasticNet,0,0.040717,0,0.040717,0.223982,0.223982,1
44,32,multiplicative,low,MCMC-add,0,0.040717,0.00945889,0.040717,0.223982,0.183862,1.21821
44,32,multiplicative,low,MCMC-comb,0,0.040717,0.0101898,0.0777937,0.223982,0.481877,0.464812
44,32,combined,low,OLS,0.0638857,0.040717,0.0270944,0.040717,1.82132,0.311315,5.85042
44,32,combined,low,ISD-1,0.0638857,0.040717,0.0253304,0.040717,1.82132,0.502766,3.6226
44,32,combined,low,ISD-3,0.0638857,0.040717,0.0291452,0.040717,1.82132,0.44106,4.12943
44,32,combined,low,ElasticNet,0.0638857,0.040717,0.0210687,0.040717,1.82132,0.343906,5.29598
44,32,combined,low,MCMC-add,0.0638857,0.040717,0.0270783,0.040717,1.82132,0.309807,5.87889
44,32,combined,low,MCMC-comb,0.0638857,0.040717,0.027506,0.079032,1.82132,0.363813,5.0062
44,32,additive,medium,OLS,0.159714,0,0.0535265,0,9.53342,1.12168,8.4992
44,32,additive,medium,ISD-1,0.159714,0,0.0618157,0,9.53342,1.58993,5.99613
44,32,additive,medium,ISD-3,0.159714,0,0.0477897,0,9.53342,1.42387,6.69545
44,32,additive,medium,ElasticNet,0.159714,0,0.049032,0,9.53342,1.08956,8.74981
44,32,additive,medium,MCMC-add,0.159714,0,0.0535103,0,9.53342,0.50917,18.7234
44,32,additive,medium,MCMC-comb,0.159714,0,0.0537565,0.0780953,9.53342,0.140039,68.077
44,32,multiplicative,medium,OLS,0,0.101793,0.00931416,0.101793,0.519482,0.430225,1.20746
44,32,multiplicative,medium,ISD-1,0,0.101793,0,0.101793,0.519482,0.519482,1
44,32,multiplicative,medium,ISD-3,0,0.101793,0.00584274,0.101793,0.519482,0.382164,1.35932
44,32,multiplicative,medium,ElasticNet,0,0.101793,0,0.101793,0.519482,0.519482,1
44,32,multiplicative,medium,MCMC-add,0,0.101793,0.00929923,0.101793,0.519482,0.45798,1.13429
44,32,multiplicative,medium,MCMC-comb,0,0.101793,0.010632,0.0697832,0.519482,0.446119,1.16445
44,32,combined,medium,OLS,0.159714,0.101793,0.0534755,0.101793,9.9258,1.63066,6.08699
44,32,combined,medium,ISD-1,0.159714,0.101793,0.0617208,0.101793,9.9258,2.10305,4.71972
44,32,combined,medium,ISD-3,0.159714,0.101793,0.0471589,0.101793,9.9258,1.91106,5.19387
44,32,combined,medium,ElasticNet,0.159714,0.101793,0.0486912,0.101793,9.9258,1.58513,6.26182
44,32,combined,medium,MCMC-add,0.159714,0.101793,0.0534591,0.101793,9.9258,0.915446,10.8426
44,32,combined,medium,MCMC-comb,0.159714,0.101793,0.0540979,0.0890983,9.9258,0.179189,55.3928
44,32,additive,high,OLS,0.319428,0,0.0975605,0,37.3693,8.62411,4.33312
44,32,additive,high,ISD-1,0.319428,0,0.0967406,0,37.3693,7.16333,5.21675
44,32,additive,high,ISD-3,0.319428,0,0.0836201,0,37.3693,6.99299,5.34383
44,32,additive,high,ElasticNet,0.319428,0,0.0961792,0,37.3693,8.407,4.44503
44,32,additive,high,MCMC-add,0.319428,0,0.0975441,0,37.3693,2.18191,17.1269
44,32,additive,high,MCMC-comb,0.319428,0,0.0954119,0.0971754,37.3693,1.52373,24.5249
44,32,multiplicative,high,OLS,0,0.203585,0.00943698,0.203585,0.951064,0.932106,1.02034
44,32,multiplicative,high,ISD-1,0,0.203585,0,0.203585,0.951064,0.951064,1
44,32,multiplicative,high,ISD-3,0,0.203585,0.00606506,0.203585,0.951064,0.895939,1.06153
44,32,multiplicative,high,ElasticNet,0,0.203585,0,0.203585,0.951064,0.951064,1
44,32,multiplicative,high,MCMC-add,0,0.203585,0.00942269,0.203585,0.951064,0.984367,0.966168
44,32,multiplicative,high,MCMC-comb,0,0.203585,0.0111163,0.0938809,0.951064,0.457676,2.07803
44,32,combined,high,OLS,0.319428,0.203585,0.0972307,0.203585,38.3483,19.4355,1.97311
44,32,combined,high,ISD-1,0.319428,0.203585,0.0996768,0.203585,38.3483,8.46273,4.53143
44,32,combined,high,ISD-3,0.319428,0.203585,0.08198,0.203585,38.3483,8.40155,4.56443
44,32,combined,high,ElasticNet,0.319428,0.203585,0.0955528,0.203585,38.3483,19.1617,2.0013
44,32,combined,high,MCMC-add,0.319428,0.203585,0.0972135,0.203585,38.3483,3.06352,12.5177
44,32,combined,high,MCMC-comb,0.319428,0.203585,0.095934,0.14446,38.3483,1.40381,27.3173
44,64,additive,low,OLS,0.0619049,0,0.0436887,0,2.99994,1.31215,2.28628
44,64,additive,low,ISD-1,0.0619049,0,0.0271689,0,2.99994,1.5001,1.99982
44,64,additive,low,ISD-3,0.0619049,0,0.0279987,0,2.99994,1.45617,2.06017
44,64,additive,low,ElasticNet,0.0619049,0,0.0434403,0,2.99994,1.33894,2.24053
44,64,additive,low,MCMC-add,0.0619049,0,0.0437118,0,2.99994,1.76619,1.69854
44,64,additive,low,MCMC-comb,0.0619049,0,0.0435655,0.0254075,2.99994,2.72185,1.10217
44,64,multiplicative,low,OLS,0,0.0416557,0.0259319,0.0416557,0.847598,0.986835,0.858906
44,64,multiplicative,low,ISD-1,0,0.0416557,0,0.0416557,0.847598,0.847598,1
44,64,multiplicative,low,ISD-3,0,0.0416557,0,0.0416557,0.847598,0.847598,1
44,64,multiplicative,low,ElasticNet,0,0.0416557,0.0210071,0.0416557,0.847598,0.963924,0.87932
44,64,multiplicative,low,MCMC-add,0,0.0416557,0.0259545,0.0416557,0.847598,1.86759,0.453845
44,64,multiplicative,low,MCMC-comb,0,0.0416557,0.0254344,0.0235944,0.847598,1.96028,0.432386
44,64,combined,low,OLS,0.0619049,0.0416557,0.0441161,0.0416557,3.69086,2.22296,1.66034
44,64,combined,low,ISD-1,0.0619049,0.0416557,0.0271846,0.0416557,3.69086,2.49802,1.47752
44,64,combined,low,ISD-3,0.0619049,0.0416557,0.0279909,0.0416557,3.69086,2.19782,1.67933
44,64,combined,low,ElasticNet,0.0619049,0.0416557,0.0438652,0.0416557,3.69086,2.24447,1.64443
44,64,combined,low,MCMC-add,0.0619049,0.0416557,0.0441395,0.0416557,3.69086,2.65032,1.39261
44,64,combined,low,MCMC-comb,0.0619049,0.0416557,0.0434989,0.0252268,3.69086,2.74561,1.34428
44,64,additive,medium,OLS,0.154762,0,0.0705299,0,15.4126,6.86669,2.24454
44,64,additive,medium,ISD-1,0.154762,0,0.0619182,0,15.4126,5.80116,2.65681
44,64,additive,medium,ISD-3,0.154762,0,0.0491018,0,15.4126,5.73317,2.68831
44,64,additive,medium,ElasticNet,0.154762,0,0.0699532,0,15.4126,6.807,2.26422
44,64,additive,medium,MCMC-add,0.154762,0,0.0705534,0,15.4126,3.08036,5.00349
44,64,additive,medium,MCMC-comb,0.154762,0,0.070087,0.0193141,15.4126,3.48664,4.42047
44,64,multiplicative,medium,OLS,0,0.104139,0.0265983,0.104139,2.25235,2.31286,0.973838
44,64,multiplicative,medium,ISD-1,0,0.104139,0,0.104139,2.25235,2.25235,1
44,64,multiplicative,medium,ISD-3,0,0.104139,0,0.104139,2.25235,2.25235,1
44,64,multiplicative,medium,ElasticNet,0,0.104139,0.0207773,0.104139,2.25235,2.25963,0.996779
44,64,multiplicative,medium,MCMC-add,0,0.104139,0.0266214,0.104139,2.25235,3.2649,0.689867
44,64,multiplicative,medium,MCMC-comb,0,0.104139,0.0256464,0.0314442,2.25235,2.17352,1.03627
44,64,combined,medium,OLS,0.154762,0.104139,0.0715183,0.104139,17.3924,7.58517,2.29295
44,64,combined,medium,ISD-1,0.154762,0.104139,0.0621484,0.104139,17.3924,8.58784,2.02524
44,64,combined,medium,ISD-3,0.154762,0.104139,0.0491142,0.104139,17.3924,8.32511,2.08915
44,64,combined,medium,ElasticNet,0.154762,0.104139,0.0709406,0.104139,17.3924,7.63541,2.27786
44,64,combined,medium,MCMC-add,0.154762,0.104139,0.0715426,0.104139,17.3924,5.37032,3.23862
44,64,combined,medium,MCMC-comb,0.154762,0.104139,0.0704241,0.0326017,17.3924,4.16562,4.17523
44,64,additive,high,OLS,0.309524,0,0.116432,0,55.886,23.8605,2.34219
44,64,additive,high,ISD-1,0.309524,0,0.108374,0,55.886,18.9999,2.94138
44,64,additive,high,ISD-3,0.309524,0,0.0860999,0,55.886,19.5708,2.85559
44,64,additive,high,ElasticNet,0.309524,0,0.115086,0,55.886,23.7838,2.34975
44,64,additive,high,MCMC-add,0.309524,0,0.116455,0,55.886,7.81891,7.14754
44,64,additive,high,MCMC-comb,0.309524,0,0.114682,0.0406554,55.886,9.28465,6.01918
44,64,multiplicative,high,OLS,0,0.208279,0.0276767,0.208279,5.05229,5.11026,0.988657
44,64,multiplicative,high,ISD-1,0,0.208279,0,0.208279,5.05229,5.05229,1
44,64,multiplicative,high,ISD-3,0,0.208279,0,0.208279,5.05229,5.05229,1
44,64,multiplicative,high,ElasticNet,0,0.208279,0.0193494,0.208279,5.05229,5.03983,1.00247
44,64,multiplicative,high,MCMC-add,0,0.208279,0.0277008,0.208279,5.05229,6.1135,0.826417
44,64,multiplicative,high,MCMC-comb,0,0.208279,0.0272531,0.0966723,5.05229,3.84023,1.31562
44,64,combined,high,OLS,0.309524,0.208279,0.118124,0.208279,59.4135,36.7073,1.61858
44,64,combined,high,ISD-1,0.309524,0.208279,0.108898,0.208279,59.4135,25.6842,2.31323
44,64,combined,high,ISD-3,0.309524,0.208279,0.0853178,0.208279,59.4135,26.2724,2.26144
44,64,combined,high,ElasticNet,0.309524,0.208279,0.11647,0.208279,59.4135,36.4303,1.63088
44,64,combined,high,MCMC-add,0.309524,0.208279,0.118149,0.208279,59.4135,13.7324,4.32653
44,64,combined,high,MCMC-comb,0.309524,0.208279,0.115733,0.133099,59.4135,13.2291,4.49113
44,128,additive,low,OLS,0.0608519,0,0.128842,0,4.11177,2.61852,1.57027
44,128,additive,low,ISD-1,0.0608519,0,0.0272342,0,4.11177,2.56115,1.60544
44,128,additive,low,ISD-3,0.0608519,0,0.0308267,0,4.11177,2.62196,1.56821
44,128,additive,low,ElasticNet,0.0608519,0,0.128599,0,4.11177,2.6737,1.53786
44,128,additive,low,MCMC-add,0.0608519,0,0.128867,0,4.11177,13.0445,0.315211
44,128,additive,low,MCMC-comb,0.0608519,0,0.127663,0.0246807,4.11177,10.0986,0.407163
44,128,multiplicative,low,OLS,0,0.0419167,0.109941,0.0419167,1.88056,2.04913,0.917738
44,128,multiplicative,low,ISD-1,0,0.0419167,0,0.0419167,1.88056,1.88056,1
44,128,multiplicative,low,ISD-3,0,0.0419167,0.109279,0.0419167,1.88056,1.59179,1.18142
44,128,multiplicative,low,ElasticNet,0,0.0419167,0.106758,0.0419167,1.88056,2.12916,0.883242
44,128,multiplicative,low,MCMC-add,0,0.0419167,0.109966,0.0419167,1.88056,13.2553,0.141873
44,128,multiplicative,low,MCMC-comb,0,0.0419167,0.108587,0.0250401,1.88056,8.27243,0.227329
44,128,combined,low,OLS,0.0608519,0.0419167,0.130426,0.0419167,5.81973,4.31615,1.34836
44,128,combined,low,ISD-1,0.0608519,0.0419167,0.0282243,0.0419167,5.81973,4.514,1.28926
44,128,combined,low,ISD-3,0.0608519,0.0419167,0.0316147,0.0419167,5.81973,4.50851,1.29083
44,128,combined,low,ElasticNet,0.0608519,0.0419167,0.130178,0.0419167,5.81973,4.3841,1.32746
44,128,combined,low,MCMC-add,0.0608519,0.0419167,0.130452,0.0419167,5.81973,15.3183,0.379919
44,128,combined,low,MCMC-comb,0.0608519,0.0419167,0.129042,0.0218845,5.81973,10.5138,0.55353
44,128,additive,medium,OLS,0.15213,0,0.159384,0,18.1368,14.882,1.21871
44,128,additive,medium,ISD-1,0.15213,0,0.0676211,0,18.1368,9.65456,1.87857
44,128,additive,medium,ISD-3,0.15213,0,0.0663397,0,18.1368,9.44225,1.92081
44,128,additive,medium,ElasticNet,0.15213,0,0.158839,0,18.1368,14.7624,1.22858
44,128,additive,medium,MCMC-add,0.15213,0,0.159409,0,18.1368,16.9208,1.07186
44,128,additive,medium,MCMC-comb,0.15213,0,0.159336,0.0283263,18.1368,14.5695,1.24485
44,128,multiplicative,medium,OLS,0,0.104792,0.112584,0.104792,5.23589,4.9111,1.06613
44,128,multiplicative,medium,ISD-1,0,0.104792,0.110616,0.104792,5.23589,4.93062,1.06191
44,128,multiplicative,medium,ISD-3,0,0.104792,0.112188,0.104792,5.23589,4.79856,1.09114
44,128,multiplicative,medium,ElasticNet,0,0.104792,0.106663,0.104792,5.23589,5.07808,1.03108
44,128,multiplicative,medium,MCMC-add,0,0.104792,0.11261,0.104792,5.23589,17.0001,0.307992
44,128,multiplicative,medium,MCMC-comb,0,0.104792,0.110213,0.0222704,5.23589,10.6855,0.489998
44,128,combined,medium,OLS,0.15213,0.104792,0.163554,0.104792,22.3978,15.6271,1.43327
44,128,combined,medium,ISD-1,0.15213,0.104792,0.0673274,0.104792,22.3978,15.2673,1.46704
44,128,combined,medium,ISD-3,0.15213,0.104792,0.0665789,0.104792,22.3978,15.2099,1.47258
44,128,combined,medium,ElasticNet,0.15213,0.104792,0.162977,0.104792,22.3978,15.6168,1.43421
44,128,combined,medium,MCMC-add,0.15213,0.104792,0.163581,0.104792,22.3978,22.6242,0.989992
44,128,combined,medium,MCMC-comb,0.15213,0.104792,0.162324,0.0452736,22.3978,18.4285,1.21539
44,128,additive,high,OLS,0.304259,0,0.211482,0,61.0258,52.3879,1.16488
44,128,additive,high,ISD-1,0.304259,0,0.130083,0,61.0258,29.0243,2.10257
44,128,additive,high,ISD-3,0.304259,0,0.133896,0,61.0258,28.809,2.11829
44,128,additive,high,ElasticNet,0.304259,0,0.210459,0,61.0258,52.3541,1.16564
44,128,additive,high,MCMC-add,0.304259,0,0.211507,0,61.0258,25.7573,2.36926
44,128,additive,high,MCMC-comb,0.304259,0,0.212202,0.0488478,61.0258,24.5142,2.4894
44,128,multiplicative,high,OLS,0,0.209584,0.117687,0.209584,11.7178,10.2031,1.14845
44,128,multiplicative,high,ISD-1,0,0.209584,0.015147,0.209584,11.7178,10.3825,1.1286
44,128,multiplicative,high,ISD-3,0,0.209584,0.0187214,0.209584,11.7178,10.0555,1.16531
44,128,multiplicative,high,ElasticNet,0,0.209584,0.117552,0.209584,11.7178,10.2006,1.14874
44,128,multiplicative,high,MCMC-add,0,0.209584,0.117715,0.209584,11.7178,23.5415,0.497748
44,128,multiplicative,high,MCMC-comb,0,0.209584,0.114318,0.0917167,11.7178,14.8478,0.789191
44,128,combined,high,OLS,0.304259,0.209584,0.220773,0.209584,66.778,69.2966,0.963655
44,128,combined,high,ISD-1,0.304259,0.209584,0.139128,0.209584,66.778,40.0732,1.6664
44,128,combined,high,ISD-3,0.304259,0.209584,0.142229,0.209584,66.778,40.3722,1.65406
44,128,combined,high,ElasticNet,0.304259,0.209584,0.219727,0.209584,66.778,69.0992,0.966407
44,128,combined,high,MCMC-add,0.304259,0.209584,0.220799,0.209584,66.778,38.8954,1.71686
44,128,combined,high,MCMC-comb,0.304259,0.209584,0.219818,0.13422,66.778,34.2556,1.9494
45,32,additive,low,OLS,0.0486715,0,0.025538,0,0.42393,0.105864,4.00449
45,32,additive,low,ISD-1,0.0486715,0,0.0217026,0,0.42393,0.129754,3.26718
45,32,additive,low,ISD-3,0.0486715,0,0.0222981,0,0.42393,0.129285,3.27904
45,32,additive,low,ElasticNet,0.0486715,0,0.0200688,0,0.42393,0.11602,3.65395
45,32,additive,low,MCMC-add,0.0486715,0,0.025525,0,0.42393,0.0968015,4.37938
45,32,additive,low,MCMC-comb,0.0486715,0,0.0257216,0.0177357,0.42393,0.0569555,7.44318
45,32,multiplicative,low,OLS,0,0.0486715,0.0108171,0.0486715,0.0585628,0.0716586,0.817248
45,32,multiplicative,low,ISD-1,0,0.0486715,0,0.0486715,0.0585628,0.0585628,1
45,32,multiplicative,low,ISD-3,0,0.0486715,0.00592869,0.0486715,0.0585628,0.0704873,0.830828
45,32,multiplicative,low,ElasticNet,0,0.0486715,0.00572569,0.0486715,0.0585628,0.0690781,0.847776
45,32,multiplicative,low,MCMC-add,0,0.0486715,0.0108132,0.0486715,0.0585628,0.0482988,1.21251
45,32,multiplicative,low,MCMC-comb,0,0.0486715,0.0103423,0.0445308,0.0585628,0.122956,0.476291
45,32,combined,low,OLS,0.0486715,0.0486715,0.0257178,0.0486715,0.379681,0.0549501,6.90957
45,32,combined,low,ISD-1,0.0486715,0.0486715,0.0217126,0.0486715,0.379681,0.0949277,3.99969
45,32,combined,low,ISD-3,0.0486715,0.0486715,0.0222186,0.0486715,0.379681,0.0826816,4.59209
45,32,combined,low,ElasticNet,0.0486715,0.0486715,0.0202524,0.0486715,0.379681,0.0540311,7.02708
45,32,combined,low,MCMC-add,0.0486715,0.0486715,0.025705,0.0486715,0.379681,0.0693406,5.47559
45,32,combined,low,MCMC-comb,0.0486715,0.0486715,0.0256022,0.0420683,0.379681,0.0814422,4.66197
45,32,additive,medium,OLS,0.121679,0,0.0515884,0,2.09567,0.278929,7.51329
45,32,additive,medium,ISD-1,0.121679,0,0.0485781,0,2.09567,0.415287,5.04632
45,32,additive,medium,ISD-3,0.121679,0,0.0509192,0,2.09567,0.41292,5.07524
45,32,additive,medium,ElasticNet,0.121679,0,0.0476669,0,2.09567,0.272692,7.68511
45,32,additive,medium,MCMC-add,0.121679,0,0.0515737,0,2.09567,0.181473,11.5481
45,32,additive,medium,MCMC-comb,0.121679,0,0.0515254,0.0373171,2.09567,0.0769816,27.223
45,32,multiplicative,medium,OLS,0,0.121679,0.0116957,0.121679,0.0860663,0.103991,0.827633
45,32,multiplicative,medium,ISD-1,0,0.121679,0,0.121679,0.0860663,0.0860663,1
45,32,multiplicative,medium,ISD-3,0,0.121679,0.00606408,0.121679,0.0860663,0.108194,0.795478
45,32,multiplicative,medium,ElasticNet,0,0.121679,0.00765232,0.121679,0.0860663,0.0992198,0.86743
45,32,multiplicative,medium,MCMC-add,0,0.121679,0.0116923,0.121679,0.0860663,0.091581,0.939784
45,32,multiplicative,medium,MCMC-comb,0,0.121679,0.01139,0.0183406,0.0860663,0.0617245,1.39436
45,32,combined,medium,OLS,0.121679,0.121679,0.0518087,0.121679,2.01241,0.0866028,23.2373
45,32,combined,medium,ISD-1,0.121679,0.121679,0.0486531,0.121679,2.01241,0.254563,7.90536
45,32,combined,medium,ISD-3,0.121679,0.121679,0.0525831,0.121679,2.01241,0.185782,10.8321
45,32,combined,medium,ElasticNet,0.121679,0.121679,0.0478606,0.121679,2.01241,0.0645137,31.1936
45,32,combined,medium,MCMC-add,0.121679,0.121679,0.0517941,0.121679,2.01241,0.0909961,22.1154
45,32,combined,medium,MCMC-comb,0.121679,0.121679,0.0514059,0.0131428,2.01241,0.15404,13.0643
45,32,additive,high,OLS,0.243357,0,0.0951215,0,8.0659,0.833219,9.6804
45,32,additive,high,ISD-1,0.243357,0,0.0953651,0,8.0659,1.4235,5.66625
45,32,additive,high,ISD-3,0.243357,0,0.0928836,0,8.0659,1.25057,6.44978
45,32,additive,high,ElasticNet,0.243357,0,0.0940891,0,8.0659,0.828416,9.73653
45,32,additive,high,MCMC-add,0.243357,0,0.095106,0,8.0659,0.326178,24.7285
45,32,additive,high,MCMC-comb,0.243357,0,0.0951788,0.0251119,8.0659,0.37283,21.6343
45,32,multiplicative,high,OLS,0,0.243357,0.0133646,0.243357,0.0883302,0.138974,0.635587
45,32,multiplicative,high,ISD-1,0,0.243357,0,0.243357,0.0883302,0.0883302,1
45,32,multiplicative,high,ISD-3,0,0.243357,0.00632761,0.243357,0.0883302,0.122212,0.72276
45,32,multiplicative,high,ElasticNet,0,0.243357,0.00968289,0.243357,0.0883302,0.140244,0.629833
45,32,multiplicative,high,MCMC-add,0,0.243357,0.0133617,0.243357,0.0883302,0.107084,0.824867
45,32,multiplicative,high,MCMC-comb,0,0.243357,0.0107834,0.0170087,0.0883302,0.0589782,1.49767
45,32,combined,high,OLS,0.243357,0.243357,0.0954386,0.243357,8.00656,0.0810014,98.8448
45,32,combined,high,ISD-1,0.243357,0.243357,0.0912474,0.243357,8.00656,0.787526,10.1667
45,32,combined,high,ISD-3,0.243357,0.243357,0.0910957,0.243357,8.00656,0.582391,13.7477
45,32,combined,high,ElasticNet,0.243357,0.243357,0.0943491,0.243357,8.00656,0.0585806,136.676
45,32,combined,high,MCMC-add,0.243357,0.243357,0.0954233,0.243357,8.00656,0.219365,36.4989
45,32,combined,high,MCMC-comb,0.243357,0.243357,0.0944081,0.0172298,8.00656,0.393452,20.3495
45,64,additive,low,OLS,0.0494883,0,0.0430865,0,0.834547,0.476745,1.75051
45,64,additive,low,ISD-1,0.0494883,0,0.0228616,0,0.834547,0.515285,1.61958
45,64,additive,low,ISD-3,0.0494883,0,0.0239071,0,0.834547,0.491807,1.6969
45,64,additive,low,ElasticNet,0.0494883,0,0.0429334,0,0.834547,0.472403,1.7666
45,64,additive,low,MCMC-add,0.0494883,0,0.0431101,0,0.834547,0.725125,1.1509
45,64,additive,low,MCMC-comb,0.0494883,0,0.0416666,0.0381662,0.834547,1.26476,0.659846
45,64,multiplicative,low,OLS,0,0.0494883,0.0248494,0.0494883,0.262803,0.278289,0.944355
45,64,multiplicative,low,ISD-1,0,0.0494883,0,0.0494883,0.262803,0.262803,1
45,64,multiplicative,low,ISD-3,0,0.0494883,0,0.0494883,0.262803,0.262803,1
45,64,multiplicative,low,ElasticNet,0,0.0494883,0.0200171,0.0494883,0.262803,0.253795,1.03549
45,64,multiplicative,low,MCMC-add,0,0.0494883,0.0248722,0.0494883,0.262803,0.228398,1.15064
45,64,multiplicative,low,MCMC-comb,0,0.0494883,0.0230909,0.0405245,0.262803,1.01477,0.258979
45,64,combined,low,OLS,0.0494883,0.0494883,0.0430588,0.0494883,0.612282,0.0935367,6.5459
45,64,combined,low,ISD-1,0.0494883,0.0494883,0.0228369,0.0494883,0.612282,0.166237,3.68319
45,64,combined,low,ISD-3,0.0494883,0.0494883,0.0232327,0.0494883,0.612282,0.156561,3.91083
45,64,combined,low,ElasticNet,0.0494883,0.0494883,0.0429037,0.0494883,0.612282,0.0844044,7.25415
45,64,combined,low,MCMC-add,0.0494883,0.0494883,0.043082,0.0494883,0.612282,0.478464,1.27968
45,64,combined,low,MCMC-comb,0.0494883,0.0494883,0.0411042,0.040943,0.612282,1.36524,0.448479
45,64,additive,medium,OLS,0.123721,0,0.0702434,0,3.67546,1.47068,2.49915
45,64,additive,medium,ISD-1,0.123721,0,0.0544633,0,3.67546,1.60071,2.29614
45,64,additive,medium,ISD-3,0.123721,0,0.0547565,0,3.67546,1.54506,2.37884
45,64,additive,medium,ElasticNet,0.123721,0,0.0698926,0,3.67546,1.46046,2.51665
45,64,additive,medium,MCMC-add,0.123721,0,0.0702671,0,3.67546,1.23217,2.98292
45,64,additive,medium,MCMC-comb,0.123721,0,0.0688455,0.0391396,3.67546,1.75223,2.09759
45,64,multiplicative,medium,OLS,0,0.123721,0.0248916,0.123721,0.53146,0.542669,0.979345
45,64,multiplicative,medium,ISD-1,0,0.123721,0,0.123721,0.53146,0.53146,1
45,64,multiplicative,medium,ISD-3,0,0.123721,0,0.123721,0.53146,0.53146,1
45,64,multiplicative,medium,ElasticNet,0,0.123721,0.0199502,0.123721,0.53146,0.538925,0.986149
45,64,multiplicative,medium,MCMC-add,0,0.123721,0.0249138,0.123721,0.53146,0.196224,2.70843
45,64,multiplicative,medium,MCMC-comb,0,0.123721,0.0223429,0.0433082,0.53146,1.08084,0.491709
45,64,combined,medium,OLS,0.123721,0.123721,0.0701723,0.123721,3.17482,0.10302,30.8177
45,64,combined,medium,ISD-1,0.123721,0.123721,0.0545257,0.123721,3.17482,0.432782,7.33585
45,64,combined,medium,ISD-3,0.123721,0.123721,0.0542789,0.123721,3.17482,0.367563,8.63749
45,64,combined,medium,ElasticNet,0.123721,0.123721,0.0698161,0.123721,3.17482,0.0937355,33.87
45,64,combined,medium,MCMC-add,0.123721,0.123721,0.0701955,0.123721,3.17482,0.611626,5.1908
45,64,combined,medium,MCMC-comb,0.123721,0.123721,0.0676265,0.044958,3.17482,1.88253,1.68646
45,64,additive,high,OLS,0.247441,0,0.114767,0,13.5307,3.96381,3.41356
45,64,additive,high,ISD-1,0.247441,0,0.104123,0,13.5307,4.81126,2.8123
45,64,additive,high,ISD-3,0.247441,0,0.104749,0,13.5307,4.45812,3.03507
45,64,additive,high,ElasticNet,0.247441,0,0.114067,0,13.5307,3.96772,3.4102
45,64,additive,high,MCMC-add,0.247441,0,0.114791,0,13.5307,2.05842,6.57336
45,64,additive,high,MCMC-comb,0.247441,0,0.113498,0.0438311,13.5307,2.74631,4.92688
45,64,multiplicative,high,OLS,0,0.247441,0.024963,0.247441,0.70672,0.772464,0.914891
45,64,multiplicative,high,ISD-1,0,0.247441,0,0.247441,0.70672,0.70672,1
45,64,multiplicative,high,ISD-3,0,0.247441,0,0.247441,0.70672,0.70672,1
45,64,multiplicative,high,ElasticNet,0,0.247441,0.0203953,0.247441,0.70672,0.779618,0.906496
45,64,multiplicative,high,MCMC-add,0,0.247441,0.0249843,0.247441,0.70672,0.35648,1.9825
45,64,multiplicative,high,MCMC-comb,0,0.247441,0.0215626,0.0418464,0.70672,1.13484,0.622749
45,64,combined,high,OLS,0.247441,0.247441,0.114692,0.247441,12.9611,0.150069,86.3681
45,64,combined,high,ISD-1,0.247441,0.247441,0.104343,0.247441,12.9611,1.52806,8.48207
45,64,combined,high,ISD-3,0.247441,0.247441,0.102978,0.247441,12.9611,1.18939,10.8973
45,64,combined,high,ElasticNet,0.247441,0.247441,0.113984,0.247441,12.9611,0.134435,96.4119
45,64,combined,high,MCMC-add,0.247441,0.247441,0.114715,0.247441,12.9611,1.10778,11.7001
45,64,combined,high,MCMC-comb,0.247441,0.247441,0.110972,0.0549785,12.9611,2.8668,4.52112
45,128,additive,low,OLS,0.0496747,0,0.127471,0,0.949211,0.860006,1.10373
45,128,additive,low,ISD-1,0.0496747,0,0.0270426,0,0.949211,0.79877,1.18834
45,128,additive,low,ISD-3,0.0496747,0,0.0280443,0,0.949211,0.684276,1.38718
45,128,additive,low,ElasticNet,0.0496747,0,0.127324,0,0.949211,0.827166,1.14755
45,128,additive,low,MCMC-add,0.0496747,0,0.127497,0,0.949211,4.10516,0.231224
45,128,additive,low,MCMC-comb,0.0496747,0,0.124176,0.078443,0.949211,1.34757,0.704386
45,128,multiplicative,low,OLS,0,0.0496747,0.105362,0.0496747,0.546742,0.495435,1.10356
45,128,multiplicative,low,ISD-1,0,0.0496747,0,0.0496747,0.546742,0.546742,1
45,128,multiplicative,low,ISD-3,0,0.0496747,0,0.0496747,0.546742,0.546742,1
45,128,multiplicative,low,ElasticNet,0,0.0496747,0.105245,0.0496747,0.546742,0.490229,1.11528
45,128,multiplicative,low,MCMC-add,0,0.0496747,0.105386,0.0496747,0.546742,2.86758,0.190664
45,128,multiplicative,low,MCMC-comb,0,0.0496747,0.102149,0.107249,0.546742,0.150572,3.63111
45,128,combined,low,OLS,0.0496747,0.0496747,0.12526,0.0496747,0.593675,0.15747,3.77009
45,128,combined,low,ISD-1,0.0496747,0.0496747,0.0249485,0.0496747,0.593675,0.150099,3.95523
45,128,combined,low,ISD-3,0.0496747,0.0496747,0.0258013,0.0496747,0.593675,0.0968901,6.1273
45,128,combined,low,ElasticNet,0.0496747,0.0496747,0.125092,0.0496747,0.593675,0.162254,3.65894
45,128,combined,low,MCMC-add,0.0496747,0.0496747,0.125285,0.0496747,0.593675,3.56356,0.166596
45,128,combined,low,MCMC-comb,0.0496747,0.0496747,0.12225,0.10215,0.593675,0.691903,0.858033
45,128,additive,medium,OLS,0.124187,0,0.157278,0,3.65162,2.38824,1.529
45,128,additive,medium,ISD-1,0.124187,0,0.0623493,0,3.65162,2.4128,1.51344
45,128,additive,medium,ISD-3,0.124187,0,0.0652092,0,3.65162,2.43362,1.50048
45,128,additive,medium,ElasticNet,0.124187,0,0.156933,0,3.65162,2.36213,1.5459
45,128,additive,medium,MCMC-add,0.124187,0,0.157304,0,3.65162,5.05807,0.721938
45,128,additive,medium,MCMC-comb,0.124187,0,0.154188,0.0733731,3.65162,2.38212,1.53293
45,128,multiplicative,medium,OLS,0,0.124187,0.102664,0.124187,1.16392,1.32663,0.877353
45,128,multiplicative,medium,ISD-1,0,0.124187,0.00689498,0.124187,1.16392,1.22906,0.946995
45,128,multiplicative,medium,ISD-3,0,0.124187,0.00661835,0.124187,1.16392,1.18625,0.981175
45,128,multiplicative,medium,ElasticNet,0,0.124187,0.10255,0.124187,1.16392,1.32528,0.878246
45,128,multiplicative,medium,MCMC-add,0,0.124187,0.102688,0.124187,1.16392,2.10403,0.553184
45,128,multiplicative,medium,MCMC-comb,0,0.124187,0.0996446,0.136728,1.16392,0.988392,1.17759
45,128,combined,medium,OLS,0.124187,0.124187,0.151701,0.124187,3.26065,0.190319,17.1326
45,128,combined,medium,ISD-1,0.124187,0.124187,0.0567684,0.124187,3.26065,0.380201,8.57614
45,128,combined,medium,ISD-3,0.124187,0.124187,0.054969,0.124187,3.26065,0.316906,10.289
45,128,combined,medium,ElasticNet,0.124187,0.124187,0.151302,0.124187,3.26065,0.21882,14.9011
45,128,combined,medium,MCMC-add,0.124187,0.124187,0.151726,0.124187,3.26065,3.68983,0.883686
45,128,combined,medium,MCMC-comb,0.124187,0.124187,0.149082,0.125299,3.26065,0.752474,4.33324
45,128,additive,high,OLS,0.248374,0,0.206094,0,12.0864,6.41762,1.88331
45,128,additive,high,ISD-1,0.248374,0,0.118511,0,12.0864,6.69586,1.80505
45,128,additive,high,ISD-3,0.248374,0,0.118895,0,12.0864,6.55828,1.84292
45,128,additive,high,ElasticNet,0.248374,0,0.205415,0,12.0864,6.4375,1.8775
45,128,additive,high,MCMC-add,0.248374,0,0.20612,0,12.0864,6.95019,1.739
45,128,additive,high,MCMC-comb,0.248374,0,0.203549,0.0686629,12.0864,4.47878,2.69859
45,128,multiplicative,high,OLS,0,0.248374,0.0997631,0.248374,1.87781,2.6064,0.720461
45,128,multiplicative,high,ISD-1,0,0.248374,0.0193721,0.248374,1.87781,2.44273,0.768735
45,128,multiplicative,high,ISD-3,0,0.248374,0.0186891,0.248374,1.87781,2.53368,0.741141
45,128,multiplicative,high,ElasticNet,0,0.248374,0.0996482,0.248374,1.87781,2.61475,0.718161
45,128,multiplicative,high,MCMC-add,0,0.248374,0.0997855,0.248374,1.87781,0.982421,1.91141
45,128,multiplicative,high,MCMC-comb,0,0.248374,0.0954501,0.164514,1.87781,2.09463,0.896489
45,128,combined,high,OLS,0.248374,0.248374,0.195096,0.248374,13.4744,0.181424,74.2705
45,128,combined,high,ISD-1,0.248374,0.248374,0.107242,0.248374,13.4744,1.54202,8.73815
45,128,combined,high,ISD-3,0.248374,0.248374,0.111391,0.248374,13.4744,1.11056,12.133
45,128,combined,high,ElasticNet,0.248374,0.248374,0.194294,0.248374,13.4744,0.183633,73.3769
45,128,combined,high,MCMC-add,0.248374,0.248374,0.195121,0.248374,13.4744,4.15015,3.24674
45,128,combined,high,MCMC-comb,0.248374,0.248374,0.192075,0.120021,13.4744,2.40383,5.6054
46,32,additive,low,OLS,0.040717,0,0.0248422,0,0.412028,0.137715,2.99189
46,32,additive,low,ISD-1,0.040717,0,0.0230936,0,0.412028,0.242402,1.69977
46,32,additive,low,ISD-3,0.040717,0,0.0242573,0,0.412028,0.175315,2.35022
46,32,additive,low,ElasticNet,0.040717,0,0.0224383,0,0.412028,0.17818,2.31243
46,32,additive,low,MCMC-add,0.040717,0,0.0248269,0,0.412028,0.162757,2.53155
46,32,additive,low,MCMC-comb,0.040717,0,0.0249383,0.0233913,0.412028,0.120465,3.42031
46,32,multiplicative,low,OLS,0,0.0448153,0.00817318,0.0448153,0.0943714,0.183135,0.515311
46,32,multiplicative,low,ISD-1,0,0.0448153,0,0.0448153,0.0943714,0.0943714,1
46,32,multiplicative,low,ISD-3,0,0.0448153,0,0.0448153,0.0943714,0.0943714,1
46,32,multiplicative,low,ElasticNet,0,0.0448153,0,0.0448153,0.0943714,0.0943714,1
46,32,multiplicative,low,MCMC-add,0,0.0448153,0.00816348,0.0448153,0.0943714,0.142538,0.662079
46,32,multiplicative,low,MCMC-comb,0,0.0448153,0.00833369,0.0253094,0.0943714,0.0936915,1.00726
46,32,combined,low,OLS,0.040717,0.0448153,0.0247604,0.0448153,0.315458,0.0617432,5.1092
46,32,combined,low,ISD-1,0.040717,0.0448153,0.0230523,0.0448153,0.315458,0.1667,1.89236
46,32,combined,low,ISD-3,0.040717,0.0448153,0.0243067,0.0448153,0.315458,0.173482,1.81839
46,32,combined,low,ElasticNet,0.040717,0.0448153,0.0219886,0.0448153,0.315458,0.0817173,3.86036
46,32,combined,low,MCMC-add,0.040717,0.0448153,0.0247453,0.0448153,0.315458,0.0653032,4.83067
46,32,combined,low,MCMC-comb,0.040717,0.0448153,0.0248262,0.0234208,0.315458,0.12217,2.58212
46,32,additive,medium,OLS,0.101793,0,0.0512499,0,2.23837,0.413602,5.41189
46,32,additive,medium,ISD-1,0.101793,0,0.0509518,0,2.23837,0.674281,3.31963
46,32,additive,medium,ISD-3,0.101793,0,0.0514625,0,2.23837,0.580383,3.8567
46,32,additive,medium,ElasticNet,0.101793,0,0.0472925,0,2.23837,0.371223,6.02971
46,32,additive,medium,MCMC-add,0.101793,0,0.0512335,0,2.23837,0.310218,7.21545
46,32,additive,medium,MCMC-comb,0.101793,0,0.0513666,0.0221125,2.23837,0.331569,6.75083
46,32,multiplicative,medium,OLS,0,0.112038,0.00798167,0.112038,0.183097,0.22979,0.796801
46,32,multiplicative,medium,ISD-1,0,0.112038,0,0.112038,0.183097,0.183097,1
46,32,multiplicative,medium,ISD-3,0,0.112038,0,0.112038,0.183097,0.183097,1
46,32,multiplicative,medium,ElasticNet,0,0.112038,0,0.112038,0.183097,0.183097,1
46,32,multiplicative,medium,MCMC-add,0,0.112038,0.00797222,0.112038,0.183097,0.207598,0.881979
46,32,multiplicative,medium,MCMC-comb,0,0.112038,0.0080386,0.0292638,0.183097,0.135768,1.3486
46,32,combined,medium,OLS,0.101793,0.112038,0.0511985,0.112038,2.05593,0.205961,9.9821
46,32,combined,medium,ISD-1,0.101793,0.112038,0.0486767,0.112038,2.05593,0.499649,4.11474
46,32,combined,medium,ISD-3,0.101793,0.112038,0.0515899,0.112038,2.05593,0.433977,4.73741
46,32,combined,medium,ElasticNet,0.101793,0.112038,0.047283,0.112038,2.05593,0.204656,10.0458
46,32,combined,medium,MCMC-add,0.101793,0.112038,0.0511824,0.112038,2.05593,0.163454,12.578
46,32,combined,medium,MCMC-comb,0.101793,0.112038,0.0510557,0.0215131,2.05593,0.263191,7.81153
46,32,additive,high,OLS,0.203585,0,0.0952454,0,8.99459,1.78412,5.04149
46,32,additive,high,ISD-1,0.203585,0,0.0988112,0,8.99459,2.60213,3.45662
46,32,additive,high,ISD-3,0.203585,0,0.0950826,0,8.99459,2.42659,3.70667
46,32,additive,high,ElasticNet,0.203585,0,0.0942235,0,8.99459,1.54644,5.81631
46,32,additive,high,MCMC-add,0.203585,0,0.0952282,0,8.99459,0.770693,11.6708
46,32,additive,high,MCMC-comb,0.203585,0,0.0952251,0.0263617,8.99459,0.885141,10.1618
46,32,multiplicative,high,OLS,0,0.224076,0.00815472,0.224076,0.314439,0.345193,0.910907
46,32,multiplicative,high,ISD-1,0,0.224076,0,0.224076,0.314439,0.314439,1
46,32,multiplicative,high,ISD-3,0,0.224076,0,0.224076,0.314439,0.314439,1
46,32,multiplicative,high,ElasticNet,0,0.224076,0,0.224076,0.314439,0.314439,1
46,32,multiplicative,high,MCMC-add,0,0.224076,0.00814616,0.224076,0.314439,0.297686,1.05628
46,32,multiplicative,high,MCMC-comb,0,0.224076,0.00723007,0.0744532,0.314439,0.189289,1.66116
46,32,combined,high,OLS,0.203585,0.224076,0.0953231,0.224076,8.84468,1.32297,6.68547
46,32,combined,high,ISD-1,0.203585,0.224076,0.0985595,0.224076,8.84468,2.60043,3.40124
46,32,combined,high,ISD-3,0.203585,0.224076,0.0947138,0.224076,8.84468,2.40226,3.68181
46,32,combined,high,ElasticNet,0.203585,0.224076,0.0946387,0.224076,8.84468,1.32611,6.66962
46,32,combined,high,MCMC-add,0.203585,0.224076,0.0953063,0.224076,8.84468,0.44248,19.9889
46,32,combined,high,MCMC-comb,0.203585,0.224076,0.0934262,0.0955278,8.84468,0.877673,10.0774
46,64,additive,low,OLS,0.0416557,0,0.0419226,0,0.780139,0.547816,1.42409
46,64,additive,low,ISD-1,0.0416557,0,0.0260614,0,0.780139,0.525882,1.48349
46,64,additive,low,ISD-3,0.0416557,0,0.0280313,0,0.780139,0.602216,1.29545
46,64,additive,low,ElasticNet,0.0416557,0,0.0417749,0,0.780139,0.536484,1.45417
46,64,additive,low,MCMC-add,0.0416557,0,0.0419456,0,0.780139,0.859736,0.907417
46,64,additive,low,MCMC-comb,0.0416557,0,0.0420172,0.0136245,0.780139,0.679125,1.14874
46,64,multiplicative,low,OLS,0,0.0438785,0.0235074,0.0438785,0.347486,0.242497,1.43295
46,64,multiplicative,low,ISD-1,0,0.0438785,0,0.0438785,0.347486,0.347486,1
46,64,multiplicative,low,ISD-3,0,0.0438785,0,0.0438785,0.347486,0.347486,1
46,64,multiplicative,low,ElasticNet,0,0.0438785,0.0195653,0.0438785,0.347486,0.277534,1.25205
46,64,multiplicative,low,MCMC-add,0,0.0438785,0.0235297,0.0438785,0.347486,0.277891,1.25044
46,64,multiplicative,low,MCMC-comb,0,0.0438785,0.0233998,0.00978291,0.347486,0.394628,0.880542
46,64,combined,low,OLS,0.0416557,0.0438785,0.0417655,0.0438785,0.480448,0.245931,1.95359
46,64,combined,low,ISD-1,0.0416557,0.0438785,0.0259394,0.0438785,0.480448,0.282494,1.70074
46,64,combined,low,ISD-3,0.0416557,0.0438785,0.0279863,0.0438785,0.480448,0.352781,1.36189
46,64,combined,low,ElasticNet,0.0416557,0.0438785,0.0416464,0.0438785,0.480448,0.246012,1.95295
46,64,combined,low,MCMC-add,0.0416557,0.0438785,0.0417885,0.0438785,0.480448,0.593378,0.809683
46,64,combined,low,MCMC-comb,0.0416557,0.0438785,0.0416264,0.0100207,0.480448,0.830271,0.578664
46,64,additive,medium,OLS,0.104139,0,0.0692123,0,3.34496,1.68465,1.98555
46,64,additive,medium,ISD-1,0.104139,0,0.0512103,0,3.34496,1.82702,1.83083
46,64,additive,medium,ISD-3,0.104139,0,0.0532868,0,3.34496,1.69866,1.96917
46,64,additive,medium,ElasticNet,0.104139,0,0.0689351,0,3.34496,1.66648,2.0072
46,64,additive,medium,MCMC-add,0.104139,0,0.0692358,0,3.34496,1.49398,2.23896
46,64,additive,medium,MCMC-comb,0.104139,0,0.0689052,0.0128602,3.34496,1.21673,2.74914
46,64,multiplicative,medium,OLS,0,0.109696,0.023268,0.109696,0.644653,0.616613,1.04547
46,64,multiplicative,medium,ISD-1,0,0.109696,0,0.109696,0.644653,0.644653,1
46,64,multiplicative,medium,ISD-3,0,0.109696,0,0.109696,0.644653,0.644653,1
46,64,multiplicative,medium,ElasticNet,0,0.109696,0.0184792,0.109696,0.644653,0.529429,1.21764
46,64,multiplicative,medium,MCMC-add,0,0.109696,0.0232903,0.109696,0.644653,0.221263,2.91351
46,64,multiplicative,medium,MCMC-comb,0,0.109696,0.0219887,0.0309986,0.644653,1.0035,0.642403
46,64,combined,medium,OLS,0.104139,0.109696,0.068826,0.109696,2.81851,1.15542,2.43939
46,64,combined,medium,ISD-1,0.104139,0.109696,0.0512831,0.109696,2.81851,1.45148,1.94182
46,64,combined,medium,ISD-3,0.104139,0.109696,0.0533432,0.109696,2.81851,1.33731,2.10759
46,64,combined,medium,ElasticNet,0.104139,0.109696,0.0685503,0.109696,2.81851,1.16923,2.41057
46,64,combined,medium,MCMC-add,0.104139,0.109696,0.0688493,0.109696,2.81851,0.837408,3.36576
46,64,combined,medium,MCMC-comb,0.104139,0.109696,0.0673564,0.0646639,2.81851,2.64534,1.06546
46,64,additive,high,OLS,0.208279,0,0.114378,0,11.7165,4.7344,2.47476
46,64,additive,high,ISD-1,0.208279,0,0.0958572,0,11.7165,5.26387,2.22584
46,64,additive,high,ISD-3,0.208279,0,0.0983582,0,11.7165,5.14906,2.27547
46,64,additive,high,ElasticNet,0.208279,0,0.113837,0,11.7165,4.70512,2.49017
46,64,additive,high,MCMC-add,0.208279,0,0.114402,0,11.7165,2.8147,4.16262
46,64,additive,high,MCMC-comb,0.208279,0,0.114729,0.0116841,11.7165,2.65957,4.40542
46,64,multiplicative,high,OLS,0,0.219393,0.0229035,0.219393,0.866677,0.768395,1.12791
46,64,multiplicative,high,ISD-1,0,0.219393,0,0.219393,0.866677,0.866677,1
46,64,multiplicative,high,ISD-3,0,0.219393,0,0.219393,0.866677,0.866677,1
46,64,multiplicative,high,ElasticNet,0,0.219393,0.0188118,0.219393,0.866677,0.819614,1.05742
46,64,multiplicative,high,MCMC-add,0,0.219393,0.0229261,0.219393,0.866677,0.468576,1.8496
46,64,multiplicative,high,MCMC-comb,0,0.219393,0.0231105,0.108256,0.866677,0.927625,0.934298
46,64,combined,high,OLS,0.208279,0.219393,0.113505,0.219393,10.9223,6.71671,1.62613
46,64,combined,high,ISD-1,0.208279,0.219393,0.101978,0.219393,10.9223,5.54455,1.96991
46,64,combined,high,ISD-3,0.208279,0.219393,0.0982437,0.219393,10.9223,5.16861,2.11319
46,64,combined,high,ElasticNet,0.208279,0.219393,0.112966,0.219393,10.9223,6.70157,1.62981
46,64,combined,high,MCMC-add,0.208279,0.219393,0.113528,0.219393,10.9223,1.81877,6.00531
46,64,combined,high,MCMC-comb,0.208279,0.219393,0.110491,0.118385,10.9223,2.57957,4.23413
46,128,additive,low,OLS,0.0419167,0,0.125548,0,3.11395,2.42906,1.28196
46,128,additive,low,ISD-1,0.0419167,0,0.0271859,0,3.11395,2.72399,1.14316
46,128,additive,low,ISD-3,0.0419167,0,0.0297655,0,3.11395,2.77318,1.12288
46,128,additive,low,ElasticNet,0.0419167,0,0.124279,0,3.11395,2.44934,1.27134
46,128,additive,low,MCMC-add,0.0419167,0,0.125574,0,3.11395,12.7698,0.243853
46,128,additive,low,MCMC-comb,0.0419167,0,0.122221,0.0448266,3.11395,8.20037,0.379733
46,128,multiplicative,low,OLS,0,0.0436485,0.105608,0.0436485,1.46192,1.61776,0.90367
46,128,multiplicative,low,ISD-1,0,0.0436485,0,0.0436485,1.46192,1.46192,1
46,128,multiplicative,low,ISD-3,0,0.0436485,0,0.0436485,1.46192,1.46192,1
46,128,multiplicative,low,ElasticNet,0,0.0436485,0.103853,0.0436485,1.46192,1.55477,0.940282
46,128,multiplicative,low,MCMC-add,0,0.0436485,0.105633,0.0436485,1.46192,9.17038,0.159417
46,128,multiplicative,low,MCMC-comb,0,0.0436485,0.102144,0.0492784,1.46192,5.82307,0.251056
46,128,combined,low,OLS,0.0419167,0.0436485,0.12517,0.0436485,1.36937,0.849833,1.61134
46,128,combined,low,ISD-1,0.0419167,0.0436485,0.0279037,0.0436485,1.36937,0.9985,1.37143
46,128,combined,low,ISD-3,0.0419167,0.0436485,0.0298817,0.0436485,1.36937,1.17237,1.16804
46,128,combined,low,ElasticNet,0.0419167,0.0436485,0.124386,0.0436485,1.36937,0.919097,1.48991
46,128,combined,low,MCMC-add,0.0419167,0.0436485,0.125196,0.0436485,1.36937,10.9099,0.125516
46,128,combined,low,MCMC-comb,0.0419167,0.0436485,0.121529,0.0450255,1.36937,8.00376,0.171091
46,128,additive,medium,OLS,0.104792,0,0.154808,0,9.07788,7.45032,1.21846
46,128,additive,medium,ISD-1,0.104792,0,0.0598255,0,9.07788,7.59855,1.19469
46,128,additive,medium,ISD-3,0.104792,0,0.0607607,0,9.07788,7.28471,1.24616
46,128,additive,medium,ElasticNet,0.104792,0,0.153912,0,9.07788,7.51321,1.20826
46,128,additive,medium,MCMC-add,0.104792,0,0.154833,0,9.07788,16.1675,0.561489
46,128,additive,medium,MCMC-comb,0.104792,0,0.151925,0.0381252,9.07788,12.409,0.731553
46,128,multiplicative,medium,OLS,0,0.109121,0.105461,0.109121,3.21804,3.89389,0.826434
46,128,multiplicative,medium,ISD-1,0,0.109121,0.00925619,0.109121,3.21804,3.31322,0.971274
46,128,multiplicative,medium,ISD-3,0,0.109121,0.0094702,0.109121,3.21804,3.55274,0.90579
46,128,multiplicative,medium,ElasticNet,0,0.109121,0.103502,0.109121,3.21804,3.87094,0.831333
46,128,multiplicative,medium,MCMC-add,0,0.109121,0.105486,0.109121,3.21804,6.7888,0.474022
46,128,multiplicative,medium,MCMC-comb,0,0.109121,0.103015,0.0569501,3.21804,5.22525,0.615863
46,128,combined,medium,OLS,0.104792,0.109121,0.154105,0.109121,5.27101,3.92618,1.34253
46,128,combined,medium,ISD-1,0.104792,0.109121,0.0631023,0.109121,5.27101,3.9243,1.34317
46,128,combined,medium,ISD-3,0.104792,0.109121,0.0627521,0.109121,5.27101,3.90771,1.34887
46,128,combined,medium,ElasticNet,0.104792,0.109121,0.153823,0.109121,5.27101,3.88492,1.35679
46,128,combined,medium,MCMC-add,0.104792,0.109121,0.154131,0.109121,5.27101,11.8444,0.445023
46,128,combined,medium,MCMC-comb,0.104792,0.109121,0.150885,0.0476027,5.27101,11.5847,0.454998
46,128,additive,high,OLS,0.209584,0,0.203273,0,27.0995,37.4726,0.72318
46,128,additive,high,ISD-1,0.209584,0,0.112673,0,27.0995,18.8528,1.43742
46,128,additive,high,ISD-3,0.209584,0,0.116554,0,27.0995,18.1649,1.49186
46,128,additive,high,ElasticNet,0.209584,0,0.202762,0,27.0995,37.3462,0.725628
46,128,additive,high,MCMC-add,0.209584,0,0.203299,0,27.0995,22.5362,1.20248
46,128,additive,high,MCMC-comb,0.209584,0,0.200681,0.0367239,27.0995,19.7997,1.36868
46,128,multiplicative,high,OLS,0,0.218242,0.106266,0.218242,5.07272,7.22095,0.702501
46,128,multiplicative,high,ISD-1,0,0.218242,0.0162132,0.218242,5.07272,6.19393,0.818983
46,128,multiplicative,high,ISD-3,0,0.218242,0.0165488,0.218242,5.07272,6.29261,0.80614
46,128,multiplicative,high,ElasticNet,0,0.218242,0.106142,0.218242,5.07272,7.23604,0.701036
46,128,multiplicative,high,MCMC-add,0,0.218242,0.106292,0.218242,5.07272,4.20732,1.20569
46,128,multiplicative,high,MCMC-comb,0,0.218242,0.106131,0.129594,5.07272,3.11875,1.62652
46,128,combined,high,OLS,0.209584,0.218242,0.202103,0.218242,19.933,14.8876,1.3389
46,128,combined,high,ISD-1,0.209584,0.218242,0.116898,0.218242,19.933,13.7137,1.45351
46,128,combined,high,ISD-3,0.209584,0.218242,0.12155,0.218242,19.933,12.9819,1.53544
46,128,combined,high,ElasticNet,0.209584,0.218242,0.201595,0.218242,19.933,14.8639,1.34104
46,128,combined,high,MCMC-add,0.209584,0.218242,0.20213,0.218242,19.933,14.8173,1.34525
46,128,combined,high,MCMC-comb,0.209584,0.218242,0.198793,0.134582,19.933,16.7937,1.18693
47,32,additive,low,OLS,0.0509808,0,0.0160885,0,0.353026,0.117744,2.99825
47,32,additive,low,ISD-1,0.0509808,0,0.0250194,0,0.353026,0.136618,2.58404
47,32,additive,low,ISD-3,0.0509808,0,0.0274278,0,0.353026,0.12355,2.85736
47,32,additive,low,ElasticNet,0.0509808,0,0.0226408,0,0.353026,0.0971334,3.63445
47,32,additive,low,MCMC-add,0.0509808,0,0.0161064,0,0.353026,0.0770826,4.57984
47,32,additive,low,MCMC-comb,0.0509808,0,0.0161118,0.131966,0.353026,0.477514,0.7393
47,32,multiplicative,low,OLS,0,0.0381863,0.00786634,0.0381863,0.0885965,0.10416,0.850578
47,32,multiplicative,low,ISD-1,0,0.0381863,0,0.0381863,0.0885965,0.0885965,1
47,32,multiplicative,low,ISD-3,0,0.0381863,0,0.0381863,0.0885965,0.0885965,1
47,32,multiplicative,low,ElasticNet,0,0.0381863,0.00424189,0.0381863,0.0885965,0.106452,0.832267
47,32,multiplicative,low,MCMC-add,0,0.0381863,0.00786573,0.0381863,0.0885965,0.0847748,1.04508
47,32,multiplicative,low,MCMC-comb,0,0.0381863,0.00755511,0.130647,0.0885965,0.41156,0.21527
47,32,combined,low,OLS,0.0509808,0.0381863,0.0157794,0.0381863,0.299063,0.139488,2.144
47,32,combined,low,ISD-1,0.0509808,0.0381863,0.0262047,0.0381863,0.299063,0.167176,1.78891
47,32,combined,low,ISD-3,0.0509808,0.0381863,0.0272897,0.0381863,0.299063,0.145863,2.0503
47,32,combined,low,ElasticNet,0.0509808,0.0381863,0.0224825,0.0381863,0.299063,0.151515,1.97381
47,32,combined,low,MCMC-add,0.0509808,0.0381863,0.0157972,0.0381863,0.299063,0.132935,2.2497
47,32,combined,low,MCMC-comb,0.0509808,0.0381863,0.0159345,0.129642,0.299063,0.479156,0.624145
47,32,additive,medium,OLS,0.127452,0,0.042391,0,2.19581,0.11895,18.4599
47,32,additive,medium,ISD-1,0.127452,0,0.0588231,0,2.19581,0.0984898,22.2948
47,32,additive,medium,ISD-3,0.127452,0,0.057648,0,2.19581,0.139855,15.7006
47,32,additive,medium,ElasticNet,0.127452,0,0.0451723,0,2.19581,0.120161,18.2739
47,32,additive,medium,MCMC-add,0.127452,0,0.0424077,0,2.19581,0.180636,12.156
47,32,additive,medium,MCMC-comb,0.127452,0,0.0425396,0.123824,2.19581,0.535915,4.09731
47,32,multiplicative,medium,OLS,0,0.0954657,0.00746244,0.0954657,0.19087,0.155597,1.2267
47,32,multiplicative,medium,ISD-1,0,0.0954657,0,0.0954657,0.19087,0.19087,1
47,32,multiplicative,medium,ISD-3,0,0.0954657,0,0.0954657,0.19087,0.19087,1
47,32,multiplicative,medium,ElasticNet,0,0.0954657,0.00310518,0.0954657,0.19087,0.177161,1.07738
47,32,multiplicative,medium,MCMC-add,0,0.0954657,0.00746079,0.0954657,0.19087,0.150485,1.26836
47,32,multiplicative,medium,MCMC-comb,0,0.0954657,0.00670817,0.119084,0.19087,0.378976,0.503646
47,32,combined,medium,OLS,0.127452,0.0954657,0.0418817,0.0954657,2.05222,0.137231,14.9545
47,32,combined,medium,ISD-1,0.127452,0.0954657,0.0560951,0.0954657,2.05222,0.0812357,25.2626
47,32,combined,medium,ISD-3,0.127452,0.0954657,0.0547187,0.0954657,2.05222,0.10859,18.8988
47,32,combined,medium,ElasticNet,0.127452,0.0954657,0.0451071,0.0954657,2.05222,0.151251,13.5683
47,32,combined,medium,MCMC-add,0.127452,0.0954657,0.041898,0.0954657,2.05222,0.293664,6.98834
47,32,combined,medium,MCMC-comb,0.127452,0.0954657,0.0420736,0.118562,2.05222,0.519123,3.95325
47,32,additive,high,OLS,0.254904,0,0.0888627,0,8.54304,0.199226,42.8811
47,32,additive,high,ISD-1,0.254904,0,0.107707,0,8.54304,0.643904,13.2676
47,32,additive,high,ISD-3,0.254904,0,0.102977,0,8.54304,0.584855,14.6071
47,32,additive,high,ElasticNet,0.254904,0,0.0918626,0,8.54304,0.200676,42.5714
47,32,additive,high,MCMC-add,0.254904,0,0.0888782,0,8.54304,0.275027,31.0625
47,32,additive,high,MCMC-comb,0.254904,0,0.0889621,0.0999332,8.54304,0.583674,14.6367
47,32,multiplicative,high,OLS,0,0.190931,0.00691941,0.190931,0.199094,0.208827,0.953393
47,32,multiplicative,high,ISD-1,0,0.190931,0,0.190931,0.199094,0.199094,1
47,32,multiplicative,high,ISD-3,0,0.190931,0,0.190931,0.199094,0.199094,1
47,32,multiplicative,high,ElasticNet,0,0.190931,0,0.190931,0.199094,0.199094,1
47,32,multiplicative,high,MCMC-add,0,0.190931,0.00691585,0.190931,0.199094,0.19776,1.00674
47,32,multiplicative,high,MCMC-comb,0,0.190931,0.00558975,0.157521,0.199094,0.498145,0.39967
47,32,combined,high,OLS,0.254904,0.190931,0.0880207,0.190931,8.36878,0.204549,40.9133
47,32,combined,high,ISD-1,0.254904,0.190931,0.108172,0.190931,8.36878,0.626223,13.3639
47,32,combined,high,ISD-3,0.254904,0.190931,0.102797,0.190931,8.36878,0.560063,14.9426
47,32,combined,high,ElasticNet,0.254904,0.190931,0.092021,0.190931,8.36878,0.205239,40.7758
47,32,combined,high,MCMC-add,0.254904,0.190931,0.0880358,0.190931,8.36878,0.465566,17.9755
47,32,combined,high,MCMC-comb,0.254904,0.190931,0.0843931,0.116141,8.36878,0.646561,12.9435
47,64,additive,low,OLS,0.0502574,0,0.0092612,0,0.567076,0.29715,1.90838
47,64,additive,low,ISD-1,0.0502574,0,0.0264117,0,0.567076,0.190449,2.97757
47,64,additive,low,ISD-3,0.0502574,0,0.0273197,0,0.567076,0.250631,2.26259
47,64,additive,low,ElasticNet,0.0502574,0,0.00681114,0,0.567076,0.257011,2.20643
47,64,additive,low,MCMC-add,0.0502574,0,0.00926984,0,0.567076,0.196262,2.88938
47,64,additive,low,MCMC-comb,0.0502574,0,0.00944461,0.0281091,0.567076,0.63344,0.895232
47,64,multiplicative,low,OLS,0,0.038447,0.0249889,0.038447,0.367426,0.374709,0.980563
47,64,multiplicative,low,ISD-1,0,0.038447,0,0.038447,0.367426,0.367426,1
47,64,multiplicative,low,ISD-3,0,0.038447,0.00756677,0.038447,0.367426,0.392392,0.936373
47,64,multiplicative,low,ElasticNet,0,0.038447,0.0180242,0.038447,0.367426,0.333463,1.10185
47,64,multiplicative,low,MCMC-add,0,0.038447,0.0250095,0.038447,0.367426,0.174302,2.10798
47,64,multiplicative,low,MCMC-comb,0,0.038447,0.0248672,0.0264499,0.367426,0.895859,0.410138
47,64,combined,low,OLS,0.0502574,0.038447,0.00878557,0.038447,0.518217,0.495611,1.04561
47,64,combined,low,ISD-1,0.0502574,0.038447,0.026192,0.038447,0.518217,0.492786,1.05161
47,64,combined,low,ISD-3,0.0502574,0.038447,0.0272904,0.038447,0.518217,0.452184,1.14603
47,64,combined,low,ElasticNet,0.0502574,0.038447,0.00636088,0.038447,0.518217,0.483387,1.07205
47,64,combined,low,MCMC-add,0.0502574,0.038447,0.0087949,0.038447,0.518217,0.240818,2.15191
47,64,combined,low,MCMC-comb,0.0502574,0.038447,0.00820134,0.0271473,0.518217,0.582899,0.889034
47,64,additive,medium,OLS,0.125644,0,0.0231954,0,3.47879,0.311985,11.1505
47,64,additive,medium,ISD-1,0.125644,0,0.0540918,0,3.47879,0.182642,19.0471
47,64,additive,medium,ISD-3,0.125644,0,0.0559553,0,3.47879,0.154755,22.4794
47,64,additive,medium,ElasticNet,0.125644,0,0.0294837,0,3.47879,0.329873,10.5459
47,64,additive,medium,MCMC-add,0.125644,0,0.0231708,0,3.47879,0.440873,7.89069
47,64,additive,medium,MCMC-comb,0.125644,0,0.0230151,0.0374103,3.47879,0.270392,12.8657
47,64,multiplicative,medium,OLS,0,0.0961174,0.0246872,0.0961174,0.740724,0.637013,1.16281
47,64,multiplicative,medium,ISD-1,0,0.0961174,0,0.0961174,0.740724,0.740724,1
47,64,multiplicative,medium,ISD-3,0,0.0961174,0.00717516,0.0961174,0.740724,0.697403,1.06212
47,64,multiplicative,medium,ElasticNet,0,0.0961174,0.0150712,0.0961174,0.740724,0.654299,1.13209
47,64,multiplicative,medium,MCMC-add,0,0.0961174,0.024708,0.0961174,0.740724,0.284302,2.60541
47,64,multiplicative,medium,MCMC-comb,0,0.0961174,0.0249857,0.0125602,0.740724,0.426432,1.73703
47,64,combined,medium,OLS,0.125644,0.0961174,0.0230925,0.0961174,3.02203,0.620077,4.87364
47,64,combined,medium,ISD-1,0.125644,0.0961174,0.0534712,0.0961174,3.02203,0.501768,6.02278
47,64,combined,medium,ISD-3,0.125644,0.0961174,0.053848,0.0961174,3.02203,0.400859,7.5389
47,64,combined,medium,ElasticNet,0.125644,0.0961174,0.0282883,0.0961174,3.02203,0.675442,4.47416
47,64,combined,medium,MCMC-add,0.125644,0.0961174,0.0230685,0.0961174,3.02203,1.04454,2.89316
47,64,combined,medium,MCMC-comb,0.125644,0.0961174,0.0202155,0.0160019,3.02203,0.26401,11.4467
47,64,additive,high,OLS,0.251287,0,0.0699635,0,13.9112,0.808721,17.2015
47,64,additive,high,ISD-1,0.251287,0,0.116093,0,13.9112,1.57425,8.83672
47,64,additive,high,ISD-3,0.251287,0,0.11062,0,13.9112,1.53417,9.06754
47,64,additive,high,ElasticNet,0.251287,0,0.0766891,0,13.9112,0.76288,18.2351
47,64,additive,high,MCMC-add,0.251287,0,0.0699399,0,13.9112,1.10867,12.5476
47,64,additive,high,MCMC-comb,0.251287,0,0.0697117,0.0377751,13.9112,0.487134,28.5572
47,64,multiplicative,high,OLS,0,0.192235,0.0243431,0.192235,0.900327,0.85374,1.05457
47,64,multiplicative,high,ISD-1,0,0.192235,0,0.192235,0.900327,0.900327,1
47,64,multiplicative,high,ISD-3,0,0.192235,0.00477103,0.192235,0.900327,0.947731,0.949981
47,64,multiplicative,high,ElasticNet,0,0.192235,0.0203068,0.192235,0.900327,0.88808,1.01379
47,64,multiplicative,high,MCMC-add,0,0.192235,0.0243643,0.192235,0.900327,0.474259,1.89839
47,64,multiplicative,high,MCMC-comb,0,0.192235,0.0221159,0.109042,0.900327,0.434744,2.07094
47,64,combined,high,OLS,0.251287,0.192235,0.0703708,0.192235,13.0965,0.575115,22.7719
47,64,combined,high,ISD-1,0.251287,0.192235,0.11555,0.192235,13.0965,1.39683,9.37585
47,64,combined,high,ISD-3,0.251287,0.192235,0.106819,0.192235,13.0965,1.3211,9.91331
47,64,combined,high,ElasticNet,0.251287,0.192235,0.0745282,0.192235,13.0965,0.505969,25.8839
47,64,combined,high,MCMC-add,0.251287,0.192235,0.070348,0.192235,13.0965,1.92571,6.80085
47,64,combined,high,MCMC-comb,0.251287,0.192235,0.0698102,0.108131,13.0965,1.70596,7.6769
48,32,additive,low,OLS,0.0349212,0,0.0203385,0,0.762659,0.340214,2.24171
48,32,additive,low,ISD-1,0.0349212,0,0.0250929,0,0.762659,0.428113,1.78144
48,32,additive,low,ISD-3,0.0349212,0,0.0239532,0,0.762659,0.387293,1.96921
48,32,additive,low,ElasticNet,0.0349212,0,0.0180086,0,0.762659,0.363301,2.09925
48,32,additive,low,MCMC-add,0.0349212,0,0.0203236,0,0.762659,0.301602,2.5287
48,32,additive,low,MCMC-comb,0.0349212,0,0.0203871,0.0936502,0.762659,0.422225,1.80629
48,32,multiplicative,low,OLS,0,0.0518578,0.00472552,0.0518578,0.274688,0.0976326,2.81348
48,32,multiplicative,low,ISD-1,0,0.0518578,0,0.0518578,0.274688,0.274688,1
48,32,multiplicative,low,ISD-3,0,0.0518578,0,0.0518578,0.274688,0.274688,1
48,32,multiplicative,low,ElasticNet,0,0.0518578,0.00144531,0.0518578,0.274688,0.200757,1.36826
48,32,multiplicative,low,MCMC-add,0,0.0518578,0.00472371,0.0518578,0.274688,0.148863,1.84524
48,32,multiplicative,low,MCMC-comb,0,0.0518578,0.0056476,0.100078,0.274688,0.59379,0.462601
48,32,combined,low,OLS,0.0349212,0.0518578,0.0201081,0.0518578,0.636965,0.23107,2.75659
48,32,combined,low,ISD-1,0.0349212,0.0518578,0.0250094,0.0518578,0.636965,0.258321,2.46579
48,32,combined,low,ISD-3,0.0349212,0.0518578,0.0238391,0.0518578,0.636965,0.264184,2.41106
48,32,combined,low,ElasticNet,0.0349212,0.0518578,0.0177713,0.0518578,0.636965,0.183056,3.47962
48,32,combined,low,MCMC-add,0.0349212,0.0518578,0.0200934,0.0518578,0.636965,0.266325,2.39168
48,32,combined,low,MCMC-comb,0.0349212,0.0518578,0.0205082,0.0929361,0.636965,0.552437,1.15301
48,32,additive,medium,OLS,0.0873031,0,0.0473139,0,4.12908,0.914621,4.51452
48,32,additive,medium,ISD-1,0.0873031,0,0.0515117,0,4.12908,1.19258,3.46232
48,32,additive,medium,ISD-3,0.0873031,0,0.0530713,0,4.12908,1.08088,3.82011
48,32,additive,medium,ElasticNet,0.0873031,0,0.0463478,0,4.12908,0.760003,5.43297
48,32,additive,medium,MCMC-add,0.0873031,0,0.0472979,0,4.12908,0.618256,6.67859
48,32,additive,medium,MCMC-comb,0.0873031,0,0.0475487,0.0865792,4.12908,0.138119,29.8951
48,32,multiplicative,medium,OLS,0,0.129645,0.00466679,0.129645,0.252531,0.259463,0.973282
48,32,multiplicative,medium,ISD-1,0,0.129645,0,0.129645,0.252531,0.252531,1
48,32,multiplicative,medium,ISD-3,0,0.129645,0,0.129645,0.252531,0.252531,1
48,32,multiplicative,medium,ElasticNet,0,0.129645,0.00298002,0.129645,0.252531,0.322378,0.783336
48,32,multiplicative,medium,MCMC-add,0,0.129645,0.00466611,0.129645,0.252531,0.208326,1.21219
48,32,multiplicative,medium,MCMC-comb,0,0.129645,0.0065784,0.122926,0.252531,0.712626,0.354366
48,32,combined,medium,OLS,0.0873031,0.129645,0.0468191,0.129645,3.98346,0.698764,5.70071
48,32,combined,medium,ISD-1,0.0873031,0.129645,0.0518515,0.129645,3.98346,1.10936,3.59076
48,32,combined,medium,ISD-3,0.0873031,0.129645,0.052756,0.129645,3.98346,1.08947,3.65634
48,32,combined,medium,ElasticNet,0.0873031,0.129645,0.0460341,0.129645,3.98346,0.694144,5.73866
48,32,combined,medium,MCMC-add,0.0873031,0.129645,0.0468034,0.129645,3.98346,0.386644,10.3026
48,32,combined,medium,MCMC-comb,0.0873031,0.129645,0.0475159,0.073258,3.98346,0.24116,16.5179
48,32,additive,high,OLS,0.174606,0,0.093942,0,17.1838,2.37043,7.24921
48,32,additive,high,ISD-1,0.174606,0,0.105031,0,17.1838,3.81757,4.50123
48,32,additive,high,ISD-3,0.174606,0,0.104816,0,17.1838,3.49634,4.91479
48,32,additive,high,ElasticNet,0.174606,0,0.0961053,0,17.1838,2.33202,7.36861
48,32,additive,high,MCMC-add,0.174606,0,0.0939254,0,17.1838,1.06974,16.0635
48,32,additive,high,MCMC-comb,0.174606,0,0.0938143,0.0416553,17.1838,0.762518,22.5356
48,32,multiplicative,high,OLS,0,0.259289,0.0053158,0.259289,0.378322,0.484515,0.780826
48,32,multiplicative,high,ISD-1,0,0.259289,0,0.259289,0.378322,0.378322,1
48,32,multiplicative,high,ISD-3,0,0.259289,0,0.259289,0.378322,0.378322,1
48,32,multiplicative,high,ElasticNet,0,0.259289,0,0.259289,0.378322,0.378322,1
48,32,multiplicative,high,MCMC-add,0,0.259289,0.00531688,0.259289,0.378322,0.470263,0.80449
48,32,multiplicative,high,MCMC-comb,0,0.259289,0.00750521,0.106782,0.378322,0.503075,0.752019
48,32,combined,high,OLS,0.174606,0.259289,0.0928606,0.259289,16.8852,3.10205,5.44323
48,32,combined,high,ISD-1,0.174606,0.259289,0.105083,0.259289,16.8852,4.54342,3.7164
48,32,combined,high,ISD-3,0.174606,0.259289,0.105535,0.259289,16.8852,4.24986,3.97311
48,32,combined,high,ElasticNet,0.174606,0.259289,0.0956298,0.259289,16.8852,3.07693,5.48766
48,32,combined,high,MCMC-add,0.174606,0.259289,0.0928443,0.259289,16.8852,0.837676,20.1571
48,32,combined,high,MCMC-comb,0.174606,0.259289,0.093678,0.0923147,16.8852,1.16296,14.5191
48,64,additive,low,OLS,0.0358076,0,0.0413426,0,1.46461,0.830444,1.76364
48,64,additive,low,ISD-1,0.0358076,0,0.0213213,0,1.46461,0.981325,1.49248
48,64,additive,low,ISD-3,0.0358076,0,0.0224193,0,1.46461,0.868295,1.68676
48,64,additive,low,ElasticNet,0.0358076,0,0.0390589,0,1.46461,0.785698,1.86408
48,64,additive,low,MCMC-add,0.0358076,0,0.0413658,0,1.46461,1.52573,0.959935
48,64,additive,low,MCMC-comb,0.0358076,0,0.0409945,0.0112545,1.46461,1.82826,0.801093
48,64,multiplicative,low,OLS,0,0.0514518,0.0228125,0.0514518,0.628247,0.693641,0.905724
48,64,multiplicative,low,ISD-1,0,0.0514518,0,0.0514518,0.628247,0.628247,1
48,64,multiplicative,low,ISD-3,0,0.0514518,0,0.0514518,0.628247,0.628247,1
48,64,multiplicative,low,ElasticNet,0,0.0514518,0.0203437,0.0514518,0.628247,0.747368,0.840613
48,64,multiplicative,low,MCMC-add,0,0.0514518,0.0228347,0.0514518,0.628247,0.395812,1.58723
48,64,multiplicative,low,MCMC-comb,0,0.0514518,0.0224336,0.00378301,0.628247,0.843279,0.745005
48,64,combined,low,OLS,0.0358076,0.0514518,0.0410514,0.0514518,1.04853,0.459478,2.28201
48,64,combined,low,ISD-1,0.0358076,0.0514518,0.0211047,0.0514518,1.04853,0.563978,1.85917
48,64,combined,low,ISD-3,0.0358076,0.0514518,0.0223023,0.0514518,1.04853,0.495094,2.11784
48,64,combined,low,ElasticNet,0.0358076,0.0514518,0.0392128,0.0514518,1.04853,0.32408,3.23541
48,64,combined,low,MCMC-add,0.0358076,0.0514518,0.0410744,0.0514518,1.04853,0.973466,1.07711
48,64,combined,low,MCMC-comb,0.0358076,0.0514518,0.0408721,0.00371353,1.04853,1.56794,0.668733
48,64,additive,medium,OLS,0.089519,0,0.0692477,0,7.19199,6.16165,1.16722
48,64,additive,medium,ISD-1,0.089519,0,0.0505109,0,7.19199,3.14059,2.29002
48,64,additive,medium,ISD-3,0.089519,0,0.0513572,0,7.19199,3.03983,2.36592
48,64,additive,medium,ElasticNet,0.089519,0,0.0662555,0,7.19199,5.58192,1.28844
48,64,additive,medium,MCMC-add,0.089519,0,0.0692714,0,7.19199,2.64392,2.7202
48,64,additive,medium,MCMC-comb,0.089519,0,0.0686086,0.0109256,7.19199,2.93282,2.45225
48,64,multiplicative,medium,OLS,0,0.128629,0.0225178,0.128629,1.23703,1.31417,0.941295
48,64,multiplicative,medium,ISD-1,0,0.128629,0,0.128629,1.23703,1.23703,1
48,64,multiplicative,medium,ISD-3,0,0.128629,0,0.128629,1.23703,1.23703,1
48,64,multiplicative,medium,ElasticNet,0,0.128629,0.0205755,0.128629,1.23703,1.32582,0.933027
48,64,multiplicative,medium,MCMC-add,0,0.128629,0.0225397,0.128629,1.23703,0.551261,2.24399
48,64,multiplicative,medium,MCMC-comb,0,0.128629,0.0221734,0.0195495,1.23703,0.751421,1.64625
48,64,combined,medium,OLS,0.089519,0.128629,0.0684297,0.128629,6.2701,2.19617,2.85502
48,64,combined,medium,ISD-1,0.089519,0.128629,0.0495227,0.128629,6.2701,2.88593,2.17265
48,64,combined,medium,ISD-3,0.089519,0.128629,0.0509144,0.128629,6.2701,2.6427,2.37261
48,64,combined,medium,ElasticNet,0.089519,0.128629,0.0669481,0.128629,6.2701,2.19823,2.85235
48,64,combined,medium,MCMC-add,0.089519,0.128629,0.0684532,0.128629,6.2701,1.2307,5.09473
48,64,combined,medium,MCMC-comb,0.089519,0.128629,0.0683866,0.0177416,6.2701,2.56688,2.44269
48,64,additive,high,OLS,0.179038,0,0.11686,0,26.6081,10.8087,2.46172
48,64,additive,high,ISD-1,0.179038,0,0.106435,0,26.6081,10.0523,2.64696
48,64,additive,high,ISD-3,0.179038,0,0.107736,0,26.6081,9.56968,2.78046
48,64,additive,high,ElasticNet,0.179038,0,0.111939,0,26.6081,10.6582,2.49649
48,64,additive,high,MCMC-add,0.179038,0,0.116884,0,26.6081,4.91469,5.41399
48,64,additive,high,MCMC-comb,0.179038,0,0.115418,0.0105911,26.6081,5.18292,5.13379
48,64,multiplicative,high,OLS,0,0.257259,0.022261,0.257259,1.64104,1.87042,0.877367
48,64,multiplicative,high,ISD-1,0,0.257259,0,0.257259,1.64104,1.64104,1
48,64,multiplicative,high,ISD-3,0,0.257259,0.00452184,0.257259,1.64104,1.73976,0.943258
48,64,multiplicative,high,ElasticNet,0,0.257259,0.0220482,0.257259,1.64104,1.85167,0.88625
48,64,multiplicative,high,MCMC-add,0,0.257259,0.0222824,0.257259,1.64104,0.972542,1.68738
48,64,multiplicative,high,MCMC-comb,0,0.257259,0.0223874,0.0886103,1.64104,2.37154,0.691973
48,64,combined,high,OLS,0.179038,0.257259,0.11411,0.257259,24.5589,11.1382,2.20492
48,64,combined,high,ISD-1,0.179038,0.257259,0.103536,0.257259,24.5589,11.4436,2.14608
48,64,combined,high,ISD-3,0.179038,0.257259,0.106366,0.257259,24.5589,10.9936,2.23394
48,64,combined,high,ElasticNet,0.179038,0.257259,0.109955,0.257259,24.5589,11.2048,2.19182
48,64,combined,high,MCMC-add,0.179038,0.257259,0.114134,0.257259,24.5589,3.47255,7.07228
48,64,combined,high,MCMC-comb,0.179038,0.257259,0.114,0.0884775,24.5589,7.23622,3.39388
48,128,additive,low,OLS,0.0362334,0,0.122514,0,0.811528,0.730443,1.11101
48,128,additive,low,ISD-1,0.0362334,0,0.0269849,0,0.811528,0.7858,1.03274
48,128,additive,low,ISD-3,0.0362334,0,0.0265958,0,0.811528,0.690536,1.17521
48,128,additive,low,ElasticNet,0.0362334,0,0.122358,0,0.811528,0.738918,1.09827
48,128,additive,low,MCMC-add,0.0362334,0,0.122539,0,0.811528,3.81861,0.212519
48,128,additive,low,MCMC-comb,0.0362334,0,0.123544,0.0484168,0.811528,5.54021,0.14648
48,128,multiplicative,low,OLS,0,0.0512429,0.101662,0.0512429,0.428018,0.515915,0.829629
48,128,multiplicative,low,ISD-1,0,0.0512429,0,0.0512429,0.428018,0.428018,1
48,128,multiplicative,low,ISD-3,0,0.0512429,0,0.0512429,0.428018,0.428018,1
48,128,multiplicative,low,ElasticNet,0,0.0512429,0.10155,0.0512429,0.428018,0.536262,0.79815
48,128,multiplicative,low,MCMC-add,0,0.0512429,0.101687,0.0512429,0.428018,2.65281,0.161345
48,128,multiplicative,low,MCMC-comb,0,0.0512429,0.101913,0.0411081,0.428018,4.6139,0.0927671
48,128,combined,low,OLS,0.0362334,0.0512429,0.119842,0.0512429,0.388689,0.263266,1.47641
48,128,combined,low,ISD-1,0.0362334,0.0512429,0.0240496,0.0512429,0.388689,0.265316,1.465
48,128,combined,low,ISD-3,0.0362334,0.0512429,0.0251613,0.0512429,0.388689,0.331609,1.17213
48,128,combined,low,ElasticNet,0.0362334,0.0512429,0.119705,0.0512429,0.388689,0.266288,1.45965
48,128,combined,low,MCMC-add,0.0362334,0.0512429,0.119867,0.0512429,0.388689,3.3211,0.117036
48,128,combined,low,MCMC-comb,0.0362334,0.0512429,0.119907,0.0440386,0.388689,5.40836,0.0718682
48,128,additive,medium,OLS,0.0905834,0,0.150179,0,3.19977,3.85677,0.829651
48,128,additive,medium,ISD-1,0.0905834,0,0.0572623,0,3.19977,2.30859,1.38603
48,128,additive,medium,ISD-3,0.0905834,0,0.0563815,0,3.19977,2.32608,1.37561
48,128,additive,medium,ElasticNet,0.0905834,0,0.149786,0,3.19977,3.77358,0.847941
48,128,additive,medium,MCMC-add,0.0905834,0,0.150204,0,3.19977,4.78046,0.669345
48,128,additive,medium,MCMC-comb,0.0905834,0,0.148366,0.0534433,3.19977,6.64426,0.481585
48,128,multiplicative,medium,OLS,0,0.128107,0.0981969,0.128107,1.00961,1.23912,0.814777
48,128,multiplicative,medium,ISD-1,0,0.128107,0.00858046,0.128107,1.00961,1.02943,0.980745
48,128,multiplicative,medium,ISD-3,0,0.128107,0.00620476,0.128107,1.00961,1.08462,0.930839
48,128,multiplicative,medium,ElasticNet,0,0.128107,0.0980871,0.128107,1.00961,1.23747,0.815864
48,128,multiplicative,medium,MCMC-add,0,0.128107,0.0982215,0.128107,1.00961,2.06467,0.488992
48,128,multiplicative,medium,MCMC-comb,0,0.128107,0.0987865,0.0429591,1.00961,4.51519,0.223602
48,128,combined,medium,OLS,0.0905834,0.128107,0.143582,0.128107,2.155,1.29343,1.66611
48,128,combined,medium,ISD-1,0.0905834,0.128107,0.055282,0.128107,2.155,1.687,1.27741
48,128,combined,medium,ISD-3,0.0905834,0.128107,0.0555629,0.128107,2.155,1.57223,1.37066
48,128,combined,medium,ElasticNet,0.0905834,0.128107,0.143243,0.128107,2.155,1.30048,1.65708
48,128,combined,medium,MCMC-add,0.0905834,0.128107,0.143607,0.128107,2.155,3.58911,0.600427
48,128,combined,medium,MCMC-comb,0.0905834,0.128107,0.143749,0.0499506,2.155,6.55434,0.328789
48,128,additive,high,OLS,0.181167,0,0.197044,0,10.1792,10.461,0.973063
48,128,additive,high,ISD-1,0.181167,0,0.113319,0,10.1792,6.20619,1.64017
48,128,additive,high,ISD-3,0.181167,0,0.111618,0,10.1792,5.9706,1.70489
48,128,additive,high,ElasticNet,0.181167,0,0.193906,0,10.1792,10.0927,1.00857
48,128,additive,high,MCMC-add,0.181167,0,0.197069,0,10.1792,6.87726,1.48012
48,128,additive,high,MCMC-comb,0.181167,0,0.195316,0.064139,10.1792,9.00666,1.13019
48,128,multiplicative,high,OLS,0,0.256214,0.0939039,0.256214,1.48948,2.31937,0.642192
48,128,multiplicative,high,ISD-1,0,0.256214,0.0227696,0.256214,1.48948,1.97913,0.752595
48,128,multiplicative,high,ISD-3,0,0.256214,0.022763,0.256214,1.48948,2.09654,0.710447
48,128,multiplicative,high,ElasticNet,0,0.256214,0.0937752,0.256214,1.48948,2.32611,0.64033
48,128,multiplicative,high,MCMC-add,0,0.256214,0.0939276,0.256214,1.48948,1.16426,1.27933
48,128,multiplicative,high,MCMC-comb,0,0.256214,0.0908911,0.0898338,1.48948,4.37618,0.340361
48,128,combined,high,OLS,0.181167,0.256214,0.182023,0.256214,7.48462,4.54148,1.64806
48,128,combined,high,ISD-1,0.181167,0.256214,0.103775,0.256214,7.48462,5.32641,1.40519
48,128,combined,high,ISD-3,0.181167,0.256214,0.101049,0.256214,7.48462,4.86001,1.54004
48,128,combined,high,ElasticNet,0.181167,0.256214,0.178779,0.256214,7.48462,4.54583,1.64648
48,128,combined,high,MCMC-add,0.181167,0.256214,0.182047,0.256214,7.48462,4.3355,1.72636
48,128,combined,high,MCMC-comb,0.181167,0.256214,0.181555,0.097194,7.48462,9.08775,0.823594
49,32,additive,low,OLS,0.040717,0,0.0101702,0,0.240948,0.10573,2.2789
49,32,additive,low,ISD-1,0.040717,0,0.0254618,0,0.240948,0.0962022,2.5046
49,32,additive,low,ISD-3,0.040717,0,0.0249766,0,0.240948,0.195652,1.23151
49,32,additive,low,ElasticNet,0.040717,0,0.0102536,0,0.240948,0.121344,1.98566
49,32,additive,low,MCMC-add,0.040717,0,0.0101818,0,0.240948,0.145868,1.65183
49,32,additive,low,MCMC-comb,0.040717,0,0.0101513,0.00569309,0.240948,0.136101,1.77037
49,32,multiplicative,low,OLS,0,0.0408059,0.010131,0.0408059,0.141377,0.201935,0.700111
49,32,multiplicative,low,ISD-1,0,0.0408059,0,0.0408059,0.141377,0.141377,1
49,32,multiplicative,low,ISD-3,0,0.0408059,0.00102253,0.0408059,0.141377,0.24041,0.588068
49,32,multiplicative,low,ElasticNet,0,0.0408059,0,0.0408059,0.141377,0.141377,1
49,32,multiplicative,low,MCMC-add,0,0.0408059,0.0101143,0.0408059,0.141377,0.170513,0.829131
49,32,multiplicative,low,MCMC-comb,0,0.0408059,0.0101914,0.013529,0.141377,0.124801,1.13282
49,32,combined,low,OLS,0.040717,0.0408059,0.0101266,0.0408059,0.182687,0.191986,0.951564
49,32,combined,low,ISD-1,0.040717,0.0408059,0.0254127,0.0408059,0.182687,0.17762,1.02853
49,32,combined,low,ISD-3,0.040717,0.0408059,0.024863,0.0408059,0.182687,0.267597,0.682693
49,32,combined,low,ElasticNet,0.040717,0.0408059,0.010209,0.0408059,0.182687,0.195531,0.934313
49,32,combined,low,MCMC-add,0.040717,0.0408059,0.0101383,0.0408059,0.182687,0.202964,0.900095
49,32,combined,low,MCMC-comb,0.040717,0.0408059,0.00999751,0.00551898,0.182687,0.111435,1.6394
49,32,additive,medium,OLS,0.101793,0,0.0366015,0,1.67958,0.120935,13.8883
49,32,additive,medium,ISD-1,0.101793,0,0.0541667,0,1.67958,0.16963,9.90142
49,32,additive,medium,ISD-3,0.101793,0,0.0562848,0,1.67958,0.142008,11.8274
49,32,additive,medium,ElasticNet,0.101793,0,0.0368357,0,1.67958,0.106451,15.778
49,32,additive,medium,MCMC-add,0.101793,0,0.0366163,0,1.67958,0.212047,7.9208
49,32,additive,medium,MCMC-comb,0.101793,0,0.0364316,0.0213351,1.67958,0.165899,10.1241
49,32,multiplicative,medium,OLS,0,0.102015,0.0103096,0.102015,0.28044,0.257548,1.08889
49,32,multiplicative,medium,ISD-1,0,0.102015,0,0.102015,0.28044,0.28044,1
49,32,multiplicative,medium,ISD-3,0,0.102015,0.00122136,0.102015,0.28044,0.319204,0.878561
49,32,multiplicative,medium,ElasticNet,0,0.102015,0,0.102015,0.28044,0.28044,1
49,32,multiplicative,medium,MCMC-add,0,0.102015,0.0102936,0.102015,0.28044,0.22148,1.26621
49,32,multiplicative,medium,MCMC-comb,0,0.102015,0.00993929,0.0165898,0.28044,0.130381,2.15092
49,32,combined,medium,OLS,0.101793,0.102015,0.0364034,0.102015,1.57525,0.213949,7.36271
49,32,combined,medium,ISD-1,0.101793,0.102015,0.0541119,0.102015,1.57525,0.205764,7.6556
49,32,combined,medium,ISD-3,0.101793,0.102015,0.0560176,0.102015,1.57525,0.228431,6.89593
49,32,combined,medium,ElasticNet,0.101793,0.102015,0.0366377,0.102015,1.57525,0.192245,8.19394
49,32,combined,medium,MCMC-add,0.101793,0.102015,0.0364182,0.102015,1.57525,0.452381,3.48212
49,32,combined,medium,MCMC-comb,0.101793,0.102015,0.0361281,0.0151021,1.57525,0.196056,8.03466
49,32,additive,high,OLS,0.203585,0,0.0825293,0,7.0008,0.255386,27.4126
49,32,additive,high,ISD-1,0.203585,0,0.104458,0,7.0008,1.05529,6.63398
49,32,additive,high,ISD-3,0.203585,0,0.102075,0,7.0008,0.91993,7.61014
49,32,additive,high,ElasticNet,0.203585,0,0.0830092,0,7.0008,0.257622,27.1747
49,32,additive,high,MCMC-add,0.203585,0,0.082544,0,7.0008,0.279919,25.0101
49,32,additive,high,MCMC-comb,0.203585,0,0.083146,0.103969,7.0008,0.321446,21.7791
49,32,multiplicative,high,OLS,0,0.20403,0.010686,0.20403,0.304553,0.290363,1.04887
49,32,multiplicative,high,ISD-1,0,0.20403,0,0.20403,0.304553,0.304553,1
49,32,multiplicative,high,ISD-3,0,0.20403,0.00155956,0.20403,0.304553,0.3038,1.00248
49,32,multiplicative,high,ElasticNet,0,0.20403,0,0.20403,0.304553,0.304553,1
49,32,multiplicative,high,MCMC-add,0,0.20403,0.0106712,0.20403,0.304553,0.241977,1.2586
49,32,multiplicative,high,MCMC-comb,0,0.20403,0.00973789,0.0222569,0.304553,0.145846,2.08818
49,32,combined,high,OLS,0.203585,0.20403,0.0819857,0.20403,6.77972,0.246123,27.5461
49,32,combined,high,ISD-1,0.203585,0.20403,0.0971709,0.20403,6.77972,0.382843,17.7088
49,32,combined,high,ISD-3,0.203585,0.20403,0.110846,0.20403,6.77972,0.237786,28.5118
49,32,combined,high,ElasticNet,0.203585,0.20403,0.0824703,0.20403,6.77972,0.232975,29.1006
49,32,combined,high,MCMC-add,0.203585,0.20403,0.0820003,0.20403,6.77972,0.564112,12.0184
49,32,combined,high,MCMC-comb,0.203585,0.20403,0.0803809,0.050908,6.77972,0.139619,48.5586
49,64,additive,low,OLS,0.0416557,0,0.00629658,0,0.305761,0.394349,0.775357
49,64,additive,low,ISD-1,0.0416557,0,0.0266118,0,0.305761,0.31872,0.95934
49,64,additive,low,ISD-3,0.0416557,0,0.0263924,0,0.305761,0.307947,0.992901
49,64,additive,low,ElasticNet,0.0416557,0,0.00621986,0,0.305761,0.392758,0.778496
49,64,additive,low,MCMC-add,0.0416557,0,0.00630991,0,0.305761,0.146691,2.08438
49,64,additive,low,MCMC-comb,0.0416557,0,0.00660725,0.0303382,0.305761,0.599924,0.509666
49,64,multiplicative,low,OLS,0,0.0413661,0.0235349,0.0413661,0.422698,0.445802,0.948174
49,64,multiplicative,low,ISD-1,0,0.0413661,0,0.0413661,0.422698,0.422698,1
49,64,multiplicative,low,ISD-3,0,0.0413661,0,0.0413661,0.422698,0.422698,1
49,64,multiplicative,low,ElasticNet,0,0.0413661,0.019309,0.0413661,0.422698,0.478476,0.883426
49,64,multiplicative,low,MCMC-add,0,0.0413661,0.0235566,0.0413661,0.422698,0.239095,1.76791
49,64,multiplicative,low,MCMC-comb,0,0.0413661,0.0240074,0.0298567,0.422698,0.119299,3.5432
49,64,combined,low,OLS,0.0416557,0.0413661,0.00643696,0.0413661,0.612265,0.842878,0.726398
49,64,combined,low,ISD-1,0.0416557,0.0413661,0.0284476,0.0413661,0.612265,0.845454,0.724185
49,64,combined,low,ISD-3,0.0416557,0.0413661,0.0262697,0.0413661,0.612265,0.834703,0.733513
49,64,combined,low,ElasticNet,0.0416557,0.0413661,0.00636411,0.0413661,0.612265,0.818775,0.747782
49,64,combined,low,MCMC-add,0.0416557,0.0413661,0.00644886,0.0413661,0.612265,0.333168,1.8377
49,64,combined,low,MCMC-comb,0.0416557,0.0413661,0.0064407,0.0418489,0.612265,0.792753,0.772328
49,64,additive,medium,OLS,0.104139,0,0.0233233,0,1.74077,0.451076,3.85916
49,64,additive,medium,ISD-1,0.104139,0,0.0560794,0,1.74077,0.387273,4.49495
49,64,additive,medium,ISD-3,0.104139,0,0.056214,0,1.74077,0.428149,4.06581
49,64,additive,medium,ElasticNet,0.104139,0,0.0235744,0,1.74077,0.459353,3.78962
49,64,additive,medium,MCMC-add,0.104139,0,0.0232985,0,1.74077,0.452634,3.84587
49,64,additive,medium,MCMC-comb,0.104139,0,0.0235796,0.0347139,1.74077,1.20034,1.45024
49,64,multiplicative,medium,OLS,0,0.103415,0.0234132,0.103415,0.900257,0.942494,0.955186
49,64,multiplicative,medium,ISD-1,0,0.103415,0,0.103415,0.900257,0.900257,1
49,64,multiplicative,medium,ISD-3,0,0.103415,0,0.103415,0.900257,0.900257,1
49,64,multiplicative,medium,ElasticNet,0,0.103415,0.0165077,0.103415,0.900257,0.95109,0.946553
49,64,multiplicative,medium,MCMC-add,0,0.103415,0.0234345,0.103415,0.900257,0.415934,2.16442
49,64,multiplicative,medium,MCMC-comb,0,0.103415,0.0240235,0.0282041,0.900257,0.111603,8.06663
49,64,combined,medium,OLS,0.104139,0.103415,0.0244271,0.103415,1.389,1.68009,0.826744
49,64,combined,medium,ISD-1,0.104139,0.103415,0.0565419,0.103415,1.389,1.63762,0.848182
49,64,combined,medium,ISD-3,0.104139,0.103415,0.0588226,0.103415,1.389,1.6985,0.817781
49,64,combined,medium,ElasticNet,0.104139,0.103415,0.02468,0.103415,1.389,1.69929,0.817399
49,64,combined,medium,MCMC-add,0.104139,0.103415,0.0244028,0.103415,1.389,1.32758,1.04626
49,64,combined,medium,MCMC-comb,0.104139,0.103415,0.0236087,0.0466736,1.389,1.40437,0.989054
49,64,additive,high,OLS,0.208279,0,0.0712658,0,8.09582,0.597358,13.5527
49,64,additive,high,ISD-1,0.208279,0,0.106825,0,8.09582,0.88389,9.15931
49,64,additive,high,ISD-3,0.208279,0,0.106448,0,8.09582,0.777515,10.4124
49,64,additive,high,ElasticNet,0.208279,0,0.0726344,0,8.09582,0.570727,14.1851
49,64,additive,high,MCMC-add,0.208279,0,0.0712417,0,8.09582,1.1571,6.99662
49,64,additive,high,MCMC-comb,0.208279,0,0.0727848,0.0372583,8.09582,1.94993,4.15185
49,64,multiplicative,high,OLS,0,0.20683,0.0235178,0.20683,1.3281,1.44933,0.916348
49,64,multiplicative,high,ISD-1,0,0.20683,0,0.20683,1.3281,1.3281,1
49,64,multiplicative,high,ISD-3,0,0.20683,0,0.20683,1.3281,1.3281,1
49,64,multiplicative,high,ElasticNet,0,0.20683,0.0191464,0.20683,1.3281,1.40468,0.945478
49,64,multiplicative,high,MCMC-add,0,0.20683,0.0235381,0.20683,1.3281,0.896083,1.48211
49,64,multiplicative,high,MCMC-comb,0,0.20683,0.0226199,0.0316617,1.3281,0.163905,8.10281
49,64,combined,high,OLS,0.208279,0.20683,0.0739709,0.20683,6.97103,9.53941,0.730761
49,64,combined,high,ISD-1,0.208279,0.20683,0.106249,0.20683,6.97103,2.77633,2.51088
49,64,combined,high,ISD-3,0.208279,0.20683,0.112217,0.20683,6.97103,2.85629,2.44059
49,64,combined,high,ElasticNet,0.208279,0.20683,0.0757861,0.20683,6.97103,9.58246,0.727477
49,64,combined,high,MCMC-add,0.208279,0.20683,0.0739474,0.20683,6.97103,2.73281,2.55087
49,64,combined,high,MCMC-comb,0.208279,0.20683,0.0711881,0.0364948,6.97103,1.98643,3.50933
49,128,additive,low,OLS,0.0419167,0,0.0897388,0,0.502451,0.456359,1.101
49,128,additive,low,ISD-1,0.0419167,0,0.0286834,0,0.502451,0.555111,0.905136
49,128,additive,low,ISD-3,0.0419167,0,0.0288933,0,0.502451,0.50877,0.987581
49,128,additive,low,ElasticNet,0.0419167,0,0.0896133,0,0.502451,0.463038,1.08512
49,128,additive,low,MCMC-add,0.0419167,0,0.0897636,0,0.502451,3.02757,0.165959
49,128,additive,low,MCMC-comb,0.0419167,0,0.0918619,0.0333403,0.502451,2.02448,0.248187
49,128,multiplicative,low,OLS,0,0.0416683,0.10957,0.0416683,0.569375,0.534096,1.06605
49,128,multiplicative,low,ISD-1,0,0.0416683,0,0.0416683,0.569375,0.569375,1
49,128,multiplicative,low,ISD-3,0,0.0416683,0,0.0416683,0.569375,0.569375,1
49,128,multiplicative,low,ElasticNet,0,0.0416683,0.106401,0.0416683,0.569375,0.581926,0.978432
49,128,multiplicative,low,MCMC-add,0,0.0416683,0.109595,0.0416683,0.569375,3.03783,0.187428
49,128,multiplicative,low,MCMC-comb,0,0.0416683,0.111313,0.0292315,0.569375,2.67865,0.21256
49,128,combined,low,OLS,0.0419167,0.0416683,0.0900066,0.0416683,0.979461,1.10759,0.884315
49,128,combined,low,ISD-1,0.0419167,0.0416683,0.0273194,0.0416683,0.979461,1.18767,0.824692
49,128,combined,low,ISD-3,0.0419167,0.0416683,0.0276176,0.0416683,0.979461,1.15552,0.847639
49,128,combined,low,ElasticNet,0.0419167,0.0416683,0.0898807,0.0416683,0.979461,1.10414,0.887078
49,128,combined,low,MCMC-add,0.0419167,0.0416683,0.0900313,0.0416683,0.979461,2.48031,0.394894
49,128,combined,low,MCMC-comb,0.0419167,0.0416683,0.0900941,0.0157421,0.979461,2.62155,0.373619
49,128,additive,medium,OLS,0.104792,0,0.0610391,0,1.22652,0.591676,2.07296
49,128,additive,medium,ISD-1,0.104792,0,0.0617774,0,1.22652,0.970732,1.2635
49,128,additive,medium,ISD-3,0.104792,0,0.0616051,0,1.22652,0.974967,1.25801
49,128,additive,medium,ElasticNet,0.104792,0,0.0608032,0,1.22652,0.595389,2.06003
49,128,additive,medium,MCMC-add,0.104792,0,0.0610622,0,1.22652,2.21346,0.554118
49,128,additive,medium,MCMC-comb,0.104792,0,0.0612571,0.0436207,1.22652,0.967328,1.26795
49,128,multiplicative,medium,OLS,0,0.104171,0.110436,0.104171,1.2319,1.42108,0.866882
49,128,multiplicative,medium,ISD-1,0,0.104171,0.00726892,0.104171,1.2319,1.27997,0.962447
49,128,multiplicative,medium,ISD-3,0,0.104171,0.00786632,0.104171,1.2319,1.35644,0.908192
49,128,multiplicative,medium,ElasticNet,0,0.104171,0.107235,0.104171,1.2319,1.41155,0.872729
49,128,multiplicative,medium,MCMC-add,0,0.104171,0.110461,0.104171,1.2319,2.2861,0.538868
49,128,multiplicative,medium,MCMC-comb,0,0.104171,0.110829,0.0201162,1.2319,3.28973,0.37447
49,128,combined,medium,OLS,0.104792,0.104171,0.0630737,0.104171,2.07458,2.72039,0.762603
49,128,combined,medium,ISD-1,0.104792,0.104171,0.0596073,0.104171,2.07458,2.88232,0.719761
49,128,combined,medium,ISD-3,0.104792,0.104171,0.0589028,0.104171,2.07458,2.90745,0.713539
49,128,combined,medium,ElasticNet,0.104792,0.104171,0.0623929,0.104171,2.07458,2.68708,0.772058
49,128,combined,medium,MCMC-add,0.104792,0.104171,0.063096,0.104171,2.07458,0.71053,2.91976
49,128,combined,medium,MCMC-comb,0.104792,0.104171,0.0638276,0.04377,2.07458,0.718059,2.88915
49,128,additive,high,OLS,0.209584,0,0.0313976,0,4.3696,0.895583,4.87905
49,128,additive,high,ISD-1,0.209584,0,0.118447,0,4.3696,0.977047,4.47225
49,128,additive,high,ISD-3,0.209584,0,0.12527,0,4.3696,0.933088,4.68294
49,128,additive,high,ElasticNet,0.209584,0,0.0314023,0,4.3696,0.873585,5.00191
49,128,additive,high,MCMC-add,0.209584,0,0.0313978,0,4.3696,0.85794,5.09313
49,128,additive,high,MCMC-comb,0.209584,0,0.0370148,0.0597165,4.3696,0.737823,5.92228
49,128,multiplicative,high,OLS,0,0.208342,0.113432,0.208342,1.93771,2.73725,0.707903
49,128,multiplicative,high,ISD-1,0,0.208342,0.0185548,0.208342,1.93771,2.49964,0.775194
49,128,multiplicative,high,ISD-3,0,0.208342,0.0184497,0.208342,1.93771,2.50915,0.772256
49,128,multiplicative,high,ElasticNet,0,0.208342,0.113281,0.208342,1.93771,2.74353,0.706283
49,128,multiplicative,high,MCMC-add,0,0.208342,0.113457,0.208342,1.93771,1.04957,1.84619
49,128,multiplicative,high,MCMC-comb,0,0.208342,0.11241,0.0405947,1.93771,2.57594,0.752235
49,128,combined,high,OLS,0.209584,0.208342,0.046771,0.208342,4.98039,6.54322,0.761153
49,128,combined,high,ISD-1,0.209584,0.208342,0.109402,0.208342,4.98039,5.56579,0.894821
49,128,combined,high,ISD-3,0.209584,0.208342,0.114836,0.208342,4.98039,5.52542,0.901359
49,128,combined,high,ElasticNet,0.209584,0.208342,0.0466983,0.208342,4.98039,6.64922,0.749019
49,128,combined,high,MCMC-add,0.209584,0.208342,0.0467717,0.208342,4.98039,1.89439,2.62902
49,128,combined,high,MCMC-comb,0.209584,0.208342,0.0377185,0.066595,4.98039,1.54195,3.22993
